/* SPDX-License-Identifier: (LGPL-2.1 OR BSD-2-Clause) */

/* THIS FILE IS AUTOGENERATED BY BPFTOOL! */
/*
 * Generated by ebpf/gen-skel.sh from bpf/ngx_ebpf.bpf.c and ngx_ebpf.h.
 * Do not edit; rerun the script after changing either file.
 * inputs-sha256: 7033bc9899c786f6a3f3c6d32d716fcf51bf073f34a0a09b28095d181d002057
 */
#ifndef __NGX_EBPF_SKEL_H__
#define __NGX_EBPF_SKEL_H__

#include <errno.h>
#include <stdlib.h>
#include <bpf/libbpf.h>

struct ngx_ebpf {
	struct bpf_object_skeleton *skeleton;
	struct bpf_object *obj;
	struct {
		struct bpf_map *synack_conn;
		struct bpf_map *synack_expect;
		struct bpf_map *synack_scratch;
		struct bpf_map *synack_capture;
		struct bpf_map *synack_stats;
	} maps;
	struct {
		struct bpf_program *synack_out;
		struct bpf_program *synack_in;
	} progs;
	struct {
		struct bpf_link *synack_out;
		struct bpf_link *synack_in;
	} links;

#ifdef __cplusplus
	static inline struct ngx_ebpf *open(const struct bpf_object_open_opts *opts = nullptr);
	static inline struct ngx_ebpf *open_and_load();
	static inline int load(struct ngx_ebpf *skel);
	static inline int attach(struct ngx_ebpf *skel);
	static inline void detach(struct ngx_ebpf *skel);
	static inline void destroy(struct ngx_ebpf *skel);
	static inline const void *elf_bytes(size_t *sz);
#endif /* __cplusplus */
};

static void
ngx_ebpf__destroy(struct ngx_ebpf *obj)
{
	if (!obj)
		return;
	if (obj->skeleton)
		bpf_object__destroy_skeleton(obj->skeleton);
	free(obj);
}

static inline int
ngx_ebpf__create_skeleton(struct ngx_ebpf *obj);

static inline struct ngx_ebpf *
ngx_ebpf__open_opts(const struct bpf_object_open_opts *opts)
{
	struct ngx_ebpf *obj;
	int err;

	obj = (struct ngx_ebpf *)calloc(1, sizeof(*obj));
	if (!obj) {
		errno = ENOMEM;
		return NULL;
	}

	err = ngx_ebpf__create_skeleton(obj);
	if (err)
		goto err_out;

	err = bpf_object__open_skeleton(obj->skeleton, opts);
	if (err)
		goto err_out;

	return obj;
err_out:
	ngx_ebpf__destroy(obj);
	errno = -err;
	return NULL;
}

static inline struct ngx_ebpf *
ngx_ebpf__open(void)
{
	return ngx_ebpf__open_opts(NULL);
}

static inline int
ngx_ebpf__load(struct ngx_ebpf *obj)
{
	return bpf_object__load_skeleton(obj->skeleton);
}

static inline struct ngx_ebpf *
ngx_ebpf__open_and_load(void)
{
	struct ngx_ebpf *obj;
	int err;

	obj = ngx_ebpf__open();
	if (!obj)
		return NULL;
	err = ngx_ebpf__load(obj);
	if (err) {
		ngx_ebpf__destroy(obj);
		errno = -err;
		return NULL;
	}
	return obj;
}

static inline int
ngx_ebpf__attach(struct ngx_ebpf *obj)
{
	return bpf_object__attach_skeleton(obj->skeleton);
}

static inline void
ngx_ebpf__detach(struct ngx_ebpf *obj)
{
	bpf_object__detach_skeleton(obj->skeleton);
}

static inline const void *ngx_ebpf__elf_bytes(size_t *sz);

static inline int
ngx_ebpf__create_skeleton(struct ngx_ebpf *obj)
{
	struct bpf_object_skeleton *s;
	int err;

	s = (struct bpf_object_skeleton *)calloc(1, sizeof(*s));
	if (!s)	{
		err = -ENOMEM;
		goto err;
	}

	s->sz = sizeof(*s);
	s->name = "ngx_ebpf";
	s->obj = &obj->obj;

	/* maps */
	s->map_cnt = 5;
	s->map_skel_sz = sizeof(*s->maps);
	s->maps = (struct bpf_map_skeleton *)calloc(s->map_cnt, s->map_skel_sz);
	if (!s->maps) {
		err = -ENOMEM;
		goto err;
	}

	s->maps[0].name = "synack_conn";
	s->maps[0].map = &obj->maps.synack_conn;

	s->maps[1].name = "synack_expect";
	s->maps[1].map = &obj->maps.synack_expect;

	s->maps[2].name = "synack_scratch";
	s->maps[2].map = &obj->maps.synack_scratch;

	s->maps[3].name = "synack_capture";
	s->maps[3].map = &obj->maps.synack_capture;

	s->maps[4].name = "synack_stats";
	s->maps[4].map = &obj->maps.synack_stats;

	/* programs */
	s->prog_cnt = 2;
	s->prog_skel_sz = sizeof(*s->progs);
	s->progs = (struct bpf_prog_skeleton *)calloc(s->prog_cnt, s->prog_skel_sz);
	if (!s->progs) {
		err = -ENOMEM;
		goto err;
	}

	s->progs[0].name = "synack_out";
	s->progs[0].prog = &obj->progs.synack_out;
	s->progs[0].link = &obj->links.synack_out;

	s->progs[1].name = "synack_in";
	s->progs[1].prog = &obj->progs.synack_in;
	s->progs[1].link = &obj->links.synack_in;

	s->data = ngx_ebpf__elf_bytes(&s->data_sz);

	obj->skeleton = s;
	return 0;
err:
	bpf_object__destroy_skeleton(s);
	return err;
}

static inline const void *ngx_ebpf__elf_bytes(size_t *sz)
{
	static const char data[] __attribute__((__aligned__(8))) = "\
\x7f\x45\x4c\x46\x02\x01\x01\0\0\0\0\0\0\0\0\0\x01\0\xf7\0\x01\0\0\0\0\0\0\0\0\
\0\0\0\0\0\0\0\0\0\0\0\x60\x61\x01\0\0\0\0\0\0\0\0\0\x40\0\0\0\0\0\x40\0\x09\0\
\x01\0\0\x2e\x73\x74\x72\x74\x61\x62\0\x2e\x73\x79\x6d\x74\x61\x62\0\x6e\x65\
\x74\x66\x69\x6c\x74\x65\x72\0\x2e\x6d\x61\x70\x73\0\x6c\x69\x63\x65\x6e\x73\
\x65\0\x6e\x67\x78\x5f\x65\x62\x70\x66\x2e\x62\x70\x66\x2e\x63\0\x4c\x42\x42\
\x30\x5f\x32\0\x4c\x42\x42\x30\x5f\x31\x32\x38\0\x4c\x42\x42\x30\x5f\x34\0\x4c\
\x42\x42\x30\x5f\x34\x35\0\x4c\x42\x42\x30\x5f\x31\x38\0\x4c\x42\x42\x30\x5f\
\x33\x36\0\x4c\x42\x42\x30\x5f\x32\x33\0\x4c\x42\x42\x30\x5f\x33\x31\0\x4c\x42\
\x42\x30\x5f\x33\x33\0\x4c\x42\x42\x30\x5f\x33\x35\0\x4c\x42\x42\x30\x5f\x34\
\x36\0\x4c\x42\x42\x30\x5f\x33\x30\0\x4c\x42\x42\x30\x5f\x34\x39\0\x4c\x42\x42\
\x30\x5f\x35\x30\0\x4c\x42\x42\x30\x5f\x38\x39\0\x4c\x42\x42\x30\x5f\x37\x31\0\
\x4c\x42\x42\x30\x5f\x35\x34\0\x4c\x42\x42\x30\x5f\x35\x33\0\x4c\x42\x42\x30\
\x5f\x35\x39\0\x4c\x42\x42\x30\x5f\x36\x33\0\x4c\x42\x42\x30\x5f\x36\x32\0\x4c\
\x42\x42\x30\x5f\x36\x38\0\x4c\x42\x42\x30\x5f\x37\x30\0\x4c\x42\x42\x30\x5f\
\x31\x31\x30\0\x4c\x42\x42\x30\x5f\x39\x33\0\x4c\x42\x42\x30\x5f\x39\x32\0\x4c\
\x42\x42\x30\x5f\x39\x38\0\x4c\x42\x42\x30\x5f\x37\x36\0\x4c\x42\x42\x30\x5f\
\x38\x31\0\x4c\x42\x42\x30\x5f\x38\x30\0\x4c\x42\x42\x30\x5f\x38\x34\0\x4c\x42\
\x42\x30\x5f\x31\x30\x32\0\x4c\x42\x42\x30\x5f\x31\x30\x31\0\x4c\x42\x42\x30\
\x5f\x31\x30\x37\0\x4c\x42\x42\x30\x5f\x31\x30\x39\0\x4c\x42\x42\x30\x5f\x31\
\x31\x35\0\x4c\x42\x42\x30\x5f\x31\x32\x30\0\x4c\x42\x42\x30\x5f\x31\x31\x39\0\
\x4c\x42\x42\x30\x5f\x31\x32\x33\0\x4c\x42\x42\x31\x5f\x33\x38\0\x4c\x42\x42\
\x31\x5f\x31\x31\0\x4c\x42\x42\x31\x5f\x32\x39\0\x4c\x42\x42\x31\x5f\x31\x36\0\
\x4c\x42\x42\x31\x5f\x32\x34\0\x4c\x42\x42\x31\x5f\x32\x36\0\x4c\x42\x42\x31\
\x5f\x32\x38\0\x4c\x42\x42\x31\x5f\x33\x39\0\x4c\x42\x42\x31\x5f\x36\x38\0\x4c\
\x42\x42\x31\x5f\x32\x33\0\x4c\x42\x42\x31\x5f\x34\x39\0\x4c\x42\x42\x31\x5f\
\x35\x32\0\x4c\x42\x42\x31\x5f\x35\x33\0\x4c\x42\x42\x31\x5f\x35\x36\0\x4c\x42\
\x42\x31\x5f\x36\x37\0\x4c\x42\x42\x31\x5f\x36\x36\0\x4c\x42\x42\x31\x5f\x36\
\x31\0\x73\x79\x6e\x61\x63\x6b\x5f\x6f\x75\x74\0\x73\x79\x6e\x61\x63\x6b\x5f\
\x63\x6f\x6e\x6e\0\x73\x79\x6e\x61\x63\x6b\x5f\x73\x74\x61\x74\x73\0\x73\x79\
\x6e\x61\x63\x6b\x5f\x65\x78\x70\x65\x63\x74\0\x73\x79\x6e\x61\x63\x6b\x5f\x69\
\x6e\0\x73\x79\x6e\x61\x63\x6b\x5f\x73\x63\x72\x61\x74\x63\x68\0\x73\x79\x6e\
\x61\x63\x6b\x5f\x63\x61\x70\x74\x75\x72\x65\0\x4c\x49\x43\x45\x4e\x53\x45\0\
\x2e\x72\x65\x6c\x6e\x65\x74\x66\x69\x6c\x74\x65\x72\0\x2e\x42\x54\x46\0\x2e\
\x42\x54\x46\x2e\x65\x78\x74\0\0\0\0\0\0\0\0\0\0\0\0\0\0\0\0\0\0\0\0\0\0\0\0\0\
\0\0\x29\0\0\0\x04\0\xf1\xff\0\0\0\0\0\0\0\0\0\0\0\0\0\0\0\0\0\0\0\0\x03\0\x03\
\0\0\0\0\0\0\0\0\0\0\0\0\0\0\0\0\0\x38\0\0\0\0\0\x03\0\xc0\0\0\0\0\0\0\0\0\0\0\
\0\0\0\0\0\x3f\0\0\0\0\0\x03\0\x28\x24\0\0\0\0\0\0\0\0\0\0\0\0\0\0\x48\0\0\0\0\
\0\x03\0\xd8\0\0\0\0\0\0\0\0\0\0\0\0\0\0\0\x4f\0\0\0\0\0\x03\0\x88\x09\0\0\0\0\
\0\0\0\0\0\0\0\0\0\0\x57\0\0\0\0\0\x03\0\x98\x03\0\0\0\0\0\0\0\0\0\0\0\0\0\0\
\x5f\0\0\0\0\0\x03\0\xa8\x08\0\0\0\0\0\0\0\0\0\0\0\0\0\0\x67\0\0\0\0\0\x03\0\
\x90\x09\0\0\0\0\0\0\0\0\0\0\0\0\0\0\x6f\0\0\0\0\0\x03\0\x18\x08\0\0\0\0\0\0\0\
\0\0\0\0\0\0\0\x77\0\0\0\0\0\x03\0\x40\x08\0\0\0\0\0\0\0\0\0\0\0\0\0\0\x7f\0\0\
\0\0\0\x03\0\x90\x08\0\0\0\0\0\0\0\0\0\0\0\0\0\0\x87\0\0\0\0\0\x03\0\x70\x0a\0\
\0\0\0\0\0\0\0\0\0\0\0\0\0\x8f\0\0\0\0\0\x03\0\x58\x0a\0\0\0\0\0\0\0\0\0\0\0\0\
\0\0\x97\0\0\0\0\0\x03\0\x58\x0c\0\0\0\0\0\0\0\0\0\0\0\0\0\0\x9f\0\0\0\0\0\x03\
\0\xc8\x0c\0\0\0\0\0\0\0\0\0\0\0\0\0\0\xa7\0\0\0\0\0\x03\0\x08\x17\0\0\0\0\0\0\
\0\0\0\0\0\0\0\0\xaf\0\0\0\0\0\x03\0\x30\x18\0\0\0\0\0\0\0\0\0\0\0\0\0\0\xb7\0\
\0\0\0\0\x03\0\x90\x0e\0\0\0\0\0\0\0\0\0\0\0\0\0\0\xbf\0\0\0\0\0\x03\0\x80\x0e\
\0\0\0\0\0\0\0\0\0\0\0\0\0\0\xc7\0\0\0\0\0\x03\0\x20\x12\0\0\0\0\0\0\0\0\0\0\0\
\0\0\0\xcf\0\0\0\0\0\x03\0\x18\x13\0\0\0\0\0\0\0\0\0\0\0\0\0\0\xd7\0\0\0\0\0\
\x03\0\x08\x13\0\0\0\0\0\0\0\0\0\0\0\0\0\0\xdf\0\0\0\0\0\x03\0\xa8\x16\0\0\0\0\
\0\0\0\0\0\0\0\0\0\0\xe7\0\0\0\0\0\x03\0\xf8\x16\0\0\0\0\0\0\0\0\0\0\0\0\0\0\
\xef\0\0\0\0\0\x03\0\x38\x24\0\0\0\0\0\0\0\0\0\0\0\0\0\0\xf8\0\0\0\0\0\x03\0\
\xb0\x1b\0\0\0\0\0\0\0\0\0\0\0\0\0\0\0\x01\0\0\0\0\x03\0\x20\x18\0\0\0\0\0\0\0\
\0\0\0\0\0\0\0\x08\x01\0\0\0\0\x03\0\x40\x1f\0\0\0\0\0\0\0\0\0\0\0\0\0\0\x10\
\x01\0\0\0\0\x03\0\x30\x19\0\0\0\0\0\0\0\0\0\0\0\0\0\0\x18\x01\0\0\0\0\x03\0\
\xe8\x19\0\0\0\0\0\0\0\0\0\0\0\0\0\0\x20\x01\0\0\0\0\x03\0\xd0\x19\0\0\0\0\0\0\
\0\0\0\0\0\0\0\0\x28\x01\0\0\0\0\x03\0\x18\x1b\0\0\0\0\0\0\0\0\0\0\0\0\0\0\x30\
\x01\0\0\0\0\x03\0\x38\x20\0\0\0\0\0\0\0\0\0\0\0\0\0\0\x39\x01\0\0\0\0\x03\0\
\x28\x20\0\0\0\0\0\0\0\0\0\0\0\0\0\0\x42\x01\0\0\0\0\x03\0\xc8\x23\0\0\0\0\0\0\
\0\0\0\0\0\0\0\0\x4b\x01\0\0\0\0\x03\0\x18\x24\0\0\0\0\0\0\0\0\0\0\0\0\0\0\x54\
\x01\0\0\0\0\x03\0\x38\x25\0\0\0\0\0\0\0\0\0\0\0\0\0\0\x5d\x01\0\0\0\0\x03\0\
\xf0\x25\0\0\0\0\0\0\0\0\0\0\0\0\0\0\x66\x01\0\0\0\0\x03\0\xd8\x25\0\0\0\0\0\0\
\0\0\0\0\0\0\0\0\x6f\x01\0\0\0\0\x03\0\x20\x27\0\0\0\0\0\0\0\0\0\0\0\0\0\0\x78\
\x01\0\0\0\0\x03\0\xb8\x2f\0\0\0\0\0\0\0\0\0\0\0\0\0\0\x80\x01\0\0\0\0\x03\0\
\x38\x2a\0\0\0\0\0\0\0\0\0\0\0\0\0\0\x88\x01\0\0\0\0\x03\0\xe0\x2e\0\0\0\0\0\0\
\0\0\0\0\0\0\0\0\x90\x01\0\0\0\0\x03\0\xc0\x2f\0\0\0\0\0\0\0\0\0\0\0\0\0\0\x98\
\x01\0\0\0\0\x03\0\x70\x2e\0\0\0\0\0\0\0\0\0\0\0\0\0\0\xa0\x01\0\0\0\0\x03\0\
\x98\x2e\0\0\0\0\0\0\0\0\0\0\0\0\0\0\xa8\x01\0\0\0\0\x03\0\xd8\x2e\0\0\0\0\0\0\
\0\0\0\0\0\0\0\0\xb0\x01\0\0\0\0\x03\0\x98\x30\0\0\0\0\0\0\0\0\0\0\0\0\0\0\xb8\
\x01\0\0\0\0\x03\0\xb0\x34\0\0\0\0\0\0\0\0\0\0\0\0\0\0\xc0\x01\0\0\0\0\x03\0\
\x80\x30\0\0\0\0\0\0\0\0\0\0\0\0\0\0\xc8\x01\0\0\0\0\x03\0\x70\x34\0\0\0\0\0\0\
\0\0\0\0\0\0\0\0\xd0\x01\0\0\0\0\x03\0\xa0\x34\0\0\0\0\0\0\0\0\0\0\0\0\0\0\xd8\
\x01\0\0\0\0\x03\0\xc0\x34\0\0\0\0\0\0\0\0\0\0\0\0\0\0\xe0\x01\0\0\0\0\x03\0\
\x70\x35\0\0\0\0\0\0\0\0\0\0\0\0\0\0\xe8\x01\0\0\0\0\x03\0\xf8\x36\0\0\0\0\0\0\
\0\0\0\0\0\0\0\0\xf0\x01\0\0\0\0\x03\0\x90\x36\0\0\0\0\0\0\0\0\0\0\0\0\0\0\xf8\
\x01\0\0\0\0\x03\0\x08\x36\0\0\0\0\0\0\0\0\0\0\0\0\0\0\0\x02\0\0\x12\0\x03\0\0\
\0\0\0\0\0\0\0\xb8\x27\0\0\0\0\0\0\x0b\x02\0\0\x11\0\x04\0\0\0\0\0\0\0\0\0\x20\
\0\0\0\0\0\0\0\x17\x02\0\0\x11\0\x04\0\x80\0\0\0\0\0\0\0\x28\0\0\0\0\0\0\0\x24\
\x02\0\0\x11\0\x04\0\x20\0\0\0\0\0\0\0\x20\0\0\0\0\0\0\0\x32\x02\0\0\x12\0\x03\
\0\xb8\x27\0\0\0\0\0\0\x58\x0f\0\0\0\0\0\0\x3c\x02\0\0\x11\0\x04\0\x40\0\0\0\0\
\0\0\0\x20\0\0\0\0\0\0\0\x4b\x02\0\0\x11\0\x04\0\x60\0\0\0\0\0\0\0\x20\0\0\0\0\
\0\0\0\x5a\x02\0\0\x11\0\x05\0\0\0\0\0\0\0\0\0\x04\0\0\0\0\0\0\0\xb7\x02\0\0\0\
\0\0\0\x7b\x2a\xa0\xff\0\0\0\0\xb4\x03\0\0\0\0\0\0\x63\x3a\xa8\xff\0\0\0\0\x7b\
\x2a\x90\xff\0\0\0\0\x63\x3a\x98\xff\0\0\0\0\x63\x3a\x88\xff\0\0\0\0\x7b\x2a\
\x80\xff\0\0\0\0\x7b\x2a\x78\xff\0\0\0\0\x7b\x2a\x70\xff\0\0\0\0\x7b\x2a\x68\
\xff\0\0\0\0\x7b\x2a\x60\xff\0\0\0\0\x63\x3a\x58\xff\0\0\0\0\x7b\x2a\x50\xff\0\
\0\0\0\x7b\x2a\x48\xff\0\0\0\0\x7b\x2a\x40\xff\0\0\0\0\x7b\x2a\x38\xff\0\0\0\0\
\x7b\x2a\x30\xff\0\0\0\0\x79\x12\0\0\0\0\0\0\x79\x26\x18\0\0\0\0\0\x55\x06\x03\
\0\0\0\0\0\x79\x12\x08\0\0\0\0\0\x79\x26\x18\0\0\0\0\0\x15\x06\x6d\x04\0\0\0\0\
\x71\x62\x12\0\0\0\0\0\x16\x02\x01\0\x07\0\0\0\x56\x02\x6a\x04\x02\0\0\0\x79\
\x62\x58\0\0\0\0\0\x7b\x2a\xb0\xff\0\0\0\0\x15\x02\x67\x04\0\0\0\0\xbf\xa2\0\0\
\0\0\0\0\x07\x02\0\0\xb0\xff\xff\xff\xbf\x17\0\0\0\0\0\0\x18\x01\0\0\0\0\0\0\0\
\0\0\0\0\0\0\0\x85\0\0\0\x01\0\0\0\xbf\x71\0\0\0\0\0\0\x15\0\x5f\x04\0\0\0\0\
\x61\x02\0\0\0\0\0\0\x56\x02\x5d\x04\0\0\0\0\x79\x11\x08\0\0\0\0\0\x79\x12\xc8\
\0\0\0\0\0\x79\x18\xd0\0\0\0\0\0\x61\x14\x70\0\0\0\0\0\x69\x17\xb8\0\0\0\0\0\
\x61\x11\xbc\0\0\0\0\0\xae\x71\x02\x01\0\0\0\0\xbc\x19\0\0\0\0\0\0\x1c\x79\0\0\
\0\0\0\0\xa6\x09\xff\0\x14\0\0\0\x1f\x28\0\0\0\0\0\0\x2d\x18\xfd\0\0\0\0\0\xbf\
\x81\0\0\0\0\0\0\x0f\x41\0\0\0\0\0\0\xad\x71\xfa\0\0\0\0\0\x0f\x72\0\0\0\0\0\0\
\x7b\x2a\x28\xff\0\0\0\0\xbf\xa1\0\0\0\0\0\0\x07\x01\0\0\xd8\xff\xff\xff\xb4\
\x02\0\0\x14\0\0\0\x79\xa3\x28\xff\0\0\0\0\x7b\x0a\x18\xff\0\0\0\0\x7b\x4a\x20\
\xff\0\0\0\0\x85\0\0\0\x71\0\0\0\x79\xa4\x20\xff\0\0\0\0\x79\xa3\x28\xff\0\0\0\
\0\x55\0\xee\0\0\0\0\0\x71\xa1\xd8\xff\0\0\0\0\xbf\x12\0\0\0\0\0\0\x74\x01\0\0\
\x04\0\0\0\x16\x01\x2c\0\x06\0\0\0\x56\x01\xe9\0\x04\0\0\0\x64\x02\0\0\x02\0\0\
\0\x54\x02\0\0\x3c\0\0\0\x7b\x2a\x10\xff\0\0\0\0\xa6\x02\xe5\0\x14\0\0\0\x71\
\xa1\xe1\xff\0\0\0\0\x56\x01\xe3\0\x06\0\0\0\x71\xa1\xde\xff\0\0\0\0\x54\x01\0\
\0\x3f\0\0\0\x71\xa2\xdf\xff\0\0\0\0\x4c\x21\0\0\0\0\0\0\x54\x01\0\0\xff\0\0\0\
\x56\x01\xdd\0\0\0\0\0\x71\xa5\xda\xff\0\0\0\0\x64\x05\0\0\x08\0\0\0\x71\xa1\
\xdb\xff\0\0\0\0\x4c\x15\0\0\0\0\0\0\x71\xa1\xe9\xff\0\0\0\0\x64\x01\0\0\x08\0\
\0\0\x71\xa2\xe8\xff\0\0\0\0\x4c\x21\0\0\0\0\0\0\x71\xa2\xea\xff\0\0\0\0\x64\
\x02\0\0\x10\0\0\0\x71\xa0\xeb\xff\0\0\0\0\x64\0\0\0\x18\0\0\0\x4c\x20\0\0\0\0\
\0\0\x4c\x10\0\0\0\0\0\0\x63\x0a\xe8\xfe\0\0\0\0\x71\xa1\xe5\xff\0\0\0\0\x64\
\x01\0\0\x08\0\0\0\x71\xa2\xe4\xff\0\0\0\0\x4c\x21\0\0\0\0\0\0\x71\xa2\xe6\xff\
\0\0\0\0\x64\x02\0\0\x10\0\0\0\x71\xa0\xe7\xff\0\0\0\0\x64\0\0\0\x18\0\0\0\x4c\
\x20\0\0\0\0\0\0\x4c\x10\0\0\0\0\0\0\x63\x0a\xf0\xfe\0\0\0\0\xb4\x01\0\0\x02\0\
\0\0\x63\x1a\xe0\xfe\0\0\0\0\xb4\x01\0\0\x01\0\0\0\x63\x1a\x08\xff\0\0\0\0\x05\
\0\xa2\0\0\0\0\0\xa6\x09\xbd\0\x28\0\0\0\xbf\xa1\0\0\0\0\0\0\x07\x01\0\0\xd8\
\xff\xff\xff\xb4\x02\0\0\x28\0\0\0\x79\xa3\x28\xff\0\0\0\0\x85\0\0\0\x71\0\0\0\
\x55\0\xb7\0\0\0\0\0\x71\xa2\xdc\xff\0\0\0\0\x64\x02\0\0\x08\0\0\0\x71\xa1\xdd\
\xff\0\0\0\0\x4c\x12\0\0\0\0\0\0\x16\x02\xb2\0\0\0\0\0\x71\xa3\xf9\xff\0\0\0\0\
\x64\x03\0\0\x08\0\0\0\x71\xa1\xf8\xff\0\0\0\0\x4c\x13\0\0\0\0\0\0\x63\x3a\xf0\
\xfe\0\0\0\0\x71\xa1\xfa\xff\0\0\0\0\x64\x01\0\0\x10\0\0\0\x71\xa3\xfb\xff\0\0\
\0\0\x64\x03\0\0\x18\0\0\0\x4c\x13\0\0\0\0\0\0\x7b\x3a\x10\xff\0\0\0\0\x71\xa1\
\xf4\xff\0\0\0\0\x7b\x2a\xf8\xfe\0\0\0\0\x71\xa5\xf5\xff\0\0\0\0\x67\x05\0\0\
\x08\0\0\0\x4f\x15\0\0\0\0\0\0\x71\xa1\xf6\xff\0\0\0\0\x67\x01\0\0\x10\0\0\0\
\x71\xa2\xf7\xff\0\0\0\0\x67\x02\0\0\x18\0\0\0\x4f\x12\0\0\0\0\0\0\x7b\x2a\x08\
\xff\0\0\0\0\x71\xa4\xe9\xff\0\0\0\0\x64\x04\0\0\x08\0\0\0\x71\xa2\xe8\xff\0\0\
\0\0\x4c\x24\0\0\0\0\0\0\x71\xa3\xea\xff\0\0\0\0\x64\x03\0\0\x10\0\0\0\x71\xa1\
\xeb\xff\0\0\0\0\x64\x01\0\0\x18\0\0\0\x4c\x31\0\0\0\0\0\0\xbf\x12\0\0\0\0\0\0\
\x71\xa0\xe4\xff\0\0\0\0\x71\xa3\xe5\xff\0\0\0\0\x67\x03\0\0\x08\0\0\0\x4f\x03\
\0\0\0\0\0\0\x71\xa1\xe6\xff\0\0\0\0\x67\x01\0\0\x10\0\0\0\x71\xa0\xe7\xff\0\0\
\0\0\x67\0\0\0\x18\0\0\0\x4f\x10\0\0\0\0\0\0\x4f\x30\0\0\0\0\0\0\x4c\x42\0\0\0\
\0\0\0\x7b\x2a\0\xff\0\0\0\0\x79\xa1\x08\xff\0\0\0\0\x4f\x51\0\0\0\0\0\0\x7b\
\x1a\x08\xff\0\0\0\0\x79\xa1\x10\xff\0\0\0\0\x61\xa2\xf0\xfe\0\0\0\0\x4c\x21\0\
\0\0\0\0\0\x7b\x1a\x10\xff\0\0\0\0\x71\xa2\xed\xff\0\0\0\0\x64\x02\0\0\x08\0\0\
\0\x71\xa1\xec\xff\0\0\0\0\x4c\x12\0\0\0\0\0\0\x63\x2a\xf0\xfe\0\0\0\0\x71\xa1\
\xee\xff\0\0\0\0\x64\x01\0\0\x10\0\0\0\x71\xa4\xef\xff\0\0\0\0\x64\x04\0\0\x18\
\0\0\0\x4c\x14\0\0\0\0\0\0\x71\xa2\xfd\xff\0\0\0\0\x64\x02\0\0\x08\0\0\0\x71\
\xa5\xfc\xff\0\0\0\0\x4c\x52\0\0\0\0\0\0\x71\xa1\xfe\xff\0\0\0\0\x64\x01\0\0\
\x10\0\0\0\x71\xa5\xff\xff\0\0\0\0\x64\x05\0\0\x18\0\0\0\x4c\x15\0\0\0\0\0\0\
\x79\xa1\x10\xff\0\0\0\0\x67\x01\0\0\x20\0\0\0\x79\xa3\x08\xff\0\0\0\0\x4f\x31\
\0\0\0\0\0\0\x7b\x1a\x10\xff\0\0\0\0\x79\xa1\0\xff\0\0\0\0\x67\x01\0\0\x20\0\0\
\0\x4f\x01\0\0\0\0\0\0\x7b\x1a\0\xff\0\0\0\0\x4c\x25\0\0\0\0\0\0\x61\xa1\xf0\
\xfe\0\0\0\0\x4c\x14\0\0\0\0\0\0\x71\xa1\xe1\xff\0\0\0\0\x64\x01\0\0\x08\0\0\0\
\x71\xa2\xe0\xff\0\0\0\0\x4c\x21\0\0\0\0\0\0\x63\x1a\x08\xff\0\0\0\0\x71\xa2\
\xe2\xff\0\0\0\0\x64\x02\0\0\x10\0\0\0\x71\xa0\xe3\xff\0\0\0\0\x64\0\0\0\x18\0\
\0\0\x4c\x20\0\0\0\0\0\0\x71\xa1\xf1\xff\0\0\0\0\x64\x01\0\0\x08\0\0\0\x71\xa3\
\xf0\xff\0\0\0\0\x4c\x31\0\0\0\0\0\0\x63\x1a\xf0\xfe\0\0\0\0\x71\xa3\xf2\xff\0\
\0\0\0\x64\x03\0\0\x10\0\0\0\x71\xa1\xf3\xff\0\0\0\0\x64\x01\0\0\x18\0\0\0\x4c\
\x31\0\0\0\0\0\0\x79\xa3\x28\xff\0\0\0\0\x63\x4a\xa8\xff\0\0\0\0\x79\xa4\x20\
\xff\0\0\0\0\x63\x5a\x98\xff\0\0\0\0\x79\xa5\xf8\xfe\0\0\0\0\x79\xa2\0\xff\0\0\
\0\0\x7b\x2a\xa0\xff\0\0\0\0\x79\xa2\x10\xff\0\0\0\0\x7b\x2a\x90\xff\0\0\0\0\
\x61\xa2\xf0\xfe\0\0\0\0\x4c\x21\0\0\0\0\0\0\x63\x1a\xe8\xfe\0\0\0\0\x61\xa1\
\x08\xff\0\0\0\0\x4c\x10\0\0\0\0\0\0\x63\x0a\xf0\xfe\0\0\0\0\xb4\x01\0\0\x28\0\
\0\0\x7b\x1a\x10\xff\0\0\0\0\xb4\x01\0\0\x0a\0\0\0\x63\x1a\xe0\xfe\0\0\0\0\xb4\
\x01\0\0\0\0\0\0\x63\x1a\x08\xff\0\0\0\0\x04\x05\0\0\x28\0\0\0\x71\xa1\xde\xff\
\0\0\0\0\xbc\x10\0\0\0\0\0\0\x16\x01\x17\0\x06\0\0\0\xb4\x01\0\0\x28\0\0\0\x7b\
\x1a\x10\xff\0\0\0\0\xb4\x01\0\0\0\0\0\0\x7b\x5a\xf8\xfe\0\0\0\0\x05\0\x2f\0\0\
\0\0\0\x54\x02\0\0\xff\0\0\0\x56\x02\x2c\0\x33\0\0\0\xb4\x02\0\0\x02\0\0\0\x71\
\xa1\xbf\xff\0\0\0\0\x16\x01\x29\0\0\0\0\0\x6c\x21\0\0\0\0\0\0\x79\xa2\x10\xff\
\0\0\0\0\x0c\x12\0\0\0\0\0\0\x71\xa0\xbe\xff\0\0\0\0\x04\x02\0\0\x08\0\0\0\x7b\
\x2a\x10\xff\0\0\0\0\x61\xa1\0\xff\0\0\0\0\x26\x01\x02\0\x06\0\0\0\x04\x01\0\0\
\x01\0\0\0\x56\0\x20\0\x06\0\0\0\xb4\x01\0\0\0\0\0\0\x63\x1a\x08\xff\0\0\0\0\
\x56\0\x1c\0\x06\0\0\0\x1f\x78\0\0\0\0\0\0\x0f\x48\0\0\0\0\0\0\xad\x58\x19\0\0\
\0\0\0\x79\xa1\x10\xff\0\0\0\0\x26\x01\x17\0\xec\0\0\0\x79\xa1\x10\xff\0\0\0\0\
\x04\x01\0\0\x14\0\0\0\x2e\x91\x14\0\0\0\0\0\x2e\x51\x13\0\0\0\0\0\x79\xa1\x10\
\xff\0\0\0\0\x0f\x13\0\0\0\0\0\0\xbf\xa1\0\0\0\0\0\0\x07\x01\0\0\xc0\xff\xff\
\xff\xb4\x02\0\0\x14\0\0\0\xbf\x57\0\0\0\0\0\0\x85\0\0\0\x71\0\0\0\xbf\x72\0\0\
\0\0\0\0\x55\0\x0a\0\0\0\0\0\x71\xa1\xcc\xff\0\0\0\0\x74\x01\0\0\x02\0\0\0\x54\
\x01\0\0\x3c\0\0\0\xa6\x01\x06\0\x14\0\0\0\x79\xa3\x10\xff\0\0\0\0\x0c\x13\0\0\
\0\0\0\0\xbf\x31\0\0\0\0\0\0\x2e\x93\x02\0\0\0\0\0\x26\x01\x01\0\0\x01\0\0\xbe\
\x21\x1d\0\0\0\0\0\x05\0\x53\x03\0\0\0\0\x63\x0a\x08\xff\0\0\0\0\x63\x1a\0\xff\
\0\0\0\0\x79\xa1\x10\xff\0\0\0\0\x26\x01\xfb\xff\xec\0\0\0\x79\xa1\x10\xff\0\0\
\0\0\x44\x01\0\0\x02\0\0\0\x2e\x91\xf8\xff\0\0\0\0\x2e\x51\xf7\xff\0\0\0\0\x79\
\xa3\x28\xff\0\0\0\0\x79\xa1\x10\xff\0\0\0\0\x0f\x13\0\0\0\0\0\0\xbf\xa1\0\0\0\
\0\0\0\x07\x01\0\0\xbe\xff\xff\xff\xb4\x02\0\0\x02\0\0\0\x85\0\0\0\x71\0\0\0\
\x79\xa5\xf8\xfe\0\0\0\0\x79\xa4\x20\xff\0\0\0\0\x79\xa3\x28\xff\0\0\0\0\x55\0\
\xec\xff\0\0\0\0\x61\xa2\x08\xff\0\0\0\0\xbc\x21\0\0\0\0\0\0\x54\x01\0\0\xff\0\
\0\0\x16\x01\x02\0\0\0\0\0\x16\x01\x01\0\x3c\0\0\0\x56\x01\xb8\xff\x2b\0\0\0\
\xb4\x02\0\0\x03\0\0\0\x71\xa1\xbf\xff\0\0\0\0\x05\0\xba\xff\0\0\0\0\x71\xa1\
\xcd\xff\0\0\0\0\x54\x01\0\0\x16\0\0\0\x56\x01\x34\x03\x02\0\0\0\x69\xa1\xc6\
\xff\0\0\0\0\x64\x01\0\0\x10\0\0\0\x69\xa2\xc4\xff\0\0\0\0\x4c\x21\0\0\0\0\0\0\
\x69\xa2\xc2\xff\0\0\0\0\x69\xa3\xc0\xff\0\0\0\0\x61\xa4\xe8\xfe\0\0\0\0\x63\
\x4a\x64\xff\0\0\0\0\xb4\x04\0\0\x06\0\0\0\x73\x4a\x62\xff\0\0\0\0\x61\xa4\xe0\
\xfe\0\0\0\0\x6b\x4a\x60\xff\0\0\0\0\x61\xa4\x98\xff\0\0\0\0\x63\x4a\x70\xff\0\
\0\0\0\x61\xa4\xf0\xfe\0\0\0\0\x63\x4a\x74\xff\0\0\0\0\x61\xa4\xa8\xff\0\0\0\0\
\x63\x4a\x80\xff\0\0\0\0\x6b\x3a\x86\xff\0\0\0\0\x6b\x2a\x84\xff\0\0\0\0\x79\
\xa2\x90\xff\0\0\0\0\x7b\x2a\x68\xff\0\0\0\0\x7b\x2a\x38\xff\0\0\0\0\x79\xa2\
\xa0\xff\0\0\0\0\x7b\x2a\x78\xff\0\0\0\0\x7b\x2a\x48\xff\0\0\0\0\x79\xa2\x60\
\xff\0\0\0\0\x7b\x2a\x30\xff\0\0\0\0\x79\xa2\x70\xff\0\0\0\0\x7b\x2a\x40\xff\0\
\0\0\0\x79\xa2\x80\xff\0\0\0\0\x7b\x2a\x50\xff\0\0\0\0\xdc\x01\0\0\x20\0\0\0\
\x04\x01\0\0\x01\0\0\0\xdc\x01\0\0\x20\0\0\0\x63\x1a\x88\xff\0\0\0\0\x63\x1a\
\x58\xff\0\0\0\0\x61\xa1\x08\xff\0\0\0\0\x16\x01\x13\0\0\0\0\0\xb7\x01\0\0\x04\
\0\0\0\xbf\x63\0\0\0\0\0\0\x0f\x13\0\0\0\0\0\0\xbf\xa1\0\0\0\0\0\0\x07\x01\0\0\
\xd8\xff\xff\xff\xb4\x02\0\0\x04\0\0\0\x85\0\0\0\x71\0\0\0\xb7\x01\0\0\0\0\0\0\
\xbf\x63\0\0\0\0\0\0\x0f\x13\0\0\0\0\0\0\x61\xa7\xd8\xff\0\0\0\0\xbf\xa1\0\0\0\
\0\0\0\x07\x01\0\0\xd8\xff\xff\xff\xb4\x02\0\0\x04\0\0\0\x85\0\0\0\x71\0\0\0\
\x63\x7a\x44\xff\0\0\0\0\x61\xa1\xd8\xff\0\0\0\0\x63\x1a\x34\xff\0\0\0\0\x05\0\
\x0e\0\0\0\0\0\xb7\x01\0\0\x38\0\0\0\xbf\x63\0\0\0\0\0\0\x0f\x13\0\0\0\0\0\0\
\xbf\xa1\0\0\0\0\0\0\x07\x01\0\0\x34\xff\xff\xff\xb4\x02\0\0\x10\0\0\0\x85\0\0\
\0\x71\0\0\0\xb7\x01\0\0\x48\0\0\0\xbf\x63\0\0\0\0\0\0\x0f\x13\0\0\0\0\0\0\xbf\
\xa1\0\0\0\0\0\0\x07\x01\0\0\x44\xff\xff\xff\xb4\x02\0\0\x10\0\0\0\x85\0\0\0\
\x71\0\0\0\xb7\x01\0\0\x0c\0\0\0\xbf\x63\0\0\0\0\0\0\x0f\x13\0\0\0\0\0\0\xbf\
\xa1\0\0\0\0\0\0\x07\x01\0\0\xd8\xff\xff\xff\xb4\x02\0\0\x02\0\0\0\x85\0\0\0\
\x71\0\0\0\x69\xa1\xd8\xff\0\0\0\0\x6b\x1a\x54\xff\0\0\0\0\xb7\x01\0\0\x0e\0\0\
\0\x0f\x16\0\0\0\0\0\0\xbf\xa1\0\0\0\0\0\0\x07\x01\0\0\xd8\xff\xff\xff\xb4\x02\
\0\0\x02\0\0\0\xbf\x63\0\0\0\0\0\0\x85\0\0\0\x71\0\0\0\x69\xa1\xd8\xff\0\0\0\0\
\xdc\x01\0\0\x10\0\0\0\x6b\x1a\x56\xff\0\0\0\0\x79\xa9\xb0\xff\0\0\0\0\xb7\x07\
\0\0\0\0\0\0\x7b\x7a\xe0\xff\0\0\0\0\x7b\x9a\xd8\xff\0\0\0\0\x79\xa1\x18\xff\0\
\0\0\0\x61\x11\0\0\0\0\0\0\x56\x01\x2e\x01\0\0\0\0\x79\xa1\x18\xff\0\0\0\0\x61\
\x11\x04\0\0\0\0\0\xb4\x08\0\0\x01\0\0\0\x16\x01\x4f\x01\0\0\0\0\x79\xa2\x18\
\xff\0\0\0\0\x71\x23\x08\0\0\0\0\0\x71\x24\x09\0\0\0\0\0\x67\x04\0\0\x08\0\0\0\
\x4f\x34\0\0\0\0\0\0\x71\x25\x0a\0\0\0\0\0\x67\x05\0\0\x10\0\0\0\x71\x23\x0b\0\
\0\0\0\0\x67\x03\0\0\x18\0\0\0\x4f\x53\0\0\0\0\0\0\x4f\x43\0\0\0\0\0\0\x71\x24\
\x0d\0\0\0\0\0\x64\x04\0\0\x08\0\0\0\x71\x25\x0c\0\0\0\0\0\x4c\x54\0\0\0\0\0\0\
\x71\x25\x0e\0\0\0\0\0\x64\x05\0\0\x10\0\0\0\x71\x22\x0f\0\0\0\0\0\x64\x02\0\0\
\x18\0\0\0\x4c\x52\0\0\0\0\0\0\x4c\x42\0\0\0\0\0\0\x67\x02\0\0\x20\0\0\0\x4f\
\x32\0\0\0\0\0\0\x79\xa3\x60\xff\0\0\0\0\x1d\x32\x02\0\0\0\0\0\xb4\x02\0\0\x01\
\0\0\0\x05\0\x72\0\0\0\0\0\x79\xa2\x18\xff\0\0\0\0\x71\x23\x10\0\0\0\0\0\x71\
\x24\x11\0\0\0\0\0\x67\x04\0\0\x08\0\0\0\x4f\x34\0\0\0\0\0\0\x71\x25\x12\0\0\0\
\0\0\x67\x05\0\0\x10\0\0\0\x71\x23\x13\0\0\0\0\0\x67\x03\0\0\x18\0\0\0\x4f\x53\
\0\0\0\0\0\0\x4f\x43\0\0\0\0\0\0\x71\x24\x15\0\0\0\0\0\x64\x04\0\0\x08\0\0\0\
\x71\x25\x14\0\0\0\0\0\x4c\x54\0\0\0\0\0\0\x71\x25\x16\0\0\0\0\0\x64\x05\0\0\
\x10\0\0\0\x71\x22\x17\0\0\0\0\0\x64\x02\0\0\x18\0\0\0\x4c\x52\0\0\0\0\0\0\x4c\
\x42\0\0\0\0\0\0\x67\x02\0\0\x20\0\0\0\x4f\x32\0\0\0\0\0\0\x79\xa3\x68\xff\0\0\
\0\0\x5d\x32\xe5\xff\0\0\0\0\x79\xa2\x18\xff\0\0\0\0\x71\x23\x18\0\0\0\0\0\x71\
\x24\x19\0\0\0\0\0\x67\x04\0\0\x08\0\0\0\x4f\x34\0\0\0\0\0\0\x71\x25\x1a\0\0\0\
\0\0\x67\x05\0\0\x10\0\0\0\x71\x23\x1b\0\0\0\0\0\x67\x03\0\0\x18\0\0\0\x4f\x53\
\0\0\0\0\0\0\x4f\x43\0\0\0\0\0\0\x71\x24\x1d\0\0\0\0\0\x64\x04\0\0\x08\0\0\0\
\x71\x25\x1c\0\0\0\0\0\x4c\x54\0\0\0\0\0\0\x71\x25\x1e\0\0\0\0\0\x64\x05\0\0\
\x10\0\0\0\x71\x22\x1f\0\0\0\0\0\x64\x02\0\0\x18\0\0\0\x4c\x52\0\0\0\0\0\0\x4c\
\x42\0\0\0\0\0\0\x67\x02\0\0\x20\0\0\0\x4f\x32\0\0\0\0\0\0\x79\xa3\x70\xff\0\0\
\0\0\x5d\x32\xcc\xff\0\0\0\0\x79\xa2\x18\xff\0\0\0\0\x71\x23\x20\0\0\0\0\0\x71\
\x24\x21\0\0\0\0\0\x67\x04\0\0\x08\0\0\0\x4f\x34\0\0\0\0\0\0\x71\x25\x22\0\0\0\
\0\0\x67\x05\0\0\x10\0\0\0\x71\x23\x23\0\0\0\0\0\x67\x03\0\0\x18\0\0\0\x4f\x53\
\0\0\0\0\0\0\x4f\x43\0\0\0\0\0\0\x71\x24\x25\0\0\0\0\0\x64\x04\0\0\x08\0\0\0\
\x71\x25\x24\0\0\0\0\0\x4c\x54\0\0\0\0\0\0\x71\x25\x26\0\0\0\0\0\x64\x05\0\0\
\x10\0\0\0\x71\x22\x27\0\0\0\0\0\x64\x02\0\0\x18\0\0\0\x4c\x52\0\0\0\0\0\0\x4c\
\x42\0\0\0\0\0\0\x67\x02\0\0\x20\0\0\0\x4f\x32\0\0\0\0\0\0\x79\xa3\x78\xff\0\0\
\0\0\x5d\x32\xb3\xff\0\0\0\0\x79\xa2\x18\xff\0\0\0\0\x71\x23\x28\0\0\0\0\0\x71\
\x24\x29\0\0\0\0\0\x67\x04\0\0\x08\0\0\0\x4f\x34\0\0\0\0\0\0\x71\x25\x2a\0\0\0\
\0\0\x67\x05\0\0\x10\0\0\0\x71\x23\x2b\0\0\0\0\0\x67\x03\0\0\x18\0\0\0\x4f\x53\
\0\0\0\0\0\0\x4f\x43\0\0\0\0\0\0\x71\x24\x2d\0\0\0\0\0\x64\x04\0\0\x08\0\0\0\
\x71\x25\x2c\0\0\0\0\0\x4c\x54\0\0\0\0\0\0\x71\x25\x2e\0\0\0\0\0\x64\x05\0\0\
\x10\0\0\0\x71\x22\x2f\0\0\0\0\0\x64\x02\0\0\x18\0\0\0\x4c\x52\0\0\0\0\0\0\x4c\
\x42\0\0\0\0\0\0\x67\x02\0\0\x20\0\0\0\x4f\x32\0\0\0\0\0\0\x79\xa3\x80\xff\0\0\
\0\0\x5d\x32\x9a\xff\0\0\0\0\x79\xa2\x18\xff\0\0\0\0\x71\x23\x31\0\0\0\0\0\x64\
\x03\0\0\x08\0\0\0\x71\x24\x30\0\0\0\0\0\x4c\x43\0\0\0\0\0\0\x71\x24\x32\0\0\0\
\0\0\x64\x04\0\0\x10\0\0\0\x71\x25\x33\0\0\0\0\0\x64\x05\0\0\x18\0\0\0\x4c\x45\
\0\0\0\0\0\0\x4c\x35\0\0\0\0\0\0\xb4\x02\0\0\0\0\0\0\x61\xa3\x88\xff\0\0\0\0\
\x5e\x35\x8c\xff\0\0\0\0\xb4\x08\0\0\0\0\0\0\x16\x02\xc0\0\0\0\0\0\xb4\x08\0\0\
\x01\0\0\0\x16\x01\xbe\0\x01\0\0\0\x79\xa1\x18\xff\0\0\0\0\x71\x12\x34\0\0\0\0\
\0\x71\x13\x35\0\0\0\0\0\x67\x03\0\0\x08\0\0\0\x4f\x23\0\0\0\0\0\0\x71\x14\x36\
\0\0\0\0\0\x67\x04\0\0\x10\0\0\0\x71\x12\x37\0\0\0\0\0\x67\x02\0\0\x18\0\0\0\
\x4f\x42\0\0\0\0\0\0\x4f\x32\0\0\0\0\0\0\x71\x13\x39\0\0\0\0\0\x64\x03\0\0\x08\
\0\0\0\x71\x14\x38\0\0\0\0\0\x4c\x43\0\0\0\0\0\0\x71\x14\x3a\0\0\0\0\0\x64\x04\
\0\0\x10\0\0\0\x71\x11\x3b\0\0\0\0\0\x64\x01\0\0\x18\0\0\0\x4c\x41\0\0\0\0\0\0\
\x4c\x31\0\0\0\0\0\0\x67\x01\0\0\x20\0\0\0\x4f\x21\0\0\0\0\0\0\x79\xa2\x60\xff\
\0\0\0\0\x1d\x21\x02\0\0\0\0\0\xb4\x01\0\0\x01\0\0\0\x05\0\x72\0\0\0\0\0\x79\
\xa1\x18\xff\0\0\0\0\x71\x12\x3c\0\0\0\0\0\x71\x13\x3d\0\0\0\0\0\x67\x03\0\0\
\x08\0\0\0\x4f\x23\0\0\0\0\0\0\x71\x14\x3e\0\0\0\0\0\x67\x04\0\0\x10\0\0\0\x71\
\x12\x3f\0\0\0\0\0\x67\x02\0\0\x18\0\0\0\x4f\x42\0\0\0\0\0\0\x4f\x32\0\0\0\0\0\
\0\x71\x13\x41\0\0\0\0\0\x64\x03\0\0\x08\0\0\0\x71\x14\x40\0\0\0\0\0\x4c\x43\0\
\0\0\0\0\0\x71\x14\x42\0\0\0\0\0\x64\x04\0\0\x10\0\0\0\x71\x11\x43\0\0\0\0\0\
\x64\x01\0\0\x18\0\0\0\x4c\x41\0\0\0\0\0\0\x4c\x31\0\0\0\0\0\0\x67\x01\0\0\x20\
\0\0\0\x4f\x21\0\0\0\0\0\0\x79\xa2\x68\xff\0\0\0\0\x5d\x21\xe5\xff\0\0\0\0\x79\
\xa1\x18\xff\0\0\0\0\x71\x12\x44\0\0\0\0\0\x71\x13\x45\0\0\0\0\0\x67\x03\0\0\
\x08\0\0\0\x4f\x23\0\0\0\0\0\0\x71\x14\x46\0\0\0\0\0\x67\x04\0\0\x10\0\0\0\x71\
\x12\x47\0\0\0\0\0\x67\x02\0\0\x18\0\0\0\x4f\x42\0\0\0\0\0\0\x4f\x32\0\0\0\0\0\
\0\x71\x13\x49\0\0\0\0\0\x64\x03\0\0\x08\0\0\0\x71\x14\x48\0\0\0\0\0\x4c\x43\0\
\0\0\0\0\0\x71\x14\x4a\0\0\0\0\0\x64\x04\0\0\x10\0\0\0\x71\x11\x4b\0\0\0\0\0\
\x64\x01\0\0\x18\0\0\0\x4c\x41\0\0\0\0\0\0\x4c\x31\0\0\0\0\0\0\x67\x01\0\0\x20\
\0\0\0\x4f\x21\0\0\0\0\0\0\x79\xa2\x70\xff\0\0\0\0\x5d\x21\xcc\xff\0\0\0\0\x79\
\xa1\x18\xff\0\0\0\0\x71\x12\x4c\0\0\0\0\0\x71\x13\x4d\0\0\0\0\0\x67\x03\0\0\
\x08\0\0\0\x4f\x23\0\0\0\0\0\0\x71\x14\x4e\0\0\0\0\0\x67\x04\0\0\x10\0\0\0\x71\
\x12\x4f\0\0\0\0\0\x67\x02\0\0\x18\0\0\0\x4f\x42\0\0\0\0\0\0\x4f\x32\0\0\0\0\0\
\0\x71\x13\x51\0\0\0\0\0\x64\x03\0\0\x08\0\0\0\x71\x14\x50\0\0\0\0\0\x4c\x43\0\
\0\0\0\0\0\x71\x14\x52\0\0\0\0\0\x64\x04\0\0\x10\0\0\0\x71\x11\x53\0\0\0\0\0\
\x64\x01\0\0\x18\0\0\0\x4c\x41\0\0\0\0\0\0\x4c\x31\0\0\0\0\0\0\x67\x01\0\0\x20\
\0\0\0\x4f\x21\0\0\0\0\0\0\x79\xa2\x78\xff\0\0\0\0\x5d\x21\xb3\xff\0\0\0\0\x79\
\xa1\x18\xff\0\0\0\0\x71\x12\x54\0\0\0\0\0\x71\x13\x55\0\0\0\0\0\x67\x03\0\0\
\x08\0\0\0\x4f\x23\0\0\0\0\0\0\x71\x14\x56\0\0\0\0\0\x67\x04\0\0\x10\0\0\0\x71\
\x12\x57\0\0\0\0\0\x67\x02\0\0\x18\0\0\0\x4f\x42\0\0\0\0\0\0\x4f\x32\0\0\0\0\0\
\0\x71\x13\x59\0\0\0\0\0\x64\x03\0\0\x08\0\0\0\x71\x14\x58\0\0\0\0\0\x4c\x43\0\
\0\0\0\0\0\x71\x14\x5a\0\0\0\0\0\x64\x04\0\0\x10\0\0\0\x71\x11\x5b\0\0\0\0\0\
\x64\x01\0\0\x18\0\0\0\x4c\x41\0\0\0\0\0\0\x4c\x31\0\0\0\0\0\0\x67\x01\0\0\x20\
\0\0\0\x4f\x21\0\0\0\0\0\0\x79\xa2\x80\xff\0\0\0\0\x5d\x21\x9a\xff\0\0\0\0\x79\
\xa1\x18\xff\0\0\0\0\x71\x12\x5d\0\0\0\0\0\x64\x02\0\0\x08\0\0\0\x71\x13\x5c\0\
\0\0\0\0\x4c\x32\0\0\0\0\0\0\x71\x13\x5e\0\0\0\0\0\x64\x03\0\0\x10\0\0\0\x71\
\x14\x5f\0\0\0\0\0\x64\x04\0\0\x18\0\0\0\x4c\x34\0\0\0\0\0\0\x4c\x24\0\0\0\0\0\
\0\xb4\x01\0\0\0\0\0\0\x61\xa2\x88\xff\0\0\0\0\x5e\x24\x8c\xff\0\0\0\0\xb4\x08\
\0\0\0\0\0\0\x16\x01\x2f\0\0\0\0\0\xb4\x01\0\0\x01\0\0\0\x63\x1a\xc0\xff\0\0\0\
\0\xbf\xa2\0\0\0\0\0\0\x07\x02\0\0\xc0\xff\xff\xff\x18\x01\0\0\0\0\0\0\0\0\0\0\
\0\0\0\0\x85\0\0\0\x01\0\0\0\x15\0\x02\0\0\0\0\0\xb7\x01\0\0\x01\0\0\0\xdb\x10\
\0\0\0\0\0\0\x79\xa9\xb0\xff\0\0\0\0\x7b\x7a\xe0\xff\0\0\0\0\x7b\x9a\xd8\xff\0\
\0\0\0\x79\xa1\x18\xff\0\0\0\0\x61\x11\0\0\0\0\0\0\x56\x01\x9e\x01\0\0\0\0\x79\
\xa1\x18\xff\0\0\0\0\x61\x11\x04\0\0\0\0\0\xb4\x07\0\0\x01\0\0\0\x16\x01\x9c\
\x01\0\0\0\0\x79\xa2\x18\xff\0\0\0\0\x71\x23\x08\0\0\0\0\0\x71\x24\x09\0\0\0\0\
\0\x67\x04\0\0\x08\0\0\0\x4f\x34\0\0\0\0\0\0\x71\x25\x0a\0\0\0\0\0\x67\x05\0\0\
\x10\0\0\0\x71\x23\x0b\0\0\0\0\0\x67\x03\0\0\x18\0\0\0\x4f\x53\0\0\0\0\0\0\x4f\
\x43\0\0\0\0\0\0\x71\x24\x0d\0\0\0\0\0\x64\x04\0\0\x08\0\0\0\x71\x25\x0c\0\0\0\
\0\0\x4c\x54\0\0\0\0\0\0\x71\x25\x0e\0\0\0\0\0\x64\x05\0\0\x10\0\0\0\x71\x22\
\x0f\0\0\0\0\0\x64\x02\0\0\x18\0\0\0\x4c\x52\0\0\0\0\0\0\x4c\x42\0\0\0\0\0\0\
\x67\x02\0\0\x20\0\0\0\x4f\x32\0\0\0\0\0\0\x79\xa3\x30\xff\0\0\0\0\x1d\x32\x72\
\0\0\0\0\0\xb4\x02\0\0\x01\0\0\0\x05\0\xe2\0\0\0\0\0\xbf\xa2\0\0\0\0\0\0\x07\
\x02\0\0\x60\xff\xff\xff\x18\x01\0\0\0\0\0\0\0\0\0\0\0\0\0\0\x85\0\0\0\x01\0\0\
\0\xbf\x06\0\0\0\0\0\0\x55\x06\x19\0\0\0\0\0\xbf\xa2\0\0\0\0\0\0\x07\x02\0\0\
\x60\xff\xff\xff\xbf\xa3\0\0\0\0\0\0\x07\x03\0\0\xd8\xff\xff\xff\x18\x01\0\0\0\
\0\0\0\0\0\0\0\0\0\0\0\xb7\x04\0\0\x01\0\0\0\x85\0\0\0\x02\0\0\0\x15\0\x27\0\0\
\0\0\0\xbf\xa2\0\0\0\0\0\0\x07\x02\0\0\x60\xff\xff\xff\x18\x01\0\0\0\0\0\0\0\0\
\0\0\0\0\0\0\x85\0\0\0\x01\0\0\0\xbf\x06\0\0\0\0\0\0\x55\x06\x09\0\0\0\0\0\xb4\
\x01\0\0\0\0\0\0\x63\x1a\xc0\xff\0\0\0\0\xbf\xa2\0\0\0\0\0\0\x07\x02\0\0\xc0\
\xff\xff\xff\x18\x01\0\0\0\0\0\0\0\0\0\0\0\0\0\0\x85\0\0\0\x01\0\0\0\x15\0\xbc\
\xff\0\0\0\0\x05\0\xb9\xff\0\0\0\0\x79\x61\0\0\0\0\0\0\x1d\x91\x15\0\0\0\0\0\
\x7b\x1a\xc0\xff\0\0\0\0\xbf\xa2\0\0\0\0\0\0\x07\x02\0\0\xc0\xff\xff\xff\x18\
\x01\0\0\0\0\0\0\0\0\0\0\0\0\0\0\x85\0\0\0\x01\0\0\0\x15\0\x0b\0\0\0\0\0\xb4\
\x01\0\0\x01\0\0\0\xc3\x16\x08\0\xe1\0\0\0\xb4\x01\0\0\x02\0\0\0\x63\x1a\xc0\
\xff\0\0\0\0\xbf\xa2\0\0\0\0\0\0\x07\x02\0\0\xc0\xff\xff\xff\x18\x01\0\0\0\0\0\
\0\0\0\0\0\0\0\0\0\x85\0\0\0\x01\0\0\0\x15\0\xa8\xff\0\0\0\0\x05\0\xa5\xff\0\0\
\0\0\x7b\x96\0\0\0\0\0\0\xb4\x01\0\0\0\0\0\0\xc3\x16\x08\0\xe1\0\0\0\x16\x08\
\x25\0\0\0\0\0\x79\xa1\x18\xff\0\0\0\0\x61\x11\x04\0\0\0\0\0\x26\x01\x22\0\x01\
\0\0\0\xbf\x14\0\0\0\0\0\0\x27\x04\0\0\x2c\0\0\0\x79\xa2\x18\xff\0\0\0\0\xbf\
\x23\0\0\0\0\0\0\x0f\x43\0\0\0\0\0\0\x61\xa4\x88\xff\0\0\0\0\x63\x43\x30\0\0\0\
\0\0\x79\xa4\x80\xff\0\0\0\0\xbf\x45\0\0\0\0\0\0\x77\x05\0\0\x20\0\0\0\x63\x53\
\x2c\0\0\0\0\0\x63\x43\x28\0\0\0\0\0\x79\xa4\x78\xff\0\0\0\0\xbf\x45\0\0\0\0\0\
\0\x77\x05\0\0\x20\0\0\0\x63\x53\x24\0\0\0\0\0\x63\x43\x20\0\0\0\0\0\x79\xa4\
\x70\xff\0\0\0\0\xbf\x45\0\0\0\0\0\0\x77\x05\0\0\x20\0\0\0\x63\x53\x1c\0\0\0\0\
\0\x63\x43\x18\0\0\0\0\0\x79\xa4\x68\xff\0\0\0\0\xbf\x45\0\0\0\0\0\0\x77\x05\0\
\0\x20\0\0\0\x63\x53\x14\0\0\0\0\0\x63\x43\x10\0\0\0\0\0\x79\xa4\x60\xff\0\0\0\
\0\xbf\x45\0\0\0\0\0\0\x77\x05\0\0\x20\0\0\0\x63\x53\x0c\0\0\0\0\0\x63\x43\x08\
\0\0\0\0\0\x04\x01\0\0\x01\0\0\0\x63\x12\x04\0\0\0\0\0\x79\xa1\x18\xff\0\0\0\0\
\x61\x11\0\0\0\0\0\0\x16\x01\x7b\xff\0\0\0\0\xbf\xa2\0\0\0\0\0\0\x07\x02\0\0\
\x60\xff\xff\xff\x18\x01\0\0\0\0\0\0\0\0\0\0\0\0\0\0\x85\0\0\0\x01\0\0\0\x15\0\
\x75\xff\0\0\0\0\x79\x01\0\0\0\0\0\0\x5d\x91\x73\xff\0\0\0\0\x61\x01\x08\0\0\0\
\0\0\x56\x01\x71\xff\0\0\0\0\xbf\xa2\0\0\0\0\0\0\x07\x02\0\0\x60\xff\xff\xff\
\x18\x01\0\0\0\0\0\0\0\0\0\0\0\0\0\0\x85\0\0\0\x03\0\0\0\x05\0\x6b\xff\0\0\0\0\
\x79\xa2\x18\xff\0\0\0\0\x71\x23\x10\0\0\0\0\0\x71\x24\x11\0\0\0\0\0\x67\x04\0\
\0\x08\0\0\0\x4f\x34\0\0\0\0\0\0\x71\x25\x12\0\0\0\0\0\x67\x05\0\0\x10\0\0\0\
\x71\x23\x13\0\0\0\0\0\x67\x03\0\0\x18\0\0\0\x4f\x53\0\0\0\0\0\0\x4f\x43\0\0\0\
\0\0\0\x71\x24\x15\0\0\0\0\0\x64\x04\0\0\x08\0\0\0\x71\x25\x14\0\0\0\0\0\x4c\
\x54\0\0\0\0\0\0\x71\x25\x16\0\0\0\0\0\x64\x05\0\0\x10\0\0\0\x71\x22\x17\0\0\0\
\0\0\x64\x02\0\0\x18\0\0\0\x4c\x52\0\0\0\0\0\0\x4c\x42\0\0\0\0\0\0\x67\x02\0\0\
\x20\0\0\0\x4f\x32\0\0\0\0\0\0\x79\xa3\x38\xff\0\0\0\0\x5d\x32\x75\xff\0\0\0\0\
\x79\xa2\x18\xff\0\0\0\0\x71\x23\x18\0\0\0\0\0\x71\x24\x19\0\0\0\0\0\x67\x04\0\
\0\x08\0\0\0\x4f\x34\0\0\0\0\0\0\x71\x25\x1a\0\0\0\0\0\x67\x05\0\0\x10\0\0\0\
\x71\x23\x1b\0\0\0\0\0\x67\x03\0\0\x18\0\0\0\x4f\x53\0\0\0\0\0\0\x4f\x43\0\0\0\
\0\0\0\x71\x24\x1d\0\0\0\0\0\x64\x04\0\0\x08\0\0\0\x71\x25\x1c\0\0\0\0\0\x4c\
\x54\0\0\0\0\0\0\x71\x25\x1e\0\0\0\0\0\x64\x05\0\0\x10\0\0\0\x71\x22\x1f\0\0\0\
\0\0\x64\x02\0\0\x18\0\0\0\x4c\x52\0\0\0\0\0\0\x4c\x42\0\0\0\0\0\0\x67\x02\0\0\
\x20\0\0\0\x4f\x32\0\0\0\0\0\0\x79\xa3\x40\xff\0\0\0\0\x5d\x32\x5c\xff\0\0\0\0\
\x79\xa2\x18\xff\0\0\0\0\x71\x23\x20\0\0\0\0\0\x71\x24\x21\0\0\0\0\0\x67\x04\0\
\0\x08\0\0\0\x4f\x34\0\0\0\0\0\0\x71\x25\x22\0\0\0\0\0\x67\x05\0\0\x10\0\0\0\
\x71\x23\x23\0\0\0\0\0\x67\x03\0\0\x18\0\0\0\x4f\x53\0\0\0\0\0\0\x4f\x43\0\0\0\
\0\0\0\x71\x24\x25\0\0\0\0\0\x64\x04\0\0\x08\0\0\0\x71\x25\x24\0\0\0\0\0\x4c\
\x54\0\0\0\0\0\0\x71\x25\x26\0\0\0\0\0\x64\x05\0\0\x10\0\0\0\x71\x22\x27\0\0\0\
\0\0\x64\x02\0\0\x18\0\0\0\x4c\x52\0\0\0\0\0\0\x4c\x42\0\0\0\0\0\0\x67\x02\0\0\
\x20\0\0\0\x4f\x32\0\0\0\0\0\0\x79\xa3\x48\xff\0\0\0\0\x5d\x32\x43\xff\0\0\0\0\
\x79\xa2\x18\xff\0\0\0\0\x71\x23\x28\0\0\0\0\0\x71\x24\x29\0\0\0\0\0\x67\x04\0\
\0\x08\0\0\0\x4f\x34\0\0\0\0\0\0\x71\x25\x2a\0\0\0\0\0\x67\x05\0\0\x10\0\0\0\
\x71\x23\x2b\0\0\0\0\0\x67\x03\0\0\x18\0\0\0\x4f\x53\0\0\0\0\0\0\x4f\x43\0\0\0\
\0\0\0\x71\x24\x2d\0\0\0\0\0\x64\x04\0\0\x08\0\0\0\x71\x25\x2c\0\0\0\0\0\x4c\
\x54\0\0\0\0\0\0\x71\x25\x2e\0\0\0\0\0\x64\x05\0\0\x10\0\0\0\x71\x22\x2f\0\0\0\
\0\0\x64\x02\0\0\x18\0\0\0\x4c\x52\0\0\0\0\0\0\x4c\x42\0\0\0\0\0\0\x67\x02\0\0\
\x20\0\0\0\x4f\x32\0\0\0\0\0\0\x79\xa3\x50\xff\0\0\0\0\x5d\x32\x2a\xff\0\0\0\0\
\x79\xa2\x18\xff\0\0\0\0\x71\x23\x31\0\0\0\0\0\x64\x03\0\0\x08\0\0\0\x71\x24\
\x30\0\0\0\0\0\x4c\x43\0\0\0\0\0\0\x71\x24\x32\0\0\0\0\0\x64\x04\0\0\x10\0\0\0\
\x71\x25\x33\0\0\0\0\0\x64\x05\0\0\x18\0\0\0\x4c\x45\0\0\0\0\0\0\x4c\x35\0\0\0\
\0\0\0\xb4\x02\0\0\0\0\0\0\x61\xa3\x58\xff\0\0\0\0\x5e\x35\x1c\xff\0\0\0\0\xb4\
\x07\0\0\0\0\0\0\x16\x02\x9d\0\0\0\0\0\xb4\x07\0\0\x01\0\0\0\x16\x01\x9b\0\x01\
\0\0\0\x79\xa1\x18\xff\0\0\0\0\x71\x12\x34\0\0\0\0\0\x71\x13\x35\0\0\0\0\0\x67\
\x03\0\0\x08\0\0\0\x4f\x23\0\0\0\0\0\0\x71\x14\x36\0\0\0\0\0\x67\x04\0\0\x10\0\
\0\0\x71\x12\x37\0\0\0\0\0\x67\x02\0\0\x18\0\0\0\x4f\x42\0\0\0\0\0\0\x4f\x32\0\
\0\0\0\0\0\x71\x13\x39\0\0\0\0\0\x64\x03\0\0\x08\0\0\0\x71\x14\x38\0\0\0\0\0\
\x4c\x43\0\0\0\0\0\0\x71\x14\x3a\0\0\0\0\0\x64\x04\0\0\x10\0\0\0\x71\x11\x3b\0\
\0\0\0\0\x64\x01\0\0\x18\0\0\0\x4c\x41\0\0\0\0\0\0\x4c\x31\0\0\0\0\0\0\x67\x01\
\0\0\x20\0\0\0\x4f\x21\0\0\0\0\0\0\x79\xa2\x30\xff\0\0\0\0\x1d\x21\x02\0\0\0\0\
\0\xb4\x01\0\0\x01\0\0\0\x05\0\x72\0\0\0\0\0\x79\xa1\x18\xff\0\0\0\0\x71\x12\
\x3c\0\0\0\0\0\x71\x13\x3d\0\0\0\0\0\x67\x03\0\0\x08\0\0\0\x4f\x23\0\0\0\0\0\0\
\x71\x14\x3e\0\0\0\0\0\x67\x04\0\0\x10\0\0\0\x71\x12\x3f\0\0\0\0\0\x67\x02\0\0\
\x18\0\0\0\x4f\x42\0\0\0\0\0\0\x4f\x32\0\0\0\0\0\0\x71\x13\x41\0\0\0\0\0\x64\
\x03\0\0\x08\0\0\0\x71\x14\x40\0\0\0\0\0\x4c\x43\0\0\0\0\0\0\x71\x14\x42\0\0\0\
\0\0\x64\x04\0\0\x10\0\0\0\x71\x11\x43\0\0\0\0\0\x64\x01\0\0\x18\0\0\0\x4c\x41\
\0\0\0\0\0\0\x4c\x31\0\0\0\0\0\0\x67\x01\0\0\x20\0\0\0\x4f\x21\0\0\0\0\0\0\x79\
\xa2\x38\xff\0\0\0\0\x5d\x21\xe5\xff\0\0\0\0\x79\xa1\x18\xff\0\0\0\0\x71\x12\
\x44\0\0\0\0\0\x71\x13\x45\0\0\0\0\0\x67\x03\0\0\x08\0\0\0\x4f\x23\0\0\0\0\0\0\
\x71\x14\x46\0\0\0\0\0\x67\x04\0\0\x10\0\0\0\x71\x12\x47\0\0\0\0\0\x67\x02\0\0\
\x18\0\0\0\x4f\x42\0\0\0\0\0\0\x4f\x32\0\0\0\0\0\0\x71\x13\x49\0\0\0\0\0\x64\
\x03\0\0\x08\0\0\0\x71\x14\x48\0\0\0\0\0\x4c\x43\0\0\0\0\0\0\x71\x14\x4a\0\0\0\
\0\0\x64\x04\0\0\x10\0\0\0\x71\x11\x4b\0\0\0\0\0\x64\x01\0\0\x18\0\0\0\x4c\x41\
\0\0\0\0\0\0\x4c\x31\0\0\0\0\0\0\x67\x01\0\0\x20\0\0\0\x4f\x21\0\0\0\0\0\0\x79\
\xa2\x40\xff\0\0\0\0\x5d\x21\xcc\xff\0\0\0\0\x79\xa1\x18\xff\0\0\0\0\x71\x12\
\x4c\0\0\0\0\0\x71\x13\x4d\0\0\0\0\0\x67\x03\0\0\x08\0\0\0\x4f\x23\0\0\0\0\0\0\
\x71\x14\x4e\0\0\0\0\0\x67\x04\0\0\x10\0\0\0\x71\x12\x4f\0\0\0\0\0\x67\x02\0\0\
\x18\0\0\0\x4f\x42\0\0\0\0\0\0\x4f\x32\0\0\0\0\0\0\x71\x13\x51\0\0\0\0\0\x64\
\x03\0\0\x08\0\0\0\x71\x14\x50\0\0\0\0\0\x4c\x43\0\0\0\0\0\0\x71\x14\x52\0\0\0\
\0\0\x64\x04\0\0\x10\0\0\0\x71\x11\x53\0\0\0\0\0\x64\x01\0\0\x18\0\0\0\x4c\x41\
\0\0\0\0\0\0\x4c\x31\0\0\0\0\0\0\x67\x01\0\0\x20\0\0\0\x4f\x21\0\0\0\0\0\0\x79\
\xa2\x48\xff\0\0\0\0\x5d\x21\xb3\xff\0\0\0\0\x79\xa1\x18\xff\0\0\0\0\x71\x12\
\x54\0\0\0\0\0\x71\x13\x55\0\0\0\0\0\x67\x03\0\0\x08\0\0\0\x4f\x23\0\0\0\0\0\0\
\x71\x14\x56\0\0\0\0\0\x67\x04\0\0\x10\0\0\0\x71\x12\x57\0\0\0\0\0\x67\x02\0\0\
\x18\0\0\0\x4f\x42\0\0\0\0\0\0\x4f\x32\0\0\0\0\0\0\x71\x13\x59\0\0\0\0\0\x64\
\x03\0\0\x08\0\0\0\x71\x14\x58\0\0\0\0\0\x4c\x43\0\0\0\0\0\0\x71\x14\x5a\0\0\0\
\0\0\x64\x04\0\0\x10\0\0\0\x71\x11\x5b\0\0\0\0\0\x64\x01\0\0\x18\0\0\0\x4c\x41\
\0\0\0\0\0\0\x4c\x31\0\0\0\0\0\0\x67\x01\0\0\x20\0\0\0\x4f\x21\0\0\0\0\0\0\x79\
\xa2\x50\xff\0\0\0\0\x5d\x21\x9a\xff\0\0\0\0\x79\xa1\x18\xff\0\0\0\0\x71\x12\
\x5d\0\0\0\0\0\x64\x02\0\0\x08\0\0\0\x71\x13\x5c\0\0\0\0\0\x4c\x32\0\0\0\0\0\0\
\x71\x13\x5e\0\0\0\0\0\x64\x03\0\0\x10\0\0\0\x71\x14\x5f\0\0\0\0\0\x64\x04\0\0\
\x18\0\0\0\x4c\x34\0\0\0\0\0\0\x4c\x24\0\0\0\0\0\0\xb4\x01\0\0\0\0\0\0\x61\xa2\
\x58\xff\0\0\0\0\x5e\x24\x8c\xff\0\0\0\0\xb4\x07\0\0\0\0\0\0\x16\x01\x0c\0\0\0\
\0\0\xb4\x01\0\0\x01\0\0\0\x63\x1a\xc0\xff\0\0\0\0\xbf\xa2\0\0\0\0\0\0\x07\x02\
\0\0\xc0\xff\xff\xff\x18\x01\0\0\0\0\0\0\0\0\0\0\0\0\0\0\x85\0\0\0\x01\0\0\0\
\x15\0\x02\0\0\0\0\0\xb7\x01\0\0\x01\0\0\0\xdb\x10\0\0\0\0\0\0\xb4\0\0\0\x01\0\
\0\0\x95\0\0\0\0\0\0\0\xbf\xa2\0\0\0\0\0\0\x07\x02\0\0\x30\xff\xff\xff\x18\x01\
\0\0\0\0\0\0\0\0\0\0\0\0\0\0\x85\0\0\0\x01\0\0\0\xbf\x06\0\0\0\0\0\0\x55\x06\
\x19\0\0\0\0\0\xbf\xa2\0\0\0\0\0\0\x07\x02\0\0\x30\xff\xff\xff\xbf\xa3\0\0\0\0\
\0\0\x07\x03\0\0\xd8\xff\xff\xff\x18\x01\0\0\0\0\0\0\0\0\0\0\0\0\0\0\xb7\x04\0\
\0\x01\0\0\0\x85\0\0\0\x02\0\0\0\x15\0\x27\0\0\0\0\0\xbf\xa2\0\0\0\0\0\0\x07\
\x02\0\0\x30\xff\xff\xff\x18\x01\0\0\0\0\0\0\0\0\0\0\0\0\0\0\x85\0\0\0\x01\0\0\
\0\xbf\x06\0\0\0\0\0\0\x55\x06\x09\0\0\0\0\0\xb4\x01\0\0\0\0\0\0\x63\x1a\xc0\
\xff\0\0\0\0\xbf\xa2\0\0\0\0\0\0\x07\x02\0\0\xc0\xff\xff\xff\x18\x01\0\0\0\0\0\
\0\0\0\0\0\0\0\0\0\x85\0\0\0\x01\0\0\0\x15\0\xdf\xff\0\0\0\0\x05\0\xdc\xff\0\0\
\0\0\x79\x61\0\0\0\0\0\0\x1d\x91\x15\0\0\0\0\0\x7b\x1a\xc0\xff\0\0\0\0\xbf\xa2\
\0\0\0\0\0\0\x07\x02\0\0\xc0\xff\xff\xff\x18\x01\0\0\0\0\0\0\0\0\0\0\0\0\0\0\
\x85\0\0\0\x01\0\0\0\x15\0\x0b\0\0\0\0\0\xb4\x01\0\0\x01\0\0\0\xc3\x16\x08\0\
\xe1\0\0\0\xb4\x01\0\0\x02\0\0\0\x63\x1a\xc0\xff\0\0\0\0\xbf\xa2\0\0\0\0\0\0\
\x07\x02\0\0\xc0\xff\xff\xff\x18\x01\0\0\0\0\0\0\0\0\0\0\0\0\0\0\x85\0\0\0\x01\
\0\0\0\x15\0\xcb\xff\0\0\0\0\x05\0\xc8\xff\0\0\0\0\x7b\x96\0\0\0\0\0\0\xb4\x01\
\0\0\0\0\0\0\xc3\x16\x08\0\xe1\0\0\0\x16\x07\x25\0\0\0\0\0\x79\xa1\x18\xff\0\0\
\0\0\x61\x11\x04\0\0\0\0\0\x26\x01\x22\0\x01\0\0\0\xbf\x14\0\0\0\0\0\0\x27\x04\
\0\0\x2c\0\0\0\x79\xa2\x18\xff\0\0\0\0\xbf\x23\0\0\0\0\0\0\x0f\x43\0\0\0\0\0\0\
\x61\xa4\x58\xff\0\0\0\0\x63\x43\x30\0\0\0\0\0\x79\xa4\x50\xff\0\0\0\0\xbf\x45\
\0\0\0\0\0\0\x77\x05\0\0\x20\0\0\0\x63\x53\x2c\0\0\0\0\0\x63\x43\x28\0\0\0\0\0\
\x79\xa4\x48\xff\0\0\0\0\xbf\x45\0\0\0\0\0\0\x77\x05\0\0\x20\0\0\0\x63\x53\x24\
\0\0\0\0\0\x63\x43\x20\0\0\0\0\0\x79\xa4\x40\xff\0\0\0\0\xbf\x45\0\0\0\0\0\0\
\x77\x05\0\0\x20\0\0\0\x63\x53\x1c\0\0\0\0\0\x63\x43\x18\0\0\0\0\0\x79\xa4\x38\
\xff\0\0\0\0\xbf\x45\0\0\0\0\0\0\x77\x05\0\0\x20\0\0\0\x63\x53\x14\0\0\0\0\0\
\x63\x43\x10\0\0\0\0\0\x79\xa4\x30\xff\0\0\0\0\xbf\x45\0\0\0\0\0\0\x77\x05\0\0\
\x20\0\0\0\x63\x53\x0c\0\0\0\0\0\x63\x43\x08\0\0\0\0\0\x04\x01\0\0\x01\0\0\0\
\x63\x12\x04\0\0\0\0\0\x79\xa1\x18\xff\0\0\0\0\x61\x11\0\0\0\0\0\0\x16\x01\x9e\
\xff\0\0\0\0\xbf\xa2\0\0\0\0\0\0\x07\x02\0\0\x30\xff\xff\xff\x18\x01\0\0\0\0\0\
\0\0\0\0\0\0\0\0\0\x85\0\0\0\x01\0\0\0\x15\0\x98\xff\0\0\0\0\x79\x01\0\0\0\0\0\
\0\x5d\x91\x96\xff\0\0\0\0\x61\x01\x08\0\0\0\0\0\x56\x01\x94\xff\0\0\0\0\xbf\
\xa2\0\0\0\0\0\0\x07\x02\0\0\x30\xff\xff\xff\x18\x01\0\0\0\0\0\0\0\0\0\0\0\0\0\
\0\x85\0\0\0\x03\0\0\0\x05\0\x8e\xff\0\0\0\0\xb4\x02\0\0\0\0\0\0\x63\x2a\xbc\
\xff\0\0\0\0\x63\x2a\xb0\xff\0\0\0\0\xb7\x02\0\0\0\0\0\0\x7b\x2a\xa8\xff\0\0\0\
\0\x7b\x2a\xa0\xff\0\0\0\0\x7b\x2a\x98\xff\0\0\0\0\x7b\x2a\x90\xff\0\0\0\0\x79\
\x12\x08\0\0\0\0\0\x79\x26\xc8\0\0\0\0\0\x79\x28\xd0\0\0\0\0\0\x61\x24\x70\0\0\
\0\0\0\x69\x29\xb8\0\0\0\0\0\x61\x22\xbc\0\0\0\0\0\xae\x92\xf1\0\0\0\0\0\xbc\
\x27\0\0\0\0\0\0\x1c\x97\0\0\0\0\0\0\xa6\x07\xee\0\x14\0\0\0\x1f\x68\0\0\0\0\0\
\0\x2d\x28\xec\0\0\0\0\0\xbf\x82\0\0\0\0\0\0\x0f\x42\0\0\0\0\0\0\xad\x92\xe9\0\
\0\0\0\0\x0f\x96\0\0\0\0\0\0\xbf\xa2\0\0\0\0\0\0\x07\x02\0\0\xd8\xff\xff\xff\
\x7b\x1a\x80\xff\0\0\0\0\xbf\x21\0\0\0\0\0\0\xb4\x02\0\0\x14\0\0\0\xbf\x63\0\0\
\0\0\0\0\x7b\x4a\x88\xff\0\0\0\0\x85\0\0\0\x71\0\0\0\x79\xa5\x88\xff\0\0\0\0\
\x55\0\xde\0\0\0\0\0\x71\xa4\xd8\xff\0\0\0\0\xbc\x41\0\0\0\0\0\0\x74\x01\0\0\
\x04\0\0\0\x16\x01\x2a\0\x06\0\0\0\x56\x01\xd9\0\x04\0\0\0\x64\x04\0\0\x02\0\0\
\0\x54\x04\0\0\x3c\0\0\0\xa6\x04\xd6\0\x14\0\0\0\x71\xa1\xe1\xff\0\0\0\0\x56\
\x01\xd4\0\x06\0\0\0\x71\xa1\xde\xff\0\0\0\0\x54\x01\0\0\x3f\0\0\0\x71\xa2\xdf\
\xff\0\0\0\0\x4c\x21\0\0\0\0\0\0\x54\x01\0\0\xff\0\0\0\x56\x01\xce\0\0\0\0\0\
\x71\xa2\xda\xff\0\0\0\0\x64\x02\0\0\x08\0\0\0\x71\xa1\xdb\xff\0\0\0\0\x4c\x12\
\0\0\0\0\0\0\x7b\x2a\x78\xff\0\0\0\0\x71\xa1\xe5\xff\0\0\0\0\x64\x01\0\0\x08\0\
\0\0\x71\xa2\xe4\xff\0\0\0\0\x4c\x21\0\0\0\0\0\0\x71\xa2\xe6\xff\0\0\0\0\x64\
\x02\0\0\x10\0\0\0\x71\xa3\xe7\xff\0\0\0\0\x64\x03\0\0\x18\0\0\0\x4c\x23\0\0\0\
\0\0\0\x4c\x13\0\0\0\0\0\0\xb4\x01\0\0\x02\0\0\0\x6b\x1a\x90\xff\0\0\0\0\x63\
\x3a\x94\xff\0\0\0\0\x71\xa1\xe9\xff\0\0\0\0\x64\x01\0\0\x08\0\0\0\x71\xa2\xe8\
\xff\0\0\0\0\x4c\x21\0\0\0\0\0\0\x71\xa2\xea\xff\0\0\0\0\x64\x02\0\0\x10\0\0\0\
\x71\xa3\xeb\xff\0\0\0\0\x64\x03\0\0\x18\0\0\0\x4c\x23\0\0\0\0\0\0\x4c\x13\0\0\
\0\0\0\0\x63\x3a\xa4\xff\0\0\0\0\x05\0\x95\0\0\0\0\0\xa6\x07\xaf\0\x28\0\0\0\
\xbf\xa1\0\0\0\0\0\0\x07\x01\0\0\xd8\xff\xff\xff\xb4\x02\0\0\x28\0\0\0\xbf\x63\
\0\0\0\0\0\0\x85\0\0\0\x71\0\0\0\x55\0\xa9\0\0\0\0\0\x71\xa2\xdc\xff\0\0\0\0\
\x64\x02\0\0\x08\0\0\0\x71\xa1\xdd\xff\0\0\0\0\x4c\x12\0\0\0\0\0\0\x7b\x2a\x78\
\xff\0\0\0\0\x16\x02\xa3\0\0\0\0\0\x71\xa2\xe5\xff\0\0\0\0\x64\x02\0\0\x08\0\0\
\0\x71\xa1\xe4\xff\0\0\0\0\x4c\x12\0\0\0\0\0\0\x63\x2a\x58\xff\0\0\0\0\x71\xa1\
\xe6\xff\0\0\0\0\x64\x01\0\0\x10\0\0\0\x71\xa2\xe7\xff\0\0\0\0\x64\x02\0\0\x18\
\0\0\0\x4c\x12\0\0\0\0\0\0\x63\x2a\x68\xff\0\0\0\0\x71\xa2\xe1\xff\0\0\0\0\x64\
\x02\0\0\x08\0\0\0\x71\xa1\xe0\xff\0\0\0\0\x4c\x12\0\0\0\0\0\0\x63\x2a\x48\xff\
\0\0\0\0\x71\xa1\xe2\xff\0\0\0\0\x64\x01\0\0\x10\0\0\0\x71\xa2\xe3\xff\0\0\0\0\
\x64\x02\0\0\x18\0\0\0\x4c\x12\0\0\0\0\0\0\x63\x2a\x70\xff\0\0\0\0\x71\xa2\xed\
\xff\0\0\0\0\x64\x02\0\0\x08\0\0\0\x71\xa3\xec\xff\0\0\0\0\x4c\x32\0\0\0\0\0\0\
\x71\xa3\xee\xff\0\0\0\0\x64\x03\0\0\x10\0\0\0\x71\xa5\xef\xff\0\0\0\0\x64\x05\
\0\0\x18\0\0\0\x4c\x35\0\0\0\0\0\0\x71\xa3\xe9\xff\0\0\0\0\x64\x03\0\0\x08\0\0\
\0\x71\xa4\xe8\xff\0\0\0\0\x4c\x43\0\0\0\0\0\0\x71\xa4\xea\xff\0\0\0\0\x64\x04\
\0\0\x10\0\0\0\x71\xa1\xeb\xff\0\0\0\0\x64\x01\0\0\x18\0\0\0\x4c\x41\0\0\0\0\0\
\0\x63\x1a\x60\xff\0\0\0\0\x71\xa4\xf5\xff\0\0\0\0\x64\x04\0\0\x08\0\0\0\x71\
\xa0\xf4\xff\0\0\0\0\x4c\x04\0\0\0\0\0\0\x71\xa1\xf6\xff\0\0\0\0\x64\x01\0\0\
\x10\0\0\0\x71\xa0\xf7\xff\0\0\0\0\x64\0\0\0\x18\0\0\0\x4c\x10\0\0\0\0\0\0\x4c\
\x40\0\0\0\0\0\0\x63\x0a\x50\xff\0\0\0\0\x61\xa1\x60\xff\0\0\0\0\x4c\x31\0\0\0\
\0\0\0\x63\x1a\x60\xff\0\0\0\0\x4c\x25\0\0\0\0\0\0\x63\x5a\x40\xff\0\0\0\0\x61\
\xa1\x70\xff\0\0\0\0\x61\xa2\x48\xff\0\0\0\0\x4c\x21\0\0\0\0\0\0\x63\x1a\x70\
\xff\0\0\0\0\x61\xa1\x68\xff\0\0\0\0\x61\xa2\x58\xff\0\0\0\0\x4c\x21\0\0\0\0\0\
\0\x63\x1a\x68\xff\0\0\0\0\x71\xa2\xf1\xff\0\0\0\0\x64\x02\0\0\x08\0\0\0\x71\
\xa1\xf0\xff\0\0\0\0\x4c\x12\0\0\0\0\0\0\x63\x2a\x58\xff\0\0\0\0\x71\xa1\xf2\
\xff\0\0\0\0\x64\x01\0\0\x10\0\0\0\x71\xa4\xf3\xff\0\0\0\0\x64\x04\0\0\x18\0\0\
\0\x4c\x14\0\0\0\0\0\0\x71\xa0\xfd\xff\0\0\0\0\x64\0\0\0\x08\0\0\0\x71\xa1\xfc\
\xff\0\0\0\0\x4c\x10\0\0\0\0\0\0\x71\xa2\xfe\xff\0\0\0\0\x64\x02\0\0\x10\0\0\0\
\x71\xa3\xff\xff\0\0\0\0\x64\x03\0\0\x18\0\0\0\x4c\x23\0\0\0\0\0\0\x71\xa2\xf9\
\xff\0\0\0\0\x64\x02\0\0\x08\0\0\0\x71\xa5\xf8\xff\0\0\0\0\x4c\x52\0\0\0\0\0\0\
\x71\xa5\xfa\xff\0\0\0\0\x64\x05\0\0\x10\0\0\0\x71\xa1\xfb\xff\0\0\0\0\x64\x01\
\0\0\x18\0\0\0\x4c\x51\0\0\0\0\0\0\x79\xa5\x88\xff\0\0\0\0\x4c\x21\0\0\0\0\0\0\
\x4c\x03\0\0\0\0\0\0\x61\xa2\x58\xff\0\0\0\0\x4c\x24\0\0\0\0\0\0\xb4\x02\0\0\
\x0a\0\0\0\x6b\x2a\x90\xff\0\0\0\0\x61\xa2\x68\xff\0\0\0\0\x63\x2a\x98\xff\0\0\
\0\0\x61\xa2\x70\xff\0\0\0\0\x63\x2a\x94\xff\0\0\0\0\x61\xa2\x40\xff\0\0\0\0\
\x63\x2a\xa0\xff\0\0\0\0\x61\xa2\x60\xff\0\0\0\0\x63\x2a\x9c\xff\0\0\0\0\x61\
\xa2\x50\xff\0\0\0\0\x63\x2a\xa8\xff\0\0\0\0\x63\x4a\xa4\xff\0\0\0\0\x63\x3a\
\xb0\xff\0\0\0\0\x63\x1a\xac\xff\0\0\0\0\xb4\x04\0\0\x28\0\0\0\x79\xa1\x78\xff\
\0\0\0\0\x04\x01\0\0\x28\0\0\0\x7b\x1a\x78\xff\0\0\0\0\x71\xa3\xde\xff\0\0\0\0\
\x16\x03\x11\0\x06\0\0\0\xb4\x04\0\0\x28\0\0\0\xb4\x01\0\0\0\0\0\0\x05\0\x2a\0\
\0\0\0\0\x54\x02\0\0\xff\0\0\0\x56\x02\x27\0\x33\0\0\0\xb4\x02\0\0\x02\0\0\0\
\x71\xa1\xc3\xff\0\0\0\0\x16\x01\x24\0\0\0\0\0\x6c\x21\0\0\0\0\0\0\x0c\x14\0\0\
\0\0\0\0\x71\xa3\xc2\xff\0\0\0\0\x04\x04\0\0\x08\0\0\0\x61\xa1\x60\xff\0\0\0\0\
\x26\x01\x02\0\x06\0\0\0\x04\x01\0\0\x01\0\0\0\x56\x03\x1d\0\x06\0\0\0\x56\x03\
\x1b\0\x06\0\0\0\x1f\x98\0\0\0\0\0\0\x0f\x58\0\0\0\0\0\0\x79\xa1\x78\xff\0\0\0\
\0\xad\x18\x17\0\0\0\0\0\x26\x04\x16\0\xec\0\0\0\xbc\x41\0\0\0\0\0\0\x04\x01\0\
\0\x14\0\0\0\x2e\x71\x13\0\0\0\0\0\x79\xa2\x78\xff\0\0\0\0\x2e\x21\x11\0\0\0\0\
\0\x0f\x46\0\0\0\0\0\0\xbf\xa1\0\0\0\0\0\0\x07\x01\0\0\xc4\xff\xff\xff\xb4\x02\
\0\0\x14\0\0\0\xbf\x63\0\0\0\0\0\0\xbf\x49\0\0\0\0\0\0\x85\0\0\0\x71\0\0\0\x55\
\0\x09\0\0\0\0\0\x71\xa1\xd0\xff\0\0\0\0\x74\x01\0\0\x02\0\0\0\x54\x01\0\0\x3c\
\0\0\0\xa6\x01\x05\0\x14\0\0\0\x0c\x19\0\0\0\0\0\0\x2e\x79\x03\0\0\0\0\0\x26\
\x09\x02\0\0\x01\0\0\x79\xa1\x78\xff\0\0\0\0\xbe\x19\x1c\0\0\0\0\0\x05\0\x9e\0\
\0\0\0\0\x63\x1a\x60\xff\0\0\0\0\x26\x04\xfd\xff\xec\0\0\0\xbc\x41\0\0\0\0\0\0\
\x44\x01\0\0\x02\0\0\0\x2e\x71\xfa\xff\0\0\0\0\x79\xa2\x78\xff\0\0\0\0\x2e\x21\
\xf8\xff\0\0\0\0\x63\x3a\x68\xff\0\0\0\0\xbf\x63\0\0\0\0\0\0\x0f\x43\0\0\0\0\0\
\0\xbf\xa1\0\0\0\0\0\0\x07\x01\0\0\xc2\xff\xff\xff\xb4\x02\0\0\x02\0\0\0\x7b\
\x4a\x70\xff\0\0\0\0\x85\0\0\0\x71\0\0\0\x61\xa2\x68\xff\0\0\0\0\x79\xa5\x88\
\xff\0\0\0\0\x79\xa4\x70\xff\0\0\0\0\x55\0\xec\xff\0\0\0\0\xbc\x21\0\0\0\0\0\0\
\x54\x01\0\0\xff\0\0\0\x16\x01\x02\0\0\0\0\0\x16\x01\x01\0\x3c\0\0\0\x56\x01\
\xbe\xff\x2b\0\0\0\xb4\x02\0\0\x03\0\0\0\x71\xa1\xc3\xff\0\0\0\0\x05\0\xc0\xff\
\0\0\0\0\xb4\x01\0\0\x06\0\0\0\x73\x1a\x92\xff\0\0\0\0\x69\xa1\xc4\xff\0\0\0\0\
\x6b\x1a\xb4\xff\0\0\0\0\x69\xa1\xc6\xff\0\0\0\0\x6b\x1a\xb6\xff\0\0\0\0\x69\
\xa1\xce\xff\0\0\0\0\x64\x01\0\0\x10\0\0\0\x69\xa2\xcc\xff\0\0\0\0\x4c\x21\0\0\
\0\0\0\0\x63\x1a\xb8\xff\0\0\0\0\x71\xa1\xd1\xff\0\0\0\0\x54\x01\0\0\x16\0\0\0\
\x56\x01\x75\0\x12\0\0\0\xbf\xa2\0\0\0\0\0\0\x07\x02\0\0\x90\xff\xff\xff\x18\
\x01\0\0\0\0\0\0\0\0\0\0\0\0\0\0\x85\0\0\0\x01\0\0\0\xbf\x06\0\0\0\0\0\0\x15\
\x06\x6e\0\0\0\0\0\x61\x61\x08\0\0\0\0\0\x56\x01\x6c\0\0\0\0\0\xbf\xa2\0\0\0\0\
\0\0\x07\x02\0\0\xbc\xff\xff\xff\x18\x01\0\0\0\0\0\0\0\0\0\0\0\0\0\0\x85\0\0\0\
\x01\0\0\0\xbf\x07\0\0\0\0\0\0\x15\x07\x65\0\0\0\0\0\xb7\x01\0\0\0\0\0\0\x63\
\x17\x04\x01\0\0\0\0\x63\x17\0\x01\0\0\0\0\x63\x17\xfc\0\0\0\0\0\x63\x17\xf8\0\
\0\0\0\0\x63\x17\xf4\0\0\0\0\0\x63\x17\xf0\0\0\0\0\0\x63\x17\xec\0\0\0\0\0\x63\
\x17\xe8\0\0\0\0\0\x63\x17\xe4\0\0\0\0\0\x63\x17\xe0\0\0\0\0\0\x63\x17\xdc\0\0\
\0\0\0\x63\x17\xd8\0\0\0\0\0\x63\x17\xd4\0\0\0\0\0\x63\x17\xd0\0\0\0\0\0\x63\
\x17\xcc\0\0\0\0\0\x63\x17\xc8\0\0\0\0\0\x63\x17\xc4\0\0\0\0\0\x63\x17\xc0\0\0\
\0\0\0\x63\x17\xbc\0\0\0\0\0\x63\x17\xb8\0\0\0\0\0\x63\x17\xb4\0\0\0\0\0\x63\
\x17\xb0\0\0\0\0\0\x63\x17\xac\0\0\0\0\0\x63\x17\xa8\0\0\0\0\0\x63\x17\xa4\0\0\
\0\0\0\x63\x17\xa0\0\0\0\0\0\x63\x17\x9c\0\0\0\0\0\x63\x17\x98\0\0\0\0\0\x63\
\x17\x94\0\0\0\0\0\x63\x17\x90\0\0\0\0\0\x63\x17\x8c\0\0\0\0\0\x63\x17\x88\0\0\
\0\0\0\x63\x17\x84\0\0\0\0\0\x63\x17\x80\0\0\0\0\0\x63\x17\x7c\0\0\0\0\0\x63\
\x17\x78\0\0\0\0\0\x63\x17\x74\0\0\0\0\0\x63\x17\x70\0\0\0\0\0\x63\x17\x6c\0\0\
\0\0\0\x63\x17\x68\0\0\0\0\0\x63\x17\x64\0\0\0\0\0\x63\x17\x60\0\0\0\0\0\x63\
\x17\x5c\0\0\0\0\0\x63\x17\x58\0\0\0\0\0\x63\x17\x54\0\0\0\0\0\x63\x17\x50\0\0\
\0\0\0\x63\x17\x4c\0\0\0\0\0\x63\x17\x48\0\0\0\0\0\x63\x17\x44\0\0\0\0\0\x63\
\x17\x40\0\0\0\0\0\x63\x17\x3c\0\0\0\0\0\x63\x17\x38\0\0\0\0\0\x63\x17\x34\0\0\
\0\0\0\x63\x17\x30\0\0\0\0\0\x63\x17\x2c\0\0\0\0\0\x63\x17\x28\0\0\0\0\0\x63\
\x17\x24\0\0\0\0\0\x63\x17\x20\0\0\0\0\0\x63\x17\x1c\0\0\0\0\0\x63\x17\x18\0\0\
\0\0\0\x63\x17\x14\0\0\0\0\0\x63\x17\x10\0\0\0\0\0\x63\x17\x0c\0\0\0\0\0\x63\
\x17\x08\0\0\0\0\0\x63\x17\x04\0\0\0\0\0\x63\x17\0\0\0\0\0\0\x79\xa1\x80\xff\0\
\0\0\0\x79\x11\x08\0\0\0\0\0\x79\x13\xc8\0\0\0\0\0\x69\x11\xb8\0\0\0\0\0\xbf\
\x92\0\0\0\0\0\0\x15\x02\x1c\0\0\0\0\0\x25\x02\x1b\0\0\x01\0\0\x0f\x13\0\0\0\0\
\0\0\xbf\x71\0\0\0\0\0\0\x07\x01\0\0\x08\0\0\0\x85\0\0\0\x71\0\0\0\x55\0\x16\0\
\0\0\0\0\x79\x61\0\0\0\0\0\0\x7b\x1a\xd8\xff\0\0\0\0\xbf\xa2\0\0\0\0\0\0\x07\
\x02\0\0\xd8\xff\xff\xff\x18\x01\0\0\0\0\0\0\0\0\0\0\0\0\0\0\x85\0\0\0\x01\0\0\
\0\xbf\x08\0\0\0\0\0\0\x15\x08\x0d\0\0\0\0\0\xb4\x01\0\0\x01\0\0\0\xb4\0\0\0\0\
\0\0\0\xc3\x18\0\0\xf1\0\0\0\x16\0\x01\0\0\0\0\0\xb4\x01\0\0\0\0\0\0\x56\x01\
\x07\0\x01\0\0\0\x61\x61\x08\0\0\0\0\0\x56\x01\x03\0\0\0\0\0\x79\x61\0\0\0\0\0\
\0\x79\xa2\xd8\xff\0\0\0\0\x1d\x21\x04\0\0\0\0\0\xb4\x01\0\0\0\0\0\0\xc3\x18\0\
\0\xe1\0\0\0\xb4\0\0\0\x01\0\0\0\x95\0\0\0\0\0\0\0\x63\x97\x04\0\0\0\0\0\xb4\
\x06\0\0\x02\0\0\0\x63\x67\0\0\0\0\0\0\xbf\xa2\0\0\0\0\0\0\x07\x02\0\0\xd8\xff\
\xff\xff\x18\x01\0\0\0\0\0\0\0\0\0\0\0\0\0\0\xbf\x73\0\0\0\0\0\0\xb7\x04\0\0\
\x01\0\0\0\x85\0\0\0\x02\0\0\0\x15\0\x0b\0\0\0\0\0\xb4\x01\0\0\0\0\0\0\xc3\x18\
\0\0\xe1\0\0\0\xb4\x01\0\0\x03\0\0\0\x63\x1a\xc4\xff\0\0\0\0\xbf\xa2\0\0\0\0\0\
\0\x07\x02\0\0\xc4\xff\xff\xff\x18\x01\0\0\0\0\0\0\0\0\0\0\0\0\0\0\x85\0\0\0\
\x01\0\0\0\x15\0\xe9\xff\0\0\0\0\x05\0\x31\0\0\0\0\0\xc3\x68\0\0\xe1\0\0\0\x61\
\x81\x04\0\0\0\0\0\x16\x01\x21\0\0\0\0\0\x79\xa7\xd8\xff\0\0\0\0\xbf\x86\0\0\0\
\0\0\0\x07\x06\0\0\x08\0\0\0\x18\x01\0\0\0\0\0\0\0\0\0\0\0\0\0\0\xbf\x62\0\0\0\
\0\0\0\x85\0\0\0\x01\0\0\0\x15\0\x08\0\0\0\0\0\x79\x01\0\0\0\0\0\0\x5d\x71\x06\
\0\0\0\0\0\x61\x01\x08\0\0\0\0\0\x56\x01\x04\0\0\0\0\0\x18\x01\0\0\0\0\0\0\0\0\
\0\0\0\0\0\0\xbf\x62\0\0\0\0\0\0\x85\0\0\0\x03\0\0\0\x61\x81\x04\0\0\0\0\0\xa6\
\x01\x0f\0\x02\0\0\0\x79\xa6\xd8\xff\0\0\0\0\x07\x08\0\0\x34\0\0\0\x18\x01\0\0\
\0\0\0\0\0\0\0\0\0\0\0\0\xbf\x82\0\0\0\0\0\0\x85\0\0\0\x01\0\0\0\x15\0\x08\0\0\
\0\0\0\x79\x01\0\0\0\0\0\0\x5d\x61\x06\0\0\0\0\0\x61\x01\x08\0\0\0\0\0\x56\x01\
\x04\0\0\0\0\0\x18\x01\0\0\0\0\0\0\0\0\0\0\0\0\0\0\xbf\x82\0\0\0\0\0\0\x85\0\0\
\0\x03\0\0\0\xbf\xa2\0\0\0\0\0\0\x07\x02\0\0\xd8\xff\xff\xff\x18\x01\0\0\0\0\0\
\0\0\0\0\0\0\0\0\0\x85\0\0\0\x03\0\0\0\xb4\x01\0\0\x04\0\0\0\x63\x1a\xc4\xff\0\
\0\0\0\xbf\xa2\0\0\0\0\0\0\x07\x02\0\0\xc4\xff\xff\xff\x18\x01\0\0\0\0\0\0\0\0\
\0\0\0\0\0\0\x85\0\0\0\x01\0\0\0\x15\0\xb7\xff\0\0\0\0\xb7\x01\0\0\x01\0\0\0\
\xdb\x10\0\0\0\0\0\0\x05\0\xb4\xff\0\0\0\0\0\0\0\0\0\0\0\0\0\0\0\0\0\0\0\0\0\0\
\0\0\0\0\0\0\0\0\0\0\0\0\0\0\0\0\0\0\0\0\0\0\0\0\0\0\0\0\0\0\0\0\0\0\0\0\0\0\0\
\0\0\0\0\0\0\0\0\0\0\0\0\0\0\0\0\0\0\0\0\0\0\0\0\0\0\0\0\0\0\0\0\0\0\0\0\0\0\0\
\0\0\0\0\0\0\0\0\0\0\0\0\0\0\0\0\0\0\0\0\0\0\0\0\0\0\0\0\0\0\0\0\0\0\0\0\0\0\0\
\0\0\0\0\0\0\0\0\0\0\0\0\0\0\0\0\0\0\0\0\0\0\0\0\0\0\0\0\0\0\0\0\0\x47\x50\x4c\
\0\0\0\0\0\x08\x01\0\0\0\0\0\0\x01\0\0\0\x3c\0\0\0\xd8\x16\0\0\0\0\0\0\x01\0\0\
\0\x3d\0\0\0\x40\x18\0\0\0\0\0\0\x01\0\0\0\x3e\0\0\0\x88\x18\0\0\0\0\0\0\x01\0\
\0\0\x3e\0\0\0\xc0\x18\0\0\0\0\0\0\x01\0\0\0\x3e\0\0\0\x08\x19\0\0\0\0\0\0\x01\
\0\0\0\x3d\0\0\0\x58\x19\0\0\0\0\0\0\x01\0\0\0\x3c\0\0\0\xa8\x19\0\0\0\0\0\0\
\x01\0\0\0\x3d\0\0\0\x40\x1b\0\0\0\0\0\0\x01\0\0\0\x3e\0\0\0\x90\x1b\0\0\0\0\0\
\0\x01\0\0\0\x3e\0\0\0\xf8\x23\0\0\0\0\0\0\x01\0\0\0\x3d\0\0\0\x48\x24\0\0\0\0\
\0\0\x01\0\0\0\x3e\0\0\0\x90\x24\0\0\0\0\0\0\x01\0\0\0\x3e\0\0\0\xc8\x24\0\0\0\
\0\0\0\x01\0\0\0\x3e\0\0\0\x10\x25\0\0\0\0\0\0\x01\0\0\0\x3d\0\0\0\x60\x25\0\0\
\0\0\0\0\x01\0\0\0\x3c\0\0\0\xb0\x25\0\0\0\0\0\0\x01\0\0\0\x3d\0\0\0\x48\x27\0\
\0\0\0\0\0\x01\0\0\0\x3e\0\0\0\x98\x27\0\0\0\0\0\0\x01\0\0\0\x3e\0\0\0\x18\x31\
\0\0\0\0\0\0\x01\0\0\0\x3e\0\0\0\x60\x31\0\0\0\0\0\0\x01\0\0\0\x40\0\0\0\x20\
\x34\0\0\0\0\0\0\x01\0\0\0\x3c\0\0\0\xe8\x34\0\0\0\0\0\0\x01\0\0\0\x41\0\0\0\
\x48\x35\0\0\0\0\0\0\x01\0\0\0\x3d\0\0\0\xa0\x35\0\0\0\0\0\0\x01\0\0\0\x3e\0\0\
\0\xe8\x35\0\0\0\0\0\0\x01\0\0\0\x3e\0\0\0\x28\x36\0\0\0\0\0\0\x01\0\0\0\x3e\0\
\0\0\x70\x36\0\0\0\0\0\0\x01\0\0\0\x3e\0\0\0\xa0\x36\0\0\0\0\0\0\x01\0\0\0\x3c\
\0\0\0\xd8\x36\0\0\0\0\0\0\x01\0\0\0\x3d\0\0\0\x9f\xeb\x01\0\x18\0\0\0\0\0\0\0\
\x84\x87\0\0\x84\x87\0\0\x2e\x7d\0\0\0\0\0\0\0\0\0\x02\x03\0\0\0\x01\0\0\0\0\0\
\0\x01\x04\0\0\0\x20\0\0\x01\0\0\0\0\0\0\0\x03\0\0\0\0\x02\0\0\0\x04\0\0\0\x09\
\0\0\0\x05\0\0\0\0\0\0\x01\x04\0\0\0\x20\0\0\0\0\0\0\0\0\0\0\x02\x06\0\0\0\0\0\
\0\0\0\0\0\x03\0\0\0\0\x02\0\0\0\x04\0\0\0\0\0\x01\0\0\0\0\0\0\0\0\x02\x08\0\0\
\0\x19\0\0\0\0\0\0\x08\x09\0\0\0\x1f\0\0\0\0\0\0\x01\x08\0\0\0\x40\0\0\0\0\0\0\
\0\0\0\0\x02\x0b\0\0\0\x32\0\0\0\x03\0\0\x04\x60\0\0\0\x44\0\0\0\x0c\0\0\0\0\0\
\0\0\x4a\0\0\0\x0c\0\0\0\x20\0\0\0\x50\0\0\0\x16\0\0\0\x40\0\0\0\x55\0\0\0\0\0\
\0\x08\x0d\0\0\0\x5b\0\0\0\0\0\0\x01\x04\0\0\0\x20\0\0\0\x68\0\0\0\x08\0\0\x04\
\x2c\0\0\0\x73\0\0\0\x0f\0\0\0\0\0\0\0\x7a\0\0\0\x11\0\0\0\x10\0\0\0\x83\0\0\0\
\x11\0\0\0\x18\0\0\0\x87\0\0\0\x13\0\0\0\x20\0\0\0\x8b\0\0\0\x13\0\0\0\xa0\0\0\
\0\x8f\0\0\0\x14\0\0\0\x20\x01\0\0\x95\0\0\0\x14\0\0\0\x30\x01\0\0\x9b\0\0\0\
\x15\0\0\0\x40\x01\0\0\x9f\0\0\0\0\0\0\x08\x10\0\0\0\xa5\0\0\0\0\0\0\x01\x02\0\
\0\0\x10\0\0\0\xb4\0\0\0\0\0\0\x08\x12\0\0\0\xb9\0\0\0\0\0\0\x01\x01\0\0\0\x08\
\0\0\0\0\0\0\0\0\0\0\x03\0\0\0\0\x11\0\0\0\x04\0\0\0\x10\0\0\0\xc7\0\0\0\0\0\0\
\x08\x0f\0\0\0\xce\0\0\0\0\0\0\x08\x0c\0\0\0\0\0\0\0\0\0\0\x03\0\0\0\0\x0e\0\0\
\0\x04\0\0\0\x02\0\0\0\0\0\0\0\x04\0\0\x04\x20\0\0\0\xd5\0\0\0\x01\0\0\0\0\0\0\
\0\xda\0\0\0\x05\0\0\0\x40\0\0\0\xe6\0\0\0\x07\0\0\0\x80\0\0\0\xea\0\0\0\x0a\0\
\0\0\xc0\0\0\0\xf0\0\0\0\0\0\0\x0e\x17\0\0\0\x01\0\0\0\0\0\0\0\0\0\0\x02\x1a\0\
\0\0\0\0\0\0\0\0\0\x03\0\0\0\0\x02\0\0\0\x04\0\0\0\0\0\x02\0\0\0\0\0\0\0\0\x02\
\x0e\0\0\0\0\0\0\0\0\0\0\x02\x1d\0\0\0\xfc\0\0\0\x03\0\0\x04\x10\0\0\0\x0f\x01\
\0\0\x08\0\0\0\0\0\0\0\x16\x01\0\0\x0c\0\0\0\x40\0\0\0\x83\0\0\0\x0c\0\0\0\x60\
\0\0\0\0\0\0\0\x04\0\0\x04\x20\0\0\0\xd5\0\0\0\x01\0\0\0\0\0\0\0\xda\0\0\0\x19\
\0\0\0\x40\0\0\0\xe6\0\0\0\x1b\0\0\0\x80\0\0\0\xea\0\0\0\x1c\0\0\0\xc0\0\0\0\
\x20\x01\0\0\0\0\0\x0e\x1e\0\0\0\x01\0\0\0\0\0\0\0\0\0\0\x02\x21\0\0\0\0\0\0\0\
\0\0\0\x03\0\0\0\0\x02\0\0\0\x04\0\0\0\x06\0\0\0\0\0\0\0\0\0\0\x02\x23\0\0\0\0\
\0\0\0\0\0\0\x03\0\0\0\0\x02\0\0\0\x04\0\0\0\x01\0\0\0\0\0\0\0\0\0\0\x02\x0c\0\
\0\0\0\0\0\0\0\0\0\x02\x26\0\0\0\x2e\x01\0\0\x03\0\0\x04\x08\x01\0\0\x3c\x01\0\
\0\x0c\0\0\0\0\0\0\0\x44\x01\0\0\x0c\0\0\0\x20\0\0\0\x4b\x01\0\0\x27\0\0\0\x40\
\0\0\0\0\0\0\0\0\0\0\x03\0\0\0\0\x11\0\0\0\x04\0\0\0\0\x01\0\0\0\0\0\0\x04\0\0\
\x04\x20\0\0\0\xd5\0\0\0\x20\0\0\0\0\0\0\0\xda\0\0\0\x22\0\0\0\x40\0\0\0\xe6\0\
\0\0\x24\0\0\0\x80\0\0\0\xea\0\0\0\x25\0\0\0\xc0\0\0\0\x53\x01\0\0\0\0\0\x0e\
\x28\0\0\0\x01\0\0\0\0\0\0\0\x04\0\0\x04\x20\0\0\0\xd5\0\0\0\x01\0\0\0\0\0\0\0\
\xda\0\0\0\x05\0\0\0\x40\0\0\0\xe6\0\0\0\x07\0\0\0\x80\0\0\0\xea\0\0\0\x25\0\0\
\0\xc0\0\0\0\x62\x01\0\0\0\0\0\x0e\x2a\0\0\0\x01\0\0\0\0\0\0\0\0\0\0\x02\x2d\0\
\0\0\0\0\0\0\0\0\0\x03\0\0\0\0\x02\0\0\0\x04\0\0\0\x02\0\0\0\0\0\0\0\0\0\0\x02\
\x2f\0\0\0\0\0\0\0\0\0\0\x03\0\0\0\0\x02\0\0\0\x04\0\0\0\0\x04\0\0\0\0\0\0\0\0\
\0\x02\x31\0\0\0\0\0\0\0\0\0\0\x03\0\0\0\0\x02\0\0\0\x04\0\0\0\x0c\0\0\0\0\0\0\
\0\x05\0\0\x04\x28\0\0\0\xd5\0\0\0\x2c\0\0\0\0\0\0\0\x71\x01\0\0\x2e\0\0\0\x40\
\0\0\0\xda\0\0\0\x30\0\0\0\x80\0\0\0\xe6\0\0\0\x24\0\0\0\xc0\0\0\0\xea\0\0\0\
\x07\0\0\0\0\x01\0\0\x7b\x01\0\0\0\0\0\x0e\x32\0\0\0\x01\0\0\0\0\0\0\0\0\0\0\
\x02\x35\0\0\0\x88\x01\0\0\x02\0\0\x04\x10\0\0\0\x93\x01\0\0\x36\0\0\0\0\0\0\0\
\x99\x01\0\0\x38\0\0\0\x40\0\0\0\0\0\0\0\0\0\0\x02\x37\0\0\0\0\0\0\0\0\0\0\x0a\
\x3b\0\0\0\0\0\0\0\0\0\0\x02\xcd\0\0\0\0\0\0\0\x01\0\0\x0d\x02\0\0\0\x9d\x01\0\
\0\x34\0\0\0\xa1\x01\0\0\x01\0\0\x0c\x39\0\0\0\xac\x01\0\0\x07\0\0\x04\x30\0\0\
\0\xba\x01\0\0\x3c\0\0\0\0\0\0\0\xbf\x01\0\0\x3c\0\0\0\x08\0\0\0\xc2\x01\0\0\
\x3d\0\0\0\x40\0\0\0\xc5\x01\0\0\x3d\0\0\0\x80\0\0\0\xc9\x01\0\0\x3e\0\0\0\xc0\
\0\0\0\xcc\x01\0\0\x3f\0\0\0\0\x01\0\0\xd0\x01\0\0\x40\0\0\0\x40\x01\0\0\xd5\
\x01\0\0\0\0\0\x08\x11\0\0\0\0\0\0\0\0\0\0\x02\xf8\0\0\0\0\0\0\0\0\0\0\x02\x2c\
\x02\0\0\0\0\0\0\0\0\0\x02\x42\0\0\0\0\0\0\0\0\0\0\x02\x41\0\0\0\0\0\0\0\x03\0\
\0\x0d\x02\0\0\0\0\0\0\0\x3f\0\0\0\0\0\0\0\x3e\0\0\0\0\0\0\0\x38\0\0\0\xcc\x01\
\0\0\x3a\0\0\x04\x40\x12\0\0\xd8\x01\0\0\x43\0\0\0\0\0\0\0\xe0\x01\0\0\x47\0\0\
\0\x20\0\0\0\xef\x01\0\0\x45\0\0\0\x40\0\0\0\xff\x01\0\0\x0d\0\0\0\x60\0\0\0\
\x0c\x02\0\0\x51\0\0\0\x80\0\0\0\x14\x02\0\0\x47\0\0\0\xa0\0\0\0\x1e\x02\0\0\
\x45\0\0\0\xc0\0\0\0\x29\x02\0\0\x52\0\0\0\0\x01\0\0\x2e\x02\0\0\x52\0\0\0\x80\
\x01\0\0\x38\x02\0\0\x54\0\0\0\0\x02\0\0\x48\x02\0\0\x54\0\0\0\x40\x02\0\0\x55\
\x02\0\0\x56\0\0\0\x80\x02\0\0\x60\x02\0\0\x57\0\0\0\xc0\x02\0\0\x68\x02\0\0\
\x58\0\0\0\0\x03\0\0\x70\x02\0\0\x59\0\0\0\x40\x03\0\0\x7a\x02\0\0\x5d\0\0\0\0\
\x04\0\0\x7d\x02\0\0\x66\0\0\0\xc0\x04\0\0\x8c\x02\0\0\x66\0\0\0\xc0\x04\0\0\
\x9e\x02\0\0\x52\0\0\0\xc0\x04\0\0\xac\x02\0\0\x67\0\0\0\x40\x05\0\0\xb5\x02\0\
\0\x67\0\0\0\x80\x05\0\0\xc3\x02\0\0\x68\0\0\0\xc0\x05\0\0\xcb\x02\0\0\x3e\0\0\
\0\xc0\x08\0\0\xd0\x02\0\0\x3e\0\0\0\0\x09\0\0\xda\x02\0\0\x7d\0\0\0\x40\x09\0\
\0\xe6\x02\0\0\x7e\0\0\0\x80\x09\0\0\xf4\x02\0\0\x7e\0\0\0\xc0\x09\0\0\x03\x03\
\0\0\x5a\0\0\0\0\x0a\0\0\x10\x03\0\0\x7f\0\0\0\x80\x0a\0\0\x1d\x03\0\0\x51\0\0\
\0\xc0\x0a\0\0\x26\x03\0\0\x3d\0\0\0\0\x0b\0\0\x33\x03\0\0\x52\0\0\0\x40\x0b\0\
\0\x3d\x03\0\0\x81\0\0\0\xc0\x0b\0\0\x42\x03\0\0\x85\0\0\0\0\x0d\0\0\x46\x03\0\
\0\x91\0\0\0\0\x11\0\0\x4d\x03\0\0\x95\0\0\0\x40\x12\0\0\x51\x03\0\0\x98\0\0\0\
\x40\x13\0\0\x59\x03\0\0\x9b\0\0\0\0\x16\0\0\x5e\x03\0\0\xc1\0\0\0\0\x30\0\0\
\x63\x03\0\0\x9b\x02\0\0\0\x4a\0\0\x75\x03\0\0\x9d\x02\0\0\x80\x4a\0\0\x7a\x03\
\0\0\xa0\x02\0\0\0\x54\0\0\x7d\x03\0\0\xbf\x02\0\0\x40\x5c\0\0\x80\x03\0\0\xcd\
\x02\0\0\x80\x63\0\0\x84\x03\0\0\xce\x02\0\0\xc0\x63\0\0\x87\x03\0\0\x48\x02\0\
\0\0\x64\0\0\x95\x03\0\0\xd0\x02\0\0\xc0\x64\0\0\x99\x03\0\0\xd1\x02\0\0\0\x65\
\0\0\x9d\x03\0\0\xf3\x02\0\0\0\x68\0\0\xa2\x03\0\0\xbf\0\0\0\0\x82\0\0\xad\x03\
\0\0\xf9\x02\0\0\x40\x82\0\0\xb2\x03\0\0\xfb\x02\0\0\x80\x82\0\0\xb7\x03\0\0\
\xff\x02\0\0\x80\x83\0\0\xbb\x03\0\0\x06\x03\0\0\x80\x88\0\0\xbf\x03\0\0\x07\
\x03\0\0\xc0\x89\0\0\xc4\x03\0\0\x3e\0\0\0\xc0\x8d\0\0\xd0\x03\0\0\x3e\0\0\0\0\
\x8e\0\0\xda\x03\0\0\x08\x03\0\0\x40\x8e\0\0\xde\x03\0\0\0\0\0\x08\x44\0\0\0\
\xe9\x03\0\0\x01\0\0\x04\x04\0\0\0\xf9\x03\0\0\x45\0\0\0\0\0\0\0\xfe\x03\0\0\0\
\0\0\x08\x46\0\0\0\0\0\0\0\x01\0\0\x04\x04\0\0\0\x07\x04\0\0\x02\0\0\0\0\0\0\0\
\x0f\x04\0\0\0\0\0\x08\x48\0\0\0\x1a\x04\0\0\x01\0\0\x04\x04\0\0\0\0\0\0\0\x49\
\0\0\0\0\0\0\0\0\0\0\0\x01\0\0\x05\x04\0\0\0\x23\x04\0\0\x4a\0\0\0\0\0\0\0\x29\
\x04\0\0\x01\0\0\x04\x04\0\0\0\x36\x04\0\0\x4b\0\0\0\0\0\0\0\x3f\x04\0\0\0\0\0\
\x08\x4c\0\0\0\x4f\x04\0\0\x01\0\0\x04\x04\0\0\0\0\0\0\0\x4d\0\0\0\0\0\0\0\0\0\
\0\0\x03\0\0\x05\x04\0\0\0\x59\x04\0\0\x45\0\0\0\0\0\0\0\0\0\0\0\x4e\0\0\0\0\0\
\0\0\0\0\0\0\x4f\0\0\0\0\0\0\0\0\0\0\0\x02\0\0\x04\x02\0\0\0\x5d\x04\0\0\x3c\0\
\0\0\0\0\0\0\x64\x04\0\0\x3c\0\0\0\x08\0\0\0\0\0\0\0\x02\0\0\x04\x04\0\0\0\x6c\
\x04\0\0\x50\0\0\0\0\0\0\0\x7b\x04\0\0\x50\0\0\0\x10\0\0\0\x80\x04\0\0\0\0\0\
\x08\x0f\0\0\0\x84\x04\0\0\0\0\0\x08\x0c\0\0\0\x88\x04\0\0\x02\0\0\x04\x10\0\0\
\0\x92\x04\0\0\x53\0\0\0\0\0\0\0\x97\x04\0\0\x53\0\0\0\x40\0\0\0\0\0\0\0\0\0\0\
\x02\x52\0\0\0\x9c\x04\0\0\x01\0\0\x04\x08\0\0\0\x92\x04\0\0\x55\0\0\0\0\0\0\0\
\0\0\0\0\0\0\0\x02\x54\0\0\0\0\0\0\0\0\0\0\x02\x57\x03\0\0\0\0\0\0\0\0\0\x02\
\x58\x03\0\0\0\0\0\0\0\0\0\x02\x5a\x03\0\0\xa7\x04\0\0\x03\0\0\x04\x18\0\0\0\
\xab\x04\0\0\x5a\0\0\0\0\0\0\0\xb2\x04\0\0\x0d\0\0\0\x80\0\0\0\xbb\x04\0\0\x0d\
\0\0\0\xa0\0\0\0\xc4\x04\0\0\x03\0\0\x04\x10\0\0\0\xcb\x04\0\0\x47\0\0\0\0\0\0\
\0\xd3\x04\0\0\x5b\0\0\0\x20\0\0\0\xdc\x04\0\0\x5c\0\0\0\x40\0\0\0\xe4\x04\0\0\
\0\0\0\x08\x0d\0\0\0\0\0\0\0\0\0\0\x02\0\0\0\0\xea\x04\0\0\x04\0\0\x04\x18\0\0\
\0\xf4\x04\0\0\x5e\0\0\0\0\0\0\0\xfc\x04\0\0\x64\0\0\0\x40\0\0\0\0\x05\0\0\x0d\
\0\0\0\x80\0\0\0\x4a\0\0\0\x43\0\0\0\xa0\0\0\0\x05\x05\0\0\0\0\0\x08\x5f\0\0\0\
\x13\x05\0\0\0\0\0\x08\x60\0\0\0\0\0\0\0\x01\0\0\x04\x08\0\0\0\x07\x04\0\0\x61\
\0\0\0\0\0\0\0\x1e\x05\0\0\0\0\0\x08\x62\0\0\0\x22\x05\0\0\0\0\0\x08\x63\0\0\0\
\x28\x05\0\0\0\0\0\x01\x08\0\0\0\x40\0\0\x01\0\0\0\0\0\0\0\x02\x65\0\0\0\0\0\0\
\0\0\0\0\x0a\x59\x03\0\0\x32\x05\0\0\0\0\0\x04\0\0\0\0\0\0\0\0\0\0\0\x02\x42\
\x03\0\0\x42\x05\0\0\x02\0\0\x04\x60\0\0\0\x50\x05\0\0\x69\0\0\0\0\0\0\0\x58\
\x05\0\0\x6c\0\0\0\x40\0\0\0\0\0\0\0\0\0\0\x02\x6a\0\0\0\0\0\0\0\x01\0\0\x0d\
\x02\0\0\0\0\0\0\0\x6b\0\0\0\0\0\0\0\0\0\0\x02\x68\0\0\0\x5c\x05\0\0\x02\0\0\
\x04\x58\0\0\0\x64\x05\0\0\x6d\0\0\0\0\0\0\0\x6b\x05\0\0\x7b\0\0\0\x80\x02\0\0\
\x70\x05\0\0\x08\0\0\x04\x50\0\0\0\0\0\0\0\x6e\0\0\0\0\0\0\0\x81\x05\0\0\x75\0\
\0\0\xc0\0\0\0\x8f\x05\0\0\x70\0\0\0\0\x01\0\0\x6b\x05\0\0\x76\0\0\0\x40\x01\0\
\0\x9d\x05\0\0\x6b\0\0\0\x80\x01\0\0\xa1\x05\0\0\x77\0\0\0\xc0\x01\0\0\xa8\x05\
\0\0\x78\0\0\0\0\x02\0\0\xad\x05\0\0\x79\0\0\0\x40\x02\0\0\0\0\0\0\x02\0\0\x05\
\x18\0\0\0\0\0\0\0\x6f\0\0\0\0\0\0\0\xb4\x05\0\0\x71\0\0\0\0\0\0\0\0\0\0\0\x05\
\0\0\x04\x18\0\0\0\xb8\x05\0\0\x70\0\0\0\0\0\0\0\xc2\x05\0\0\x02\0\0\0\x40\0\0\
\0\xd1\x05\0\0\x02\0\0\0\x60\0\0\0\x4a\0\0\0\x02\0\0\0\x80\0\0\0\xd6\x05\0\0\
\x02\0\0\0\xa0\0\0\0\0\0\0\0\0\0\0\x02\x5b\x03\0\0\xdb\x05\0\0\x02\0\0\x04\x10\
\0\0\0\x92\x04\0\0\x72\0\0\0\0\0\0\0\xe9\x05\0\0\x73\0\0\0\x40\0\0\0\0\0\0\0\0\
\0\0\x02\x71\0\0\0\0\0\0\0\0\0\0\x02\x74\0\0\0\0\0\0\0\x01\0\0\x0d\0\0\0\0\0\0\
\0\0\x72\0\0\0\0\0\0\0\0\0\0\x02\x87\x01\0\0\0\0\0\0\0\0\0\x02\x5c\x03\0\0\0\0\
\0\0\0\0\0\x02\x6c\0\0\0\0\0\0\0\0\0\0\x02\x5d\x03\0\0\xee\x05\0\0\x01\0\0\x04\
\x08\0\0\0\xf9\x05\0\0\x7a\0\0\0\0\0\0\0\0\0\0\0\0\0\0\x02\x5c\x01\0\0\xff\x05\
\0\0\x01\0\0\x04\x08\0\0\0\x07\x06\0\0\x7c\0\0\0\0\0\0\0\0\0\0\0\0\0\0\x02\xd1\
\0\0\0\0\0\0\0\0\0\0\x02\x5e\x03\0\0\0\0\0\0\0\0\0\x02\x79\0\0\0\x0f\x06\0\0\
\x01\0\0\x04\x08\0\0\0\x21\x06\0\0\x80\0\0\0\0\0\0\0\0\0\0\0\0\0\0\x02\x3c\x03\
\0\0\x26\x06\0\0\x06\0\0\x04\x28\0\0\0\x31\x06\0\0\x82\0\0\0\0\0\0\0\x3c\x06\0\
\0\x02\0\0\0\x40\0\0\0\x4d\x06\0\0\x02\0\0\0\x60\0\0\0\x5f\x06\0\0\x3c\0\0\0\
\x80\0\0\0\x6f\x06\0\0\x83\0\0\0\xc0\0\0\0\x7a\x06\0\0\x84\0\0\0\0\x01\0\0\0\0\
\0\0\0\0\0\x02\x6d\0\0\0\0\0\0\0\0\0\0\x02\x5f\x03\0\0\0\0\0\0\0\0\0\x02\x32\
\x03\0\0\x8b\x06\0\0\x10\0\0\x04\x80\0\0\0\x95\x06\0\0\x86\0\0\0\0\0\0\0\xa3\
\x06\0\0\x86\0\0\0\x40\0\0\0\xb3\x06\0\0\x87\0\0\0\x80\0\0\0\xc2\x06\0\0\x88\0\
\0\0\xc0\0\0\0\xd1\x06\0\0\x89\0\0\0\0\x01\0\0\xe0\x06\0\0\x89\0\0\0\x40\x01\0\
\0\xee\x06\0\0\x8a\0\0\0\x80\x01\0\0\xfe\x06\0\0\x8b\0\0\0\xc0\x01\0\0\x0d\x07\
\0\0\x8c\0\0\0\0\x02\0\0\x1e\x07\0\0\x89\0\0\0\x40\x02\0\0\x31\x07\0\0\x89\0\0\
\0\x80\x02\0\0\x43\x07\0\0\x8d\0\0\0\xc0\x02\0\0\x53\x07\0\0\x8e\0\0\0\0\x03\0\
\0\x66\x07\0\0\x8f\0\0\0\x40\x03\0\0\x78\x07\0\0\x90\0\0\0\x80\x03\0\0\x8d\x07\
\0\0\x67\0\0\0\xc0\x03\0\0\0\0\0\0\0\0\0\x02\x60\x03\0\0\0\0\0\0\0\0\0\x02\x61\
\x03\0\0\0\0\0\0\0\0\0\x02\x62\x03\0\0\0\0\0\0\0\0\0\x02\x63\x03\0\0\0\0\0\0\0\
\0\0\x02\x64\x03\0\0\0\0\0\0\0\0\0\x02\x65\x03\0\0\0\0\0\0\0\0\0\x02\x66\x03\0\
\0\0\0\0\0\0\0\0\x02\x67\x03\0\0\0\0\0\0\0\0\0\x02\x68\x03\0\0\0\0\0\0\0\0\0\
\x02\x69\x03\0\0\0\0\0\0\0\0\0\x02\x6a\x03\0\0\x9f\x07\0\0\x02\0\0\x04\x28\0\0\
\0\xac\x07\0\0\x92\0\0\0\0\0\0\0\xb8\x07\0\0\x79\0\0\0\0\x01\0\0\xbf\x07\0\0\
\x04\0\0\x04\x20\0\0\0\xc5\x07\0\0\x5e\0\0\0\0\0\0\0\xcb\x07\0\0\x93\0\0\0\x40\
\0\0\0\xd5\x07\0\0\x94\0\0\0\x60\0\0\0\xd9\x07\0\0\x52\0\0\0\x80\0\0\0\xe3\x07\
\0\0\0\0\0\x08\x4a\0\0\0\xf2\x07\0\0\x01\0\0\x04\x04\0\0\0\x7b\x04\0\0\x45\0\0\
\0\0\0\0\0\x08\x08\0\0\x03\0\0\x04\x20\0\0\0\x13\x08\0\0\x96\0\0\0\0\0\0\0\x19\
\x08\0\0\x02\0\0\0\x80\0\0\0\x2f\x08\0\0\x82\0\0\0\xc0\0\0\0\x33\x08\0\0\x02\0\
\0\x04\x10\0\0\0\x3e\x08\0\0\x97\0\0\0\0\0\0\0\x44\x08\0\0\x7e\0\0\0\x40\0\0\0\
\0\0\0\0\0\0\0\x02\x47\0\0\0\x4c\x08\0\0\x05\0\0\x04\x48\0\0\0\xff\x05\0\0\x7b\
\0\0\0\0\0\0\0\x5a\x08\0\0\x7e\0\0\0\x40\0\0\0\x62\x08\0\0\x0d\0\0\0\x80\0\0\0\
\x66\x08\0\0\x51\0\0\0\xa0\0\0\0\x78\x08\0\0\x99\0\0\0\xc0\0\0\0\x87\x08\0\0\
\x02\0\0\x04\x30\0\0\0\x9e\x08\0\0\x9a\0\0\0\0\0\0\0\x21\x06\0\0\x80\0\0\0\x40\
\x01\0\0\xa4\x08\0\0\x05\0\0\x04\x28\0\0\0\x4a\0\0\0\x5e\0\0\0\0\0\0\0\xc5\x07\
\0\0\x5e\0\0\0\x40\0\0\0\xd5\x07\0\0\x94\0\0\0\x80\0\0\0\xcb\x07\0\0\x93\0\0\0\
\xa0\0\0\0\xd9\x07\0\0\x52\0\0\0\xc0\0\0\0\xb1\x08\0\0\xa5\0\0\x04\x40\x03\0\0\
\xbc\x08\0\0\x9c\0\0\0\0\0\0\0\xe8\x08\0\0\x3c\0\0\0\0\0\0\0\x01\x09\0\0\x3c\0\
\0\0\x08\0\0\0\x1c\x09\0\0\x3c\0\0\0\x10\0\0\0\x33\x09\0\0\x3c\0\0\0\x18\0\0\0\
\x4a\x09\0\0\x02\0\0\0\x20\0\0\0\x61\x09\0\0\x0d\0\0\0\x40\0\0\0\x7a\x09\0\0\
\x02\0\0\0\x60\0\0\0\x98\x09\0\0\x02\0\0\0\x80\0\0\0\xb0\x09\0\0\x9d\0\0\0\xa0\
\0\0\0\xc0\x09\0\0\x3c\0\0\0\0\x01\0\0\xd7\x09\0\0\x9c\0\0\0\x08\x01\0\0\x01\
\x0a\0\0\x9c\0\0\0\x08\x01\0\0\x2f\x0a\0\0\x3c\0\0\0\x08\x01\0\0\x4a\x0a\0\0\
\x9c\0\0\0\x10\x01\0\0\x76\x0a\0\0\x9c\0\0\0\x10\x01\0\0\xa2\x0a\0\0\x3c\0\0\0\
\x10\x01\0\0\xb8\x0a\0\0\x3c\0\0\0\x18\x01\0\0\xcf\x0a\0\0\x02\0\0\0\x20\x01\0\
\0\xe5\x0a\0\0\x9d\0\0\0\x40\x01\0\0\xf5\x0a\0\0\x9c\0\0\0\xa0\x01\0\0\x1f\x0b\
\0\0\x9c\0\0\0\0\x02\0\0\x3d\x0b\0\0\x45\0\0\0\0\x02\0\0\x50\x0b\0\0\x51\0\0\0\
\x20\x02\0\0\x62\x0b\0\0\x9c\0\0\0\x40\x02\0\0\x7e\x0b\0\0\x9e\0\0\0\0\x04\0\0\
\x9a\x0b\0\0\x9f\0\0\0\0\x04\0\0\xa8\x0b\0\0\xa1\0\0\0\0\x08\0\0\xb2\x0b\0\0\
\x82\0\0\0\x40\x08\0\0\xbb\x0b\0\0\x82\0\0\0\x80\x08\0\0\xc5\x0b\0\0\x82\0\0\0\
\xc0\x08\0\0\xce\x0b\0\0\x82\0\0\0\0\x09\0\0\xd8\x0b\0\0\x82\0\0\0\x40\x09\0\0\
\xe2\x0b\0\0\xa2\0\0\0\x80\x09\0\0\xee\x0b\0\0\xa2\0\0\0\xc0\x09\0\0\xfb\x0b\0\
\0\xa3\0\0\0\0\x0a\0\0\x04\x0c\0\0\x92\0\0\0\x40\x0a\0\0\x33\x03\0\0\xa4\0\0\0\
\x40\x0b\0\0\x0d\x0c\0\0\xa5\0\0\0\x80\x0b\0\0\x16\x0c\0\0\xa5\0\0\0\xc0\x0b\0\
\0\x22\x0c\0\0\x0d\0\0\0\0\x0c\0\0\x3e\x0c\0\0\xa6\0\0\0\x20\x0c\0\0\x53\x0c\0\
\0\xa6\0\0\0\x28\x0c\0\0\x6f\x0c\0\0\xa6\0\0\0\x30\x0c\0\0\x84\x0c\0\0\x3c\0\0\
\0\x38\x0c\0\0\x9d\x0c\0\0\x45\0\0\0\x40\x0c\0\0\xb4\x0c\0\0\x7e\0\0\0\x80\x0c\
\0\0\xc3\x0c\0\0\x3e\0\0\0\xc0\x0c\0\0\xc9\x0c\0\0\x3e\0\0\0\0\x0d\0\0\xd8\x0c\
\0\0\xa8\0\0\0\x40\x0d\0\0\xde\x0c\0\0\xa9\0\0\0\x80\x0d\0\0\xe4\x0c\0\0\x3c\0\
\0\0\xc0\x0d\0\0\0\x0d\0\0\x3c\0\0\0\xc8\x0d\0\0\x1e\x0d\0\0\x3c\0\0\0\xd0\x0d\
\0\0\x41\x0d\0\0\x3c\0\0\0\xd8\x0d\0\0\x6a\x0d\0\0\x3c\0\0\0\xe0\x0d\0\0\x90\
\x0d\0\0\x02\0\0\0\0\x0e\0\0\xa6\x0d\0\0\x02\0\0\0\x20\x0e\0\0\xbb\x0d\0\0\x02\
\0\0\0\x40\x0e\0\0\xd4\x0d\0\0\x02\0\0\0\x60\x0e\0\0\xeb\x0d\0\0\x51\0\0\0\x80\
\x0e\0\0\xfa\x0d\0\0\x02\0\0\0\xa0\x0e\0\0\x0c\x0e\0\0\x02\0\0\0\xc0\x0e\0\0\
\x1d\x0e\0\0\xaa\0\0\0\xe0\x0e\0\0\x2c\x0e\0\0\x3c\0\0\0\x20\x0f\0\0\x3b\x0e\0\
\0\x3c\0\0\0\x28\x0f\0\0\x53\x0e\0\0\x3c\0\0\0\x30\x0f\0\0\x69\x0e\0\0\x3c\0\0\
\0\x38\x0f\0\0\x80\x0e\0\0\x3c\0\0\0\x40\x0f\0\0\x9e\x0e\0\0\x3c\0\0\0\x48\x0f\
\0\0\xb6\x0e\0\0\x3c\0\0\0\x50\x0f\0\0\xcf\x0e\0\0\x3c\0\0\0\x58\x0f\0\0\xe1\
\x0e\0\0\x3c\0\0\0\x60\x0f\0\0\xfa\x0e\0\0\x3c\0\0\0\x68\x0f\0\0\x11\x0f\0\0\
\x3c\0\0\0\x70\x0f\0\0\x2c\x0f\0\0\x3c\0\0\0\x78\x0f\0\0\x42\x0f\0\0\x3c\0\0\0\
\x80\x0f\0\0\x5b\x0f\0\0\x3c\0\0\0\x88\x0f\0\0\x74\x0f\0\0\x3c\0\0\0\x90\x0f\0\
\0\x8b\x0f\0\0\x02\0\0\0\xa0\x0f\0\0\xa6\x0f\0\0\x02\0\0\0\xc0\x0f\0\0\xba\x0f\
\0\0\x02\0\0\0\xe0\x0f\0\0\xd5\x0f\0\0\x51\0\0\0\0\x10\0\0\xef\x0f\0\0\x02\0\0\
\0\x20\x10\0\0\x09\x10\0\0\x02\0\0\0\x40\x10\0\0\x24\x10\0\0\x3c\0\0\0\x60\x10\
\0\0\x40\x10\0\0\x3c\0\0\0\x68\x10\0\0\x57\x10\0\0\x3c\0\0\0\x70\x10\0\0\x71\
\x10\0\0\x3c\0\0\0\x78\x10\0\0\x87\x10\0\0\x3c\0\0\0\x80\x10\0\0\x9e\x10\0\0\
\x3c\0\0\0\x88\x10\0\0\xb6\x10\0\0\x3c\0\0\0\x90\x10\0\0\xd3\x10\0\0\x3c\0\0\0\
\x98\x10\0\0\xee\x10\0\0\x3c\0\0\0\xa0\x10\0\0\x02\x11\0\0\x3c\0\0\0\xa8\x10\0\
\0\x16\x11\0\0\x3c\0\0\0\xb0\x10\0\0\x30\x11\0\0\x3c\0\0\0\xb8\x10\0\0\x44\x11\
\0\0\x02\0\0\0\xc0\x10\0\0\x5b\x11\0\0\x3c\0\0\0\xe0\x10\0\0\x6b\x11\0\0\x3c\0\
\0\0\xe8\x10\0\0\x85\x11\0\0\x3c\0\0\0\xf0\x10\0\0\x9b\x11\0\0\x3c\0\0\0\xf8\
\x10\0\0\xaf\x11\0\0\x3c\0\0\0\0\x11\0\0\xcf\x11\0\0\x3c\0\0\0\x08\x11\0\0\xf0\
\x11\0\0\x3c\0\0\0\x10\x11\0\0\x0c\x12\0\0\x3c\0\0\0\x18\x11\0\0\x1e\x12\0\0\
\x3c\0\0\0\x20\x11\0\0\x31\x12\0\0\x3c\0\0\0\x28\x11\0\0\x4e\x12\0\0\x3c\0\0\0\
\x30\x11\0\0\x5e\x12\0\0\x02\0\0\0\x40\x11\0\0\x78\x12\0\0\x02\0\0\0\x60\x11\0\
\0\x91\x12\0\0\x3c\0\0\0\x80\x11\0\0\xa2\x12\0\0\x3c\0\0\0\x88\x11\0\0\xb5\x12\
\0\0\x3c\0\0\0\x90\x11\0\0\xc5\x12\0\0\x3c\0\0\0\x98\x11\0\0\xdf\x12\0\0\x3c\0\
\0\0\xa0\x11\0\0\x03\x13\0\0\x3c\0\0\0\xa8\x11\0\0\x28\x13\0\0\x02\0\0\0\xc0\
\x11\0\0\x47\x13\0\0\x3c\0\0\0\xe0\x11\0\0\x5f\x13\0\0\x3c\0\0\0\xe8\x11\0\0\
\x76\x13\0\0\x02\0\0\0\0\x12\0\0\x93\x13\0\0\x02\0\0\0\x20\x12\0\0\xae\x13\0\0\
\x02\0\0\0\x40\x12\0\0\xc9\x13\0\0\x0d\0\0\0\x60\x12\0\0\xe8\x13\0\0\xab\0\0\0\
\x80\x12\0\0\x06\x14\0\0\xab\0\0\0\xc0\x12\0\0\x24\x14\0\0\x02\0\0\0\0\x13\0\0\
\x3b\x14\0\0\x02\0\0\0\x20\x13\0\0\x4f\x14\0\0\xac\0\0\0\x40\x13\0\0\x66\x14\0\
\0\xae\0\0\0\x80\x13\0\0\x77\x14\0\0\x0d\0\0\0\xc0\x13\0\0\x9d\x14\0\0\x45\0\0\
\0\xe0\x13\0\0\xb6\x14\0\0\xab\0\0\0\0\x14\0\0\xcf\x14\0\0\x51\0\0\0\x40\x14\0\
\0\xe7\x14\0\0\x51\0\0\0\x60\x14\0\0\xfb\x14\0\0\x3c\0\0\0\x80\x14\0\0\x12\x15\
\0\0\x3c\0\0\0\x88\x14\0\0\x34\x15\0\0\x3c\0\0\0\x90\x14\0\0\x51\x15\0\0\x3c\0\
\0\0\x98\x14\0\0\x70\x15\0\0\x02\0\0\0\xa0\x14\0\0\x8b\x15\0\0\x02\0\0\0\xc0\
\x14\0\0\x9f\x15\0\0\x02\0\0\0\xe0\x14\0\0\xb3\x15\0\0\x3c\0\0\0\0\x15\0\0\xd4\
\x15\0\0\x3c\0\0\0\x08\x15\0\0\xf3\x15\0\0\x3c\0\0\0\x10\x15\0\0\x0c\x16\0\0\
\x3c\0\0\0\x18\x15\0\0\x24\x16\0\0\x02\0\0\0\x20\x15\0\0\x40\x16\0\0\x02\0\0\0\
\x40\x15\0\0\x54\x16\0\0\x02\0\0\0\x60\x15\0\0\x64\x16\0\0\xaf\0\0\0\x80\x15\0\
\0\x75\x16\0\0\x45\0\0\0\0\x16\0\0\x84\x16\0\0\x0d\0\0\0\x20\x16\0\0\xa2\x16\0\
\0\xbb\0\0\0\x40\x16\0\0\xbe\x16\0\0\x02\0\0\0\x80\x16\0\0\xd2\x16\0\0\x52\0\0\
\0\xc0\x16\0\0\xdc\x16\0\0\xa4\0\0\0\x40\x17\0\0\xe9\x16\0\0\x51\0\0\0\x80\x17\
\0\0\x0a\x17\0\0\x3c\0\0\0\xa0\x17\0\0\x29\x17\0\0\x3c\0\0\0\xa8\x17\0\0\x4a\
\x17\0\0\xbc\0\0\0\xc0\x17\0\0\x57\x17\0\0\x0d\0\0\0\0\x18\0\0\x5f\x17\0\0\xbc\
\0\0\0\x40\x18\0\0\x71\x17\0\0\x0d\0\0\0\x80\x18\0\0\x7a\x17\0\0\x45\0\0\0\xa0\
\x18\0\0\x83\x17\0\0\xbd\0\0\0\xc0\x18\0\0\0\0\0\0\0\0\0\x03\0\0\0\0\x11\0\0\0\
\x04\0\0\0\0\0\0\0\0\0\0\0\0\0\0\x03\0\0\0\0\x02\0\0\0\x04\0\0\0\x03\0\0\0\0\0\
\0\0\0\0\0\x04\0\0\0\0\x8d\x17\0\0\x03\0\0\x04\x80\0\0\0\xa5\x17\0\0\x43\0\0\0\
\0\0\0\0\xb1\x17\0\0\xa0\0\0\0\0\x02\0\0\xba\x17\0\0\x02\0\0\0\x40\x02\0\0\0\0\
\0\0\0\0\0\x02\x6b\x03\0\0\0\0\0\0\0\0\0\x02\x6c\x03\0\0\0\0\0\0\0\0\0\x02\x6d\
\x03\0\0\0\0\0\0\0\0\0\x02\x6e\x03\0\0\0\0\0\0\0\0\0\x02\x6f\x03\0\0\0\0\0\0\0\
\0\0\x02\x49\x03\0\0\xd0\x17\0\0\0\0\0\x08\xa7\0\0\0\xd5\x17\0\0\0\0\0\x01\x01\
\0\0\0\x08\0\0\x04\0\0\0\0\0\0\0\x02\x4a\x03\0\0\0\0\0\0\0\0\0\x02\x4b\x03\0\0\
\xdb\x17\0\0\x02\0\0\x04\x08\0\0\0\xe7\x17\0\0\x51\0\0\0\0\0\0\0\xed\x17\0\0\
\xa6\0\0\0\x20\0\0\0\xf4\x17\0\0\0\0\0\x01\x08\0\0\0\x40\0\0\0\0\0\0\0\0\0\0\
\x02\xad\0\0\0\0\0\0\0\0\0\0\x0a\x4c\x03\0\0\0\0\0\0\0\0\0\x02\x4d\x03\0\0\x64\
\x16\0\0\x02\0\0\x04\x10\0\0\0\x02\x18\0\0\xb0\0\0\0\0\0\0\0\xe7\x17\0\0\xba\0\
\0\0\x40\0\0\0\x07\x18\0\0\0\0\0\x08\xb1\0\0\0\0\0\0\0\x02\0\0\x04\x08\0\0\0\
\x11\x18\0\0\xb2\0\0\0\0\0\0\0\x02\x18\0\0\x47\0\0\0\x20\0\0\0\x1a\x18\0\0\0\0\
\0\x08\xb3\0\0\0\x2e\x18\0\0\x01\0\0\x04\x04\0\0\0\x11\x18\0\0\xb4\0\0\0\0\0\0\
\0\x40\x18\0\0\0\0\0\x08\xb5\0\0\0\x11\x18\0\0\x01\0\0\x04\x04\0\0\0\x4b\x18\0\
\0\x0d\0\0\0\0\0\0\0\x54\x18\0\0\0\0\0\x08\xb7\0\0\0\0\0\0\0\x01\0\0\x04\x04\0\
\0\0\x59\x04\0\0\xb8\0\0\0\0\0\0\0\x5b\x18\0\0\0\0\0\x08\xb9\0\0\0\x61\x18\0\0\
\0\0\0\x08\x0d\0\0\0\0\0\0\0\0\0\0\x03\0\0\0\0\xb6\0\0\0\x04\0\0\0\x02\0\0\0\0\
\0\0\0\0\0\0\x02\xab\0\0\0\0\0\0\0\0\0\0\x02\x4f\x03\0\0\x72\x18\0\0\0\0\0\x08\
\xbe\0\0\0\0\0\0\0\x01\0\0\x04\x10\0\0\0\xe6\0\0\0\xc0\0\0\0\0\0\0\0\x80\x18\0\
\0\0\0\0\x08\x08\0\0\0\0\0\0\0\0\0\0\x03\0\0\0\0\xbf\0\0\0\x04\0\0\0\x02\0\0\0\
\x84\x18\0\0\x2a\0\0\x04\x40\x03\0\0\x8f\x18\0\0\xc2\0\0\0\0\0\0\0\x9b\x18\0\0\
\x8f\x02\0\0\0\x06\0\0\xe2\x0b\0\0\x91\x02\0\0\xc0\x0b\0\0\xee\x0b\0\0\x91\x02\
\0\0\0\x0c\0\0\xd8\x0c\0\0\xa8\0\0\0\x40\x0c\0\0\xde\x0c\0\0\xa9\0\0\0\x80\x0c\
\0\0\xa2\x18\0\0\x92\x02\0\0\xc0\x0c\0\0\xb2\x18\0\0\x93\x02\0\0\0\x0d\0\0\xc1\
\x18\0\0\x94\x02\0\0\x40\x0d\0\0\xcb\x18\0\0\x61\x01\0\0\x80\x0d\0\0\xb4\x0c\0\
\0\x7e\0\0\0\xc0\x0e\0\0\xd9\x18\0\0\x95\x02\0\0\0\x0f\0\0\xe7\x18\0\0\x52\0\0\
\0\x40\x0f\0\0\xf4\x18\0\0\xe2\x01\0\0\xc0\x0f\0\0\x05\x19\0\0\x47\0\0\0\0\x10\
\0\0\x12\x19\0\0\x45\0\0\0\x20\x10\0\0\x23\x19\0\0\xab\0\0\0\x40\x10\0\0\x32\
\x19\0\0\x12\0\0\0\x80\x10\0\0\x45\x19\0\0\xa6\0\0\0\x88\x10\0\0\x5b\x19\0\0\
\x0d\0\0\0\xa0\x10\0\0\x78\x19\0\0\x0d\0\0\0\xc0\x10\0\0\x90\x19\0\0\x93\x02\0\
\0\0\x11\0\0\xa3\x19\0\0\x93\x02\0\0\x40\x11\0\0\xb6\x19\0\0\x95\x02\0\0\x80\
\x11\0\0\xc5\x19\0\0\xa4\0\0\0\xc0\x11\0\0\xd4\x19\0\0\x3e\0\0\0\0\x12\0\0\xdd\
\x19\0\0\x3e\0\0\0\x40\x12\0\0\xe4\x19\0\0\x3e\0\0\0\x80\x12\0\0\xc9\x0c\0\0\
\x3e\0\0\0\xc0\x12\0\0\xec\x19\0\0\x7e\0\0\0\0\x13\0\0\xfb\x19\0\0\x47\0\0\0\
\x40\x13\0\0\x0e\x1a\0\0\x96\x02\0\0\x80\x13\0\0\x1c\x1a\0\0\x52\0\0\0\x40\x16\
\0\0\x27\x1a\0\0\xa4\0\0\0\xc0\x16\0\0\x75\x16\0\0\x45\0\0\0\0\x17\0\0\x35\x1a\
\0\0\x45\0\0\0\x20\x17\0\0\x41\x1a\0\0\x98\x02\0\0\x40\x17\0\0\x4a\x17\0\0\xbc\
\0\0\0\x80\x17\0\0\x4b\x1a\0\0\xbc\0\0\0\xc0\x17\0\0\x71\x17\0\0\x0d\0\0\0\0\
\x18\0\0\x5e\x1a\0\0\x99\x02\0\0\x40\x18\0\0\x6f\x1a\0\0\x9a\x02\0\0\xc0\x18\0\
\0\x7a\x1a\0\0\x12\0\0\x04\xc0\0\0\0\x73\0\0\0\x10\0\0\0\0\0\0\0\x82\x1a\0\0\
\x0d\0\0\0\x20\0\0\0\x8c\x1a\0\0\xc3\0\0\0\x40\0\0\0\x8f\x1a\0\0\xc6\0\0\0\x80\
\0\0\0\x95\x1a\0\0\xed\0\0\0\xc0\0\0\0\xa4\x1a\0\0\xed\0\0\0\0\x01\0\0\xa8\x1a\
\0\0\xf1\0\0\0\x40\x01\0\0\xb4\x1a\0\0\xf4\0\0\0\x80\x01\0\0\xbc\x1a\0\0\xf6\0\
\0\0\xc0\x01\0\0\xc3\x1a\0\0\x2a\x02\0\0\0\x02\0\0\xd3\x1a\0\0\xd8\0\0\0\x40\
\x02\0\0\xe0\x1a\0\0\x77\x02\0\0\x80\x02\0\0\xec\x1a\0\0\x79\x02\0\0\xc0\x02\0\
\0\xf5\x1a\0\0\x40\0\0\0\0\x03\0\0\xff\x1a\0\0\x7b\x02\0\0\x40\x03\0\0\x0c\x1b\
\0\0\x8a\x02\0\0\x80\x03\0\0\x1a\x1b\0\0\x8c\x02\0\0\xc0\x03\0\0\x26\x1b\0\0\
\x8d\x02\0\0\0\x04\0\0\0\0\0\0\0\0\0\x02\xc4\0\0\0\0\0\0\0\x01\0\0\x0d\0\0\0\0\
\0\0\0\0\xc5\0\0\0\0\0\0\0\0\0\0\x02\xc2\0\0\0\0\0\0\0\0\0\0\x02\xc7\0\0\0\0\0\
\0\0\x02\0\0\x0d\xc8\0\0\0\0\0\0\0\xc8\0\0\0\0\0\0\0\x0c\0\0\0\0\0\0\0\0\0\0\
\x02\xc9\0\0\0\x34\x1b\0\0\x16\0\0\x04\x88\0\0\0\x3e\x1b\0\0\x3d\0\0\0\0\0\0\0\
\xfc\x04\0\0\xc5\0\0\0\x40\0\0\0\x42\x1b\0\0\xab\0\0\0\x80\0\0\0\x4b\x1b\0\0\
\xab\0\0\0\xc0\0\0\0\x9d\x03\0\0\xca\0\0\0\0\x01\0\0\x53\x1b\0\0\xcb\0\0\0\x40\
\x01\0\0\x59\x1b\0\0\x40\0\0\0\x80\x01\0\0\x60\x1b\0\0\x10\0\0\0\xc0\x01\0\0\
\x66\x1b\0\0\xe7\0\0\0\xd0\x01\0\0\x6f\x1b\0\0\x10\0\0\0\xe0\x01\0\0\x7a\x1b\0\
\0\x10\0\0\0\xf0\x01\0\0\x86\x1b\0\0\xe8\0\0\0\0\x02\0\0\x8f\x1b\0\0\x02\0\0\0\
\x20\x02\0\0\x95\x1b\0\0\xab\0\0\0\x40\x02\0\0\xdb\x05\0\0\x71\0\0\0\x80\x02\0\
\0\x9d\x1b\0\0\xe7\0\0\0\0\x03\0\0\xa3\x1b\0\0\xe7\0\0\0\x10\x03\0\0\xa9\x1b\0\
\0\x0c\0\0\0\x20\x03\0\0\xb2\x1b\0\0\xea\0\0\0\x40\x03\0\0\xbe\x1b\0\0\x52\0\0\
\0\x40\x03\0\0\xca\x1b\0\0\xeb\0\0\0\xc0\x03\0\0\xdb\x1b\0\0\xec\0\0\0\0\x04\0\
\0\0\0\0\0\0\0\0\x02\x4e\x03\0\0\0\0\0\0\0\0\0\x02\xcc\0\0\0\0\0\0\0\x01\0\0\
\x0d\x02\0\0\0\0\0\0\0\x38\0\0\0\xe4\x1b\0\0\x1c\0\0\x84\xe8\0\0\0\0\0\0\0\xce\
\0\0\0\0\0\0\0\xc9\x01\0\0\x3e\0\0\0\xc0\0\0\0\0\0\0\0\xd2\0\0\0\0\x01\0\0\xec\
\x1b\0\0\xd5\0\0\0\x40\x01\0\0\0\0\0\0\xd6\0\0\0\xc0\x02\0\0\xef\x1b\0\0\xab\0\
\0\0\x40\x03\0\0\xf5\x1b\0\0\x0d\0\0\0\x80\x03\0\0\xf9\x1b\0\0\x0d\0\0\0\xa0\
\x03\0\0\x02\x1c\0\0\x0f\0\0\0\xc0\x03\0\0\x0a\x1c\0\0\x0f\0\0\0\xd0\x03\0\0\
\x12\x1c\0\0\x0f\0\0\0\xe0\x03\0\0\x20\x1c\0\0\x9c\0\0\0\xf0\x03\0\0\x30\x1c\0\
\0\x11\0\0\0\xf0\x03\0\x01\x37\x1c\0\0\x11\0\0\0\xf1\x03\0\x01\x3d\x1c\0\0\x11\
\0\0\0\xf2\x03\0\x02\x44\x1c\0\0\x11\0\0\0\xf4\x03\0\x01\x4b\x1c\0\0\x11\0\0\0\
\xf5\x03\0\x01\x55\x1c\0\0\x11\0\0\0\xf6\x03\0\x01\x60\x1c\0\0\x11\0\0\0\xf7\
\x03\0\x01\x6b\x1c\0\0\x11\0\0\0\xf8\x03\0\0\0\0\0\0\xda\0\0\0\0\x04\0\0\x7b\
\x04\0\0\xe4\0\0\0\xe0\x05\0\0\x7d\x1c\0\0\xe4\0\0\0\0\x06\0\0\x21\x06\0\0\xe5\
\0\0\0\x40\x06\0\0\x81\x1c\0\0\xe5\0\0\0\x80\x06\0\0\x86\x1c\0\0\x0d\0\0\0\xc0\
\x06\0\0\x8f\x1c\0\0\x43\0\0\0\xe0\x06\0\0\x95\x1c\0\0\xe6\0\0\0\0\x07\0\0\0\0\
\0\0\x04\0\0\x05\x18\0\0\0\0\0\0\0\xcf\0\0\0\0\0\0\0\xa0\x1c\0\0\xd1\0\0\0\0\0\
\0\0\x29\x02\0\0\x52\0\0\0\0\0\0\0\xa7\x1c\0\0\x54\0\0\0\0\0\0\0\0\0\0\0\x03\0\
\0\x04\x18\0\0\0\x92\x04\0\0\x38\0\0\0\0\0\0\0\x97\x04\0\0\x38\0\0\0\x40\0\0\0\
\0\0\0\0\xd0\0\0\0\x80\0\0\0\0\0\0\0\x02\0\0\x05\x08\0\0\0\x3e\x1b\0\0\x3d\0\0\
\0\0\0\0\0\xaf\x1c\0\0\xab\0\0\0\0\0\0\0\x07\x06\0\0\x03\0\0\x04\x18\0\0\0\xbb\
\x1c\0\0\xab\0\0\0\0\0\0\0\xcd\x1c\0\0\x7c\0\0\0\x40\0\0\0\xd6\x1c\0\0\x7c\0\0\
\0\x80\0\0\0\0\0\0\0\x02\0\0\x05\x08\0\0\0\xde\x1c\0\0\xd3\0\0\0\0\0\0\0\xe5\
\x1c\0\0\xbf\0\0\0\0\0\0\0\xf3\x1c\0\0\0\0\0\x08\x61\0\0\0\xfb\x1c\0\0\0\0\0\
\x01\x01\0\0\0\x08\0\0\x01\0\0\0\0\0\0\0\x03\0\0\0\0\xd4\0\0\0\x04\0\0\0\x30\0\
\0\0\0\0\0\0\x03\0\0\x05\x10\0\0\0\0\0\0\0\xd7\0\0\0\0\0\0\0\0\x1d\0\0\x52\0\0\
\0\0\0\0\0\x13\x1d\0\0\xab\0\0\0\0\0\0\0\0\0\0\0\x02\0\0\x04\x10\0\0\0\x1d\x1d\
\0\0\xab\0\0\0\0\0\0\0\x29\x1d\0\0\xd8\0\0\0\x40\0\0\0\0\0\0\0\0\0\0\x02\xd9\0\
\0\0\0\0\0\0\x01\0\0\x0d\0\0\0\0\0\0\0\0\x38\0\0\0\0\0\0\0\x02\0\0\x05\x3c\0\0\
\0\0\0\0\0\xdb\0\0\0\0\0\0\0\x4b\x01\0\0\xdb\0\0\0\0\0\0\0\0\0\0\0\x33\0\0\x84\
\x3c\0\0\0\x34\x1d\0\0\x9c\0\0\0\0\0\0\0\x46\x1d\0\0\x11\0\0\0\0\0\0\x03\x4f\
\x1d\0\0\x11\0\0\0\x03\0\0\x01\x59\x1d\0\0\x11\0\0\0\x04\0\0\x01\x6d\x1d\0\0\
\x11\0\0\0\x05\0\0\x02\x77\x1d\0\0\x11\0\0\0\x07\0\0\x01\x80\x1d\0\0\x9c\0\0\0\
\x08\0\0\0\x91\x1d\0\0\x11\0\0\0\x08\0\0\x01\x9d\x1d\0\0\x11\0\0\0\x09\0\0\x01\
\xab\x1d\0\0\x11\0\0\0\x0a\0\0\x01\xbc\x1d\0\0\x11\0\0\0\x0b\0\0\x01\xcc\x1d\0\
\0\x11\0\0\0\x0c\0\0\x01\xdd\x1d\0\0\x11\0\0\0\x0d\0\0\x02\xe8\x1d\0\0\x11\0\0\
\0\x0f\0\0\x01\xfc\x1d\0\0\x11\0\0\0\x10\0\0\x01\x04\x1e\0\0\x11\0\0\0\x11\0\0\
\x01\x0c\x1e\0\0\x11\0\0\0\x12\0\0\x01\x1d\x1e\0\0\x11\0\0\0\x13\0\0\x01\x28\
\x1e\0\0\x11\0\0\0\x14\0\0\x01\x2f\x1e\0\0\x11\0\0\0\x15\0\0\x01\x3d\x1e\0\0\
\x11\0\0\0\x16\0\0\x01\x4c\x1e\0\0\x11\0\0\0\x17\0\0\x01\x57\x1e\0\0\x11\0\0\0\
\x18\0\0\x02\x66\x1e\0\0\x11\0\0\0\x1a\0\0\x01\x74\x1e\0\0\x11\0\0\0\x1b\0\0\
\x01\x7d\x1e\0\0\x11\0\0\0\x1c\0\0\x01\x8e\x1e\0\0\x11\0\0\0\x1d\0\0\x01\xa2\
\x1e\0\0\x11\0\0\0\x1e\0\0\x01\xad\x1e\0\0\x11\0\0\0\x1f\0\0\x01\xba\x1e\0\0\
\x11\0\0\0\x20\0\0\x01\xc9\x1e\0\0\x11\0\0\0\x21\0\0\x01\xd3\x1e\0\0\x11\0\0\0\
\x22\0\0\x01\xdc\x1e\0\0\x11\0\0\0\x23\0\0\x01\xea\x1e\0\0\x0f\0\0\0\x30\0\0\0\
\xf3\x1e\0\0\x50\0\0\0\x40\0\0\0\0\0\0\0\xdc\0\0\0\x60\0\0\0\xfd\x1e\0\0\x0c\0\
\0\0\x80\0\0\0\x06\x1f\0\0\x02\0\0\0\xa0\0\0\0\x0e\x1f\0\0\x0c\0\0\0\xc0\0\0\0\
\0\0\0\0\xdf\0\0\0\xe0\0\0\0\0\0\0\0\xe1\0\0\0\0\x01\0\0\x13\x1f\0\0\x0c\0\0\0\
\x20\x01\0\0\0\0\0\0\xe2\0\0\0\x40\x01\0\0\0\0\0\0\xe3\0\0\0\x60\x01\0\0\x1b\
\x1f\0\0\x0f\0\0\0\x70\x01\0\0\x32\x1f\0\0\x0f\0\0\0\x80\x01\0\0\x47\x1f\0\0\
\x0f\0\0\0\x90\x01\0\0\x7a\0\0\0\x14\0\0\0\xa0\x01\0\0\x58\x1f\0\0\x0f\0\0\0\
\xb0\x01\0\0\x69\x1f\0\0\x0f\0\0\0\xc0\x01\0\0\x78\x1f\0\0\x0f\0\0\0\xd0\x01\0\
\0\0\0\0\0\x02\0\0\x05\x04\0\0\0\x83\x1f\0\0\xdd\0\0\0\0\0\0\0\0\0\0\0\xde\0\0\
\0\0\0\0\0\x88\x1f\0\0\0\0\0\x08\x0c\0\0\0\0\0\0\0\x02\0\0\x04\x04\0\0\0\x8f\
\x1f\0\0\x0f\0\0\0\0\0\0\0\x9a\x1f\0\0\x0f\0\0\0\x10\0\0\0\0\0\0\0\x02\0\0\x05\
\x04\0\0\0\xa6\x1f\0\0\x51\0\0\0\0\0\0\0\0\0\0\0\xe0\0\0\0\0\0\0\0\0\0\0\0\x02\
\0\0\x04\x04\0\0\0\xaf\x1f\0\0\x14\0\0\0\0\0\0\0\xba\x1f\0\0\x0f\0\0\0\x10\0\0\
\0\0\0\0\0\x02\0\0\x05\x04\0\0\0\xc3\x1f\0\0\x0d\0\0\0\0\0\0\0\xcb\x1f\0\0\x0d\
\0\0\0\0\0\0\0\0\0\0\0\x02\0\0\x05\x04\0\0\0\xd6\x1f\0\0\x0c\0\0\0\0\0\0\0\xdb\
\x1f\0\0\x0c\0\0\0\0\0\0\0\0\0\0\0\x02\0\0\x05\x02\0\0\0\xed\x1f\0\0\x14\0\0\0\
\0\0\0\0\xfc\x1f\0\0\x11\0\0\0\0\0\0\0\x0a\x20\0\0\0\0\0\x08\x0d\0\0\0\0\0\0\0\
\0\0\0\x02\x12\0\0\0\0\0\0\0\0\0\0\x02\x9f\x03\0\0\x19\x20\0\0\0\0\0\x01\x02\0\
\0\0\x10\0\0\x01\x1f\x20\0\0\0\0\0\x08\xe9\0\0\0\0\0\0\0\x01\0\0\x04\x04\0\0\0\
\x28\x20\0\0\x45\0\0\0\0\0\0\0\x2f\x20\0\0\0\0\0\x08\x9e\0\0\0\0\0\0\0\0\0\0\
\x02\x70\x03\0\0\0\0\0\0\0\0\0\x02\x71\x03\0\0\0\0\0\0\0\0\0\x02\xee\0\0\0\0\0\
\0\0\x01\0\0\x0d\x0d\0\0\0\0\0\0\0\xef\0\0\0\0\0\0\0\0\0\0\x02\xf0\0\0\0\0\0\0\
\0\0\0\0\x0a\xc9\0\0\0\0\0\0\0\0\0\0\x02\xf2\0\0\0\0\0\0\0\x02\0\0\x0d\xf3\0\0\
\0\0\0\0\0\xc8\0\0\0\0\0\0\0\xab\0\0\0\0\0\0\0\0\0\0\x02\x51\0\0\0\0\0\0\0\0\0\
\0\x02\xf5\0\0\0\0\0\0\0\x01\0\0\x0d\0\0\0\0\0\0\0\0\xc8\0\0\0\0\0\0\0\0\0\0\
\x02\xf7\0\0\0\0\0\0\0\x02\0\0\x0d\0\0\0\0\0\0\0\0\xc8\0\0\0\0\0\0\0\x3d\0\0\0\
\x41\x20\0\0\xaf\0\0\x84\xf0\x09\0\0\x4c\x20\0\0\x9c\0\0\0\0\0\0\0\x78\x20\0\0\
\x09\0\0\0\0\0\0\0\x83\x20\0\0\xf9\0\0\0\x40\0\0\0\x8e\x20\0\0\xfb\0\0\0\x80\0\
\0\0\x99\x20\0\0\xfd\0\0\0\xc0\0\0\0\x9d\x20\0\0\xfe\0\0\0\0\x01\0\0\xb2\x20\0\
\0\x0d\0\0\0\x40\x01\0\0\xc5\x20\0\0\x0d\0\0\0\x60\x01\0\0\xd2\x20\0\0\x0d\0\0\
\0\x80\x01\0\0\xe4\x20\0\0\x50\0\0\0\xa0\x01\0\0\xf1\x20\0\0\xff\0\0\0\xb0\x01\
\0\0\xa4\x1a\0\0\x0d\0\0\0\xc0\x01\0\0\xf8\x20\0\0\x10\0\0\0\xe0\x01\0\0\x08\
\x21\0\0\x02\x01\0\0\xf0\x01\0\0\x12\x21\0\0\x09\x01\0\0\0\x04\0\0\x1b\x21\0\0\
\x0a\x01\0\0\x80\x04\0\0\x2b\x21\0\0\x0b\x01\0\0\xc0\x04\0\0\x36\x21\0\0\x9c\0\
\0\0\0\x05\0\0\x60\x21\0\0\x9c\0\0\0\0\x05\0\0\0\0\0\0\x0c\x01\0\0\0\x05\0\0\
\x93\x01\0\0\xab\0\0\0\x40\x05\0\0\x60\x1b\0\0\x0d\0\0\0\x80\x05\0\0\x8e\x21\0\
\0\x10\0\0\0\xa0\x05\0\0\x9e\x21\0\0\xfe\0\0\0\xc0\x05\0\0\xa7\x21\0\0\x10\x01\
\0\0\0\x06\0\0\xaf\x21\0\0\x9c\0\0\0\x40\x06\0\0\xdb\x21\0\0\x9c\0\0\0\x40\x06\
\0\0\x07\x22\0\0\x11\x01\0\0\x40\x06\0\0\x10\x22\0\0\x52\0\0\0\x80\x06\0\0\x0c\
\x02\0\0\x02\0\0\0\0\x07\0\0\x1f\x22\0\0\x0d\0\0\0\x20\x07\0\0\x32\x22\0\0\x12\
\x01\0\0\x40\x07\0\0\x36\x22\0\0\xab\0\0\0\x80\x07\0\0\x48\x22\0\0\x51\0\0\0\
\xc0\x07\0\0\x5d\x22\0\0\x0d\0\0\0\xe0\x07\0\0\x6a\x22\0\0\x0d\0\0\0\0\x08\0\0\
\x7c\x22\0\0\x13\x01\0\0\x40\x08\0\0\x87\x22\0\0\x5c\0\0\0\x80\x08\0\0\x97\x22\
\0\0\x19\x01\0\0\xc0\x08\0\0\x9e\x22\0\0\x1b\x01\0\0\0\x09\0\0\xa5\x22\0\0\x0b\
\x01\0\0\x40\x09\0\0\xb1\x22\0\0\x9c\0\0\0\x80\x09\0\0\xdb\x22\0\0\x1c\x01\0\0\
\x80\x09\0\0\xe0\x22\0\0\x1d\x01\0\0\0\x0a\0\0\xea\x22\0\0\x1e\x01\0\0\x40\x0a\
\0\0\xf2\x22\0\0\xab\0\0\0\x80\x0a\0\0\xfa\x22\0\0\xab\0\0\0\xc0\x0a\0\0\x04\
\x23\0\0\xab\0\0\0\0\x0b\0\0\x0e\x23\0\0\x52\0\0\0\x40\x0b\0\0\x17\x23\0\0\x52\
\0\0\0\xc0\x0b\0\0\x21\x23\0\0\x52\0\0\0\x40\x0c\0\0\x2c\x23\0\0\x52\0\0\0\xc0\
\x0c\0\0\x37\x23\0\0\x52\0\0\0\x40\x0d\0\0\x41\x23\0\0\x1f\x01\0\0\xc0\x0d\0\0\
\x4a\x23\0\0\x20\x01\0\0\xc0\x0e\0\0\x57\x23\0\0\x21\x01\0\0\0\x0f\0\0\x68\x23\
\0\0\x23\x01\0\0\x40\x0f\0\0\x7c\x23\0\0\x10\0\0\0\x80\x0f\0\0\x83\x23\0\0\x10\
\0\0\0\x90\x0f\0\0\x93\x23\0\0\xfe\0\0\0\xc0\x0f\0\0\x9f\x23\0\0\xfe\0\0\0\0\
\x10\0\0\xaf\x23\0\0\xfe\0\0\0\x40\x10\0\0\xbd\x23\0\0\xfe\0\0\0\x80\x10\0\0\
\xcd\x23\0\0\xfe\0\0\0\xc0\x10\0\0\xdb\x23\0\0\xfe\0\0\0\0\x11\0\0\xed\x23\0\0\
\x0d\0\0\0\x40\x11\0\0\xf5\x23\0\0\x0d\0\0\0\x60\x11\0\0\xd5\0\0\0\x10\0\0\0\
\x80\x11\0\0\xfd\x23\0\0\x12\0\0\0\x90\x11\0\0\x0c\x24\0\0\x12\0\0\0\x98\x11\0\
\0\x1d\x24\0\0\x02\0\0\0\xa0\x11\0\0\x23\x24\0\0\x25\x01\0\0\xc0\x11\0\0\x29\
\x24\0\0\x3d\x01\0\0\x80\x17\0\0\x34\x24\0\0\x45\0\0\0\xc0\x17\0\0\x45\x24\0\0\
\x45\0\0\0\xe0\x17\0\0\x58\x24\0\0\x3e\x01\0\0\0\x18\0\0\x6a\x24\0\0\x40\x01\0\
\0\x40\x18\0\0\x78\x24\0\0\x41\x01\0\0\x80\x18\0\0\x84\x24\0\0\x43\x01\0\0\xc0\
\x18\0\0\x8f\x24\0\0\x45\x01\0\0\0\x19\0\0\x99\x24\0\0\x47\x01\0\0\x40\x19\0\0\
\xa5\x24\0\0\x49\x01\0\0\x80\x19\0\0\xb0\x24\0\0\x12\0\0\0\xc0\x19\0\0\xba\x24\
\0\0\x12\0\0\0\xc8\x19\0\0\xc4\x24\0\0\x12\0\0\0\xd0\x19\0\0\xcc\x24\0\0\x12\0\
\0\0\xd8\x19\0\0\xd0\x24\0\0\x4b\x01\0\0\xe0\x19\0\0\xda\x24\0\0\x12\0\0\0\xe0\
\x1a\0\0\xeb\x24\0\0\x12\0\0\0\xe8\x1a\0\0\xf4\x24\0\0\x12\0\0\0\xf0\x1a\0\0\0\
\x25\0\0\x12\0\0\0\xf8\x1a\0\0\x0c\x25\0\0\x10\0\0\0\0\x1b\0\0\x1b\x25\0\0\x10\
\0\0\0\x10\x1b\0\0\x22\x25\0\0\x10\0\0\0\x20\x1b\0\0\x2b\x25\0\0\x10\0\0\0\x30\
\x1b\0\0\x32\x25\0\0\x47\0\0\0\x40\x1b\0\0\x41\x25\0\0\x02\0\0\0\x60\x1b\0\0\
\x45\x25\0\0\x4c\x01\0\0\x80\x1b\0\0\x48\x25\0\0\x4c\x01\0\0\x80\x1c\0\0\x4b\
\x25\0\0\x4c\x01\0\0\x80\x1d\0\0\x55\x25\0\0\x4d\x01\0\0\x80\x1e\0\0\x61\x25\0\
\0\x0d\0\0\0\xc0\x1e\0\0\x6d\x25\0\0\x0d\0\0\0\xe0\x1e\0\0\x76\x25\0\0\xa6\0\0\
\0\0\x1f\0\0\x81\x25\0\0\x4e\x01\0\0\x40\x1f\0\0\x88\x25\0\0\x4f\x01\0\0\x80\
\x1f\0\0\x92\x25\0\0\x50\x01\0\0\xc0\x1f\0\0\x9a\x25\0\0\x51\x01\0\0\0\x20\0\0\
\xa3\x25\0\0\x5c\0\0\0\x40\x20\0\0\xad\x25\0\0\x53\x01\0\0\x80\x20\0\0\xb6\x25\
\0\0\x54\x01\0\0\xc0\x20\0\0\xc4\x25\0\0\x55\x01\0\0\0\x21\0\0\xd3\x25\0\0\x56\
\x01\0\0\x40\x21\0\0\xdc\x25\0\0\x58\x01\0\0\x80\x21\0\0\xe5\x25\0\0\x59\x01\0\
\0\xc0\x21\0\0\xee\x25\0\0\x0d\0\0\0\0\x22\0\0\xfc\x25\0\0\x0d\0\0\0\x20\x22\0\
\0\x0c\x26\0\0\xfd\0\0\0\x40\x22\0\0\x1a\x26\0\0\x0a\x01\0\0\x80\x22\0\0\x2b\
\x26\0\0\x4b\x01\0\0\xc0\x22\0\0\x35\x26\0\0\x5b\x01\0\0\xc0\x23\0\0\x41\x26\0\
\0\x5c\x01\0\0\0\x24\0\0\x4d\x26\0\0\x0d\0\0\0\x80\x24\0\0\x5b\x26\0\0\x5e\x01\
\0\0\xc0\x24\0\0\x61\x26\0\0\x0d\0\0\0\0\x25\0\0\x6e\x26\0\0\x47\0\0\0\x20\x25\
\0\0\x7d\x26\0\0\x5f\x01\0\0\x40\x25\0\0\x87\x26\0\0\x60\x01\0\0\x80\x25\0\0\
\x92\x26\0\0\x61\x01\0\0\x80\x29\0\0\xa1\x26\0\0\x02\0\0\0\xc0\x2a\0\0\xb0\x26\
\0\0\x51\0\0\0\xe0\x2a\0\0\xc2\x26\0\0\x52\0\0\0\0\x2b\0\0\xcc\x26\0\0\x65\x01\
\0\0\x80\x2b\0\0\x7d\x02\0\0\x66\0\0\0\xc0\x2b\0\0\xd8\x26\0\0\x52\0\0\0\xc0\
\x2b\0\0\xe8\x26\0\0\x66\x01\0\0\x40\x2c\0\x08\xf2\x26\0\0\xa6\0\0\0\x48\x2c\0\
\0\xfc\x26\0\0\x67\x01\0\0\x50\x2c\0\x10\x0c\x27\0\0\xa6\0\0\0\x60\x2c\0\0\x1e\
\x27\0\0\x68\x01\0\0\x80\x2c\0\0\x2e\x27\0\0\x5c\0\0\0\xc0\x2c\0\0\x36\x27\0\0\
\x6a\x01\0\0\0\x2d\0\0\x43\x27\0\0\x6b\x01\0\0\x20\x2d\0\x08\x52\x27\0\0\x6c\
\x01\0\0\x40\x2d\0\0\x5c\x27\0\0\x6e\x01\0\0\x80\x2d\0\0\x65\x27\0\0\x70\x01\0\
\0\xc0\x2d\0\0\x3e\x1b\0\0\x71\x01\0\0\0\x2e\0\0\x70\x27\0\0\x13\x02\0\0\xc0\
\x46\0\0\x7d\x27\0\0\xb6\x01\0\0\xc0\x47\0\0\x92\x27\0\0\x14\x02\0\0\0\x48\0\0\
\xa0\x27\0\0\x0d\0\0\0\x40\x48\0\0\xad\x27\0\0\x50\0\0\0\x60\x48\0\0\xba\x27\0\
\0\x16\x02\0\0\x80\x48\0\0\xc4\x27\0\0\x18\x02\0\0\xc0\x48\0\0\xd0\x27\0\0\x0d\
\0\0\0\x40\x49\0\0\xdd\x27\0\0\x19\x02\0\0\x80\x49\0\0\xe5\x27\0\0\x1a\x02\0\0\
\xc0\x49\0\0\xec\x27\0\0\x1b\x02\0\0\0\x4a\0\0\xf4\x27\0\0\x1c\x02\0\0\x40\x4a\
\0\0\x06\x28\0\0\xa6\0\0\0\x80\x4a\0\0\x11\x28\0\0\x0d\0\0\0\x88\x4a\0\x01\x1d\
\x28\0\0\x0d\0\0\0\x89\x4a\0\x01\x26\x28\0\0\x52\0\0\0\xc0\x4a\0\0\x38\x28\0\0\
\x1d\x02\0\0\x40\x4b\0\0\x43\x28\0\0\x1f\x02\0\0\x80\x4b\0\0\x57\x28\0\0\x21\
\x02\0\0\xc0\x4b\0\0\x66\x28\0\0\x25\x02\0\0\0\x4c\0\0\x70\x28\0\0\x26\x02\0\0\
\x80\x4d\0\0\x80\x28\0\0\xea\0\0\0\x80\x4e\0\0\x96\x28\0\0\xea\0\0\0\x80\x4e\0\
\0\xab\x28\0\0\xea\0\0\0\x80\x4e\0\0\xc2\x28\0\0\x27\x02\0\0\x80\x4e\0\0\xd4\
\x28\0\0\x28\x02\0\0\xc0\x4e\0\0\xe1\x28\0\0\x29\x02\0\0\0\x4f\0\0\xea\x28\0\0\
\x79\0\0\0\x40\x4f\0\0\0\0\0\0\0\0\0\x02\xfa\0\0\0\0\0\0\0\0\0\0\x0a\x10\x03\0\
\0\0\0\0\0\0\0\0\x02\xfc\0\0\0\0\0\0\0\0\0\0\x0a\xa1\x03\0\0\0\0\0\0\0\0\0\x02\
\xa2\x03\0\0\xf5\x28\0\0\0\0\0\x08\xbf\0\0\0\x07\x29\0\0\0\0\0\x08\0\x01\0\0\
\x0b\x29\0\0\0\0\0\x08\xe7\0\0\0\x11\x29\0\0\x02\0\0\x04\x04\0\0\0\x4a\0\0\0\
\x50\0\0\0\0\0\0\0\x1f\x29\0\0\x50\0\0\0\x10\0\0\0\0\0\0\0\0\0\0\x03\0\0\0\0\
\x01\x01\0\0\x04\0\0\0\x10\0\0\0\0\0\0\0\0\0\0\x02\x04\x01\0\0\x26\x29\0\0\x04\
\0\0\x04\x18\0\0\0\xb4\x05\0\0\x71\0\0\0\0\0\0\0\x33\x29\0\0\x0d\0\0\0\x80\0\0\
\0\xf1\x20\0\0\xff\0\0\0\xa0\0\0\0\x3a\x29\0\0\x08\x01\0\0\xc0\0\0\0\0\0\0\0\0\
\0\0\x02\x06\x01\0\0\x43\x29\0\0\x04\0\0\x04\x18\0\0\0\xf5\x1b\0\0\x0d\0\0\0\0\
\0\0\0\x4b\x29\0\0\x0d\0\0\0\x20\0\0\0\xb4\x05\0\0\x71\0\0\0\x40\0\0\0\x55\x29\
\0\0\x07\x01\0\0\xc0\0\0\0\0\0\0\0\0\0\0\x03\0\0\0\0\x50\0\0\0\x04\0\0\0\0\0\0\
\0\0\0\0\0\0\0\0\x03\0\0\0\0\x05\x01\0\0\x04\0\0\0\0\0\0\0\0\0\0\0\0\0\0\x03\0\
\0\0\0\x03\x01\0\0\x04\0\0\0\x02\0\0\0\0\0\0\0\0\0\0\x02\xb7\x02\0\0\0\0\0\0\0\
\0\0\x02\x80\x03\0\0\0\0\0\0\x03\0\0\x05\x08\0\0\0\x5c\x29\0\0\x0d\x01\0\0\0\0\
\0\0\x63\x29\0\0\x0e\x01\0\0\0\0\0\0\x6a\x29\0\0\x0f\x01\0\0\0\0\0\0\0\0\0\0\0\
\0\0\x02\x81\x03\0\0\0\0\0\0\0\0\0\x02\x82\x03\0\0\0\0\0\0\0\0\0\x02\x83\x03\0\
\0\0\0\0\0\0\0\0\x02\x79\x03\0\0\0\0\0\0\0\0\0\x02\xdf\x02\0\0\0\0\0\0\0\0\0\
\x02\x84\x03\0\0\0\0\0\0\0\0\0\x02\x14\x01\0\0\x71\x29\0\0\0\0\0\x08\x15\x01\0\
\0\0\0\0\0\x01\0\0\x0d\x16\x01\0\0\0\0\0\0\x18\x01\0\0\x83\x29\0\0\0\0\0\x08\
\x17\x01\0\0\x97\x29\0\0\x04\0\0\x06\x04\0\0\0\xa9\x29\0\0\0\0\0\0\xbd\x29\0\0\
\x01\0\0\0\xd0\x29\0\0\x02\0\0\0\xe1\x29\0\0\x03\0\0\0\0\0\0\0\0\0\0\x02\x38\0\
\0\0\xf1\x29\0\0\0\0\0\x08\x1a\x01\0\0\0\0\0\0\x01\0\0\x04\x08\0\0\0\xcc\x01\0\
\0\x3f\0\0\0\0\0\0\0\0\0\0\0\0\0\0\x02\xa0\x03\0\0\0\0\0\0\0\0\0\x03\0\0\0\0\
\xd4\0\0\0\x04\0\0\0\x10\0\0\0\0\0\0\0\0\0\0\x02\x85\x03\0\0\0\0\0\0\0\0\0\x02\
\x86\x03\0\0\0\0\0\0\x02\0\0\x04\x20\0\0\0\0\x2a\0\0\x52\0\0\0\0\0\0\0\x06\x2a\
\0\0\x52\0\0\0\x80\0\0\0\x0c\x2a\0\0\0\0\0\x08\x51\0\0\0\0\0\0\0\0\0\0\x02\x22\
\x01\0\0\0\0\0\0\0\0\0\x0a\x87\x03\0\0\0\0\0\0\0\0\0\x02\x24\x01\0\0\0\0\0\0\0\
\0\0\x0a\x88\x03\0\0\x1b\x2a\0\0\x17\0\0\x04\xb8\0\0\0\0\0\0\0\x26\x01\0\0\0\0\
\0\0\0\0\0\0\x27\x01\0\0\x40\0\0\0\0\0\0\0\x28\x01\0\0\x80\0\0\0\0\0\0\0\x29\
\x01\0\0\xc0\0\0\0\0\0\0\0\x2a\x01\0\0\0\x01\0\0\0\0\0\0\x2b\x01\0\0\x40\x01\0\
\0\0\0\0\0\x2c\x01\0\0\x80\x01\0\0\0\0\0\0\x2d\x01\0\0\xc0\x01\0\0\0\0\0\0\x2e\
\x01\0\0\0\x02\0\0\0\0\0\0\x2f\x01\0\0\x40\x02\0\0\0\0\0\0\x30\x01\0\0\x80\x02\
\0\0\0\0\0\0\x31\x01\0\0\xc0\x02\0\0\0\0\0\0\x32\x01\0\0\0\x03\0\0\0\0\0\0\x33\
\x01\0\0\x40\x03\0\0\0\0\0\0\x34\x01\0\0\x80\x03\0\0\0\0\0\0\x35\x01\0\0\xc0\
\x03\0\0\0\0\0\0\x36\x01\0\0\0\x04\0\0\0\0\0\0\x37\x01\0\0\x40\x04\0\0\0\0\0\0\
\x38\x01\0\0\x80\x04\0\0\0\0\0\0\x39\x01\0\0\xc0\x04\0\0\0\0\0\0\x3a\x01\0\0\0\
\x05\0\0\0\0\0\0\x3b\x01\0\0\x40\x05\0\0\0\0\0\0\x3c\x01\0\0\x80\x05\0\0\0\0\0\
\0\x02\0\0\x05\x08\0\0\0\x2c\x2a\0\0\xab\0\0\0\0\0\0\0\x37\x2a\0\0\x5e\0\0\0\0\
\0\0\0\0\0\0\0\x02\0\0\x05\x08\0\0\0\x44\x2a\0\0\xab\0\0\0\0\0\0\0\x4f\x2a\0\0\
\x5e\0\0\0\0\0\0\0\0\0\0\0\x02\0\0\x05\x08\0\0\0\x5c\x2a\0\0\xab\0\0\0\0\0\0\0\
\x65\x2a\0\0\x5e\0\0\0\0\0\0\0\0\0\0\0\x02\0\0\x05\x08\0\0\0\x70\x2a\0\0\xab\0\
\0\0\0\0\0\0\x79\x2a\0\0\x5e\0\0\0\0\0\0\0\0\0\0\0\x02\0\0\x05\x08\0\0\0\x84\
\x2a\0\0\xab\0\0\0\0\0\0\0\x8e\x2a\0\0\x5e\0\0\0\0\0\0\0\0\0\0\0\x02\0\0\x05\
\x08\0\0\0\x9a\x2a\0\0\xab\0\0\0\0\0\0\0\xa4\x2a\0\0\x5e\0\0\0\0\0\0\0\0\0\0\0\
\x02\0\0\x05\x08\0\0\0\xb0\x2a\0\0\xab\0\0\0\0\0\0\0\xbb\x2a\0\0\x5e\0\0\0\0\0\
\0\0\0\0\0\0\x02\0\0\x05\x08\0\0\0\xc8\x2a\0\0\xab\0\0\0\0\0\0\0\xd3\x2a\0\0\
\x5e\0\0\0\0\0\0\0\0\0\0\0\x02\0\0\x05\x08\0\0\0\xe0\x2a\0\0\xab\0\0\0\0\0\0\0\
\xea\x2a\0\0\x5e\0\0\0\0\0\0\0\0\0\0\0\x02\0\0\x05\x08\0\0\0\xf6\x2a\0\0\xab\0\
\0\0\0\0\0\0\x01\x2b\0\0\x5e\0\0\0\0\0\0\0\0\0\0\0\x02\0\0\x05\x08\0\0\0\x0e\
\x2b\0\0\xab\0\0\0\0\0\0\0\x1f\x2b\0\0\x5e\0\0\0\0\0\0\0\0\0\0\0\x02\0\0\x05\
\x08\0\0\0\x32\x2b\0\0\xab\0\0\0\0\0\0\0\x41\x2b\0\0\x5e\0\0\0\0\0\0\0\0\0\0\0\
\x02\0\0\x05\x08\0\0\0\x52\x2b\0\0\xab\0\0\0\0\0\0\0\x60\x2b\0\0\x5e\0\0\0\0\0\
\0\0\0\0\0\0\x02\0\0\x05\x08\0\0\0\x70\x2b\0\0\xab\0\0\0\0\0\0\0\x80\x2b\0\0\
\x5e\0\0\0\0\0\0\0\0\0\0\0\x02\0\0\x05\x08\0\0\0\x92\x2b\0\0\xab\0\0\0\0\0\0\0\
\xa1\x2b\0\0\x5e\0\0\0\0\0\0\0\0\0\0\0\x02\0\0\x05\x08\0\0\0\xb2\x2b\0\0\xab\0\
\0\0\0\0\0\0\xc3\x2b\0\0\x5e\0\0\0\0\0\0\0\0\0\0\0\x02\0\0\x05\x08\0\0\0\xd6\
\x2b\0\0\xab\0\0\0\0\0\0\0\xe8\x2b\0\0\x5e\0\0\0\0\0\0\0\0\0\0\0\x02\0\0\x05\
\x08\0\0\0\xfc\x2b\0\0\xab\0\0\0\0\0\0\0\x0e\x2c\0\0\x5e\0\0\0\0\0\0\0\0\0\0\0\
\x02\0\0\x05\x08\0\0\0\x22\x2c\0\0\xab\0\0\0\0\0\0\0\x31\x2c\0\0\x5e\0\0\0\0\0\
\0\0\0\0\0\0\x02\0\0\x05\x08\0\0\0\x42\x2c\0\0\xab\0\0\0\0\0\0\0\x56\x2c\0\0\
\x5e\0\0\0\0\0\0\0\0\0\0\0\x02\0\0\x05\x08\0\0\0\x6c\x2c\0\0\xab\0\0\0\0\0\0\0\
\x7d\x2c\0\0\x5e\0\0\0\0\0\0\0\0\0\0\0\x02\0\0\x05\x08\0\0\0\x90\x2c\0\0\xab\0\
\0\0\0\0\0\0\x9e\x2c\0\0\x5e\0\0\0\0\0\0\0\0\0\0\0\x02\0\0\x05\x08\0\0\0\xae\
\x2c\0\0\xab\0\0\0\0\0\0\0\xbc\x2c\0\0\x5e\0\0\0\0\0\0\0\0\0\0\0\0\0\0\x02\x89\
\x03\0\0\0\0\0\0\0\0\0\x02\x3f\x01\0\0\0\0\0\0\0\0\0\x0a\x8a\x03\0\0\0\0\0\0\0\
\0\0\x02\x11\x03\0\0\0\0\0\0\0\0\0\x02\x42\x01\0\0\0\0\0\0\0\0\0\x0a\x12\x03\0\
\0\0\0\0\0\0\0\0\x02\x44\x01\0\0\0\0\0\0\0\0\0\x0a\x8b\x03\0\0\0\0\0\0\0\0\0\
\x02\x46\x01\0\0\0\0\0\0\0\0\0\x0a\x8c\x03\0\0\0\0\0\0\0\0\0\x02\x48\x01\0\0\0\
\0\0\0\0\0\0\x0a\x50\x03\0\0\0\0\0\0\0\0\0\x02\x4a\x01\0\0\0\0\0\0\0\0\0\x0a\
\x8d\x03\0\0\0\0\0\0\0\0\0\x03\0\0\0\0\x12\0\0\0\x04\0\0\0\x20\0\0\0\xcc\x2c\0\
\0\x03\0\0\x04\x20\0\0\0\x29\x02\0\0\x52\0\0\0\0\0\0\0\x4a\0\0\0\x02\0\0\0\x80\
\0\0\0\xe0\x2c\0\0\x7b\0\0\0\xc0\0\0\0\0\0\0\0\0\0\0\x02\x22\x03\0\0\0\0\0\0\0\
\0\0\x02\x8e\x03\0\0\0\0\0\0\0\0\0\x02\x8f\x03\0\0\0\0\0\0\0\0\0\x02\x90\x03\0\
\0\0\0\0\0\0\0\0\x02\x52\x01\0\0\xe5\x2c\0\0\0\0\0\x07\0\0\0\0\0\0\0\0\0\0\0\
\x02\x15\x03\0\0\0\0\0\0\0\0\0\x02\x16\x03\0\0\0\0\0\0\0\0\0\x02\x17\x03\0\0\0\
\0\0\0\0\0\0\x02\x57\x01\0\0\xf1\x2c\0\0\0\0\0\x07\0\0\0\0\0\0\0\0\0\0\0\x02\
\x18\x03\0\0\0\0\0\0\0\0\0\x02\x5a\x01\0\0\0\0\0\0\0\0\0\x0a\x12\0\0\0\0\0\0\0\
\0\0\0\x02\x19\x03\0\0\xfa\x2c\0\0\x02\0\0\x04\x10\0\0\0\x92\x04\0\0\x7a\0\0\0\
\0\0\0\0\x05\x2d\0\0\x5d\x01\0\0\x40\0\0\0\0\0\0\0\0\0\0\x02\x7a\0\0\0\0\0\0\0\
\0\0\0\x02\xa3\x03\0\0\0\0\0\0\0\0\0\x02\x1a\x03\0\0\0\0\0\0\0\0\0\x03\0\0\0\0\
\x79\0\0\0\x04\0\0\0\x10\0\0\0\x0b\x2d\0\0\x04\0\0\x04\x28\0\0\0\x16\x2d\0\0\
\x5c\x01\0\0\0\0\0\0\x4b\x1b\0\0\xab\0\0\0\x80\0\0\0\x1c\x2d\0\0\x62\x01\0\0\
\xc0\0\0\0\x60\x1b\0\0\x51\0\0\0\0\x01\0\0\0\0\0\0\0\0\0\x02\x63\x01\0\0\0\0\0\
\0\x01\0\0\x0d\0\0\0\0\0\0\0\0\x64\x01\0\0\0\0\0\0\0\0\0\x02\x61\x01\0\0\0\0\0\
\0\0\0\0\x02\x02\0\0\0\0\0\0\0\x06\0\0\x06\x04\0\0\0\x25\x2d\0\0\0\0\0\0\x3a\
\x2d\0\0\x01\0\0\0\x4c\x2d\0\0\x02\0\0\0\x61\x2d\0\0\x03\0\0\0\x75\x2d\0\0\x04\
\0\0\0\x85\x2d\0\0\x05\0\0\0\0\0\0\0\x02\0\0\x06\x04\0\0\0\x92\x2d\0\0\0\0\0\0\
\xa8\x2d\0\0\x01\0\0\0\0\0\0\0\0\0\0\x02\x69\x01\0\0\0\0\0\0\x01\0\0\x0d\0\0\0\
\0\0\0\0\0\x3d\0\0\0\xbf\x2d\0\0\x02\0\0\x06\x04\0\0\0\xd3\x2d\0\0\0\0\0\0\xe0\
\x2d\0\0\x01\0\0\0\xec\x2d\0\0\x04\0\0\x06\x04\0\0\0\xfd\x2d\0\0\0\0\0\0\x13\
\x2e\0\0\x01\0\0\0\x2b\x2e\0\0\x02\0\0\0\x43\x2e\0\0\x03\0\0\0\0\0\0\0\0\0\0\
\x02\x6d\x01\0\0\x52\x27\0\0\0\0\0\x07\0\0\0\0\0\0\0\0\0\0\0\x02\x6f\x01\0\0\
\x5c\x27\0\0\0\0\0\x07\0\0\0\0\0\0\0\0\0\0\0\x02\xa7\x03\0\0\x5b\x2e\0\0\x31\0\
\0\x84\x18\x03\0\0\x62\x2e\0\0\x72\x01\0\0\0\0\0\0\xa1\x05\0\0\x7a\x01\0\0\0\
\x02\0\0\x67\x2e\0\0\x7b\x01\0\0\x40\x02\0\0\x69\x2e\0\0\x73\x01\0\0\x80\x02\0\
\0\xd5\0\0\0\x7c\x01\0\0\xc0\x02\0\0\x73\x2e\0\0\x7e\x01\0\0\0\x03\0\0\x77\x2e\
\0\0\x80\x01\0\0\x40\x03\0\0\x7e\x2e\0\0\x5c\0\0\0\x80\x03\0\0\x8c\x2e\0\0\x5c\
\0\0\0\xc0\x03\0\0\x98\x2e\0\0\x81\x01\0\0\0\x04\0\0\xbf\x07\0\0\x92\0\0\0\x80\
\x04\0\0\xa8\x2e\0\0\x82\x01\0\0\x80\x05\0\0\xae\x2e\0\0\x84\x01\0\0\x40\x07\0\
\0\xb4\x2e\0\0\xa1\x01\0\0\0\x11\0\0\xbe\x2e\0\0\xa2\x01\0\0\x40\x11\0\0\xc4\
\x2e\0\0\xa3\x01\0\0\x80\x11\0\0\xc9\x2e\0\0\xa4\x01\0\0\xc0\x11\0\0\xcd\x2e\0\
\0\xa7\x01\0\0\x40\x12\0\0\xd5\x2e\0\0\xa9\x01\0\0\x80\x12\0\0\xde\x2e\0\0\xbf\
\0\0\0\xc0\x12\0\0\xf0\x2e\0\0\xbf\0\0\0\0\x13\0\0\xfe\x2e\0\0\xaa\x01\0\0\x40\
\x13\0\0\x0c\x2f\0\0\xac\x01\0\0\x80\x13\0\0\x16\x2f\0\0\x52\0\0\0\xc0\x13\0\0\
\x20\x2f\0\0\xad\x01\0\0\x40\x14\0\0\x2f\x2f\0\0\x52\0\0\0\x80\x14\0\0\x40\x2f\
\0\0\x47\0\0\0\0\x15\0\0\x50\x2f\0\0\xa6\0\0\0\x20\x15\0\0\x60\x2f\0\0\xae\x01\
\0\0\x28\x15\0\0\x69\x2f\0\0\xaf\x01\0\0\x40\x15\0\0\x71\x2f\0\0\xb0\x01\0\0\
\x80\x15\0\0\x78\x2f\0\0\x02\0\0\0\xc0\x15\0\0\x82\x2f\0\0\xb1\x01\0\0\xe0\x15\
\0\0\x87\x2f\0\0\x51\0\0\0\0\x16\0\0\x8a\x2f\0\0\x47\0\0\0\x20\x16\0\0\x96\x2f\
\0\0\x52\0\0\0\x40\x16\0\0\xa2\x2f\0\0\xb3\x01\0\0\xc0\x16\0\0\xa8\x2f\0\0\xb5\
\x01\0\0\0\x17\0\0\xaf\x2f\0\0\xb8\x01\0\0\x40\x17\0\0\xb7\x2f\0\0\xba\x01\0\0\
\x80\x17\0\0\xc3\x2f\0\0\xbb\x01\0\0\xc0\x17\0\0\xc9\x2f\0\0\xbc\x01\0\0\0\x18\
\0\0\xdb\x2f\0\0\xbd\x01\0\0\x40\x18\0\0\xe5\x2f\0\0\xa6\0\0\0\x60\x18\0\x01\
\xf6\x2f\0\0\xa6\0\0\0\x61\x18\0\x01\xfe\x2f\0\0\xa6\0\0\0\x62\x18\0\x01\x0d\
\x30\0\0\xa6\0\0\0\x63\x18\0\x01\x1a\x30\0\0\xa6\0\0\0\x64\x18\0\x01\x60\x1b\0\
\0\xbe\x01\0\0\x80\x18\0\0\x24\x30\0\0\x0c\0\0\x84\x40\0\0\0\xdb\x22\0\0\x73\
\x01\0\0\0\0\0\0\x16\x2d\0\0\x52\0\0\0\x40\0\0\0\xa1\x05\0\0\x75\x01\0\0\xc0\0\
\0\0\x2c\x30\0\0\x4d\x01\0\0\0\x01\0\0\x31\x30\0\0\x76\x01\0\0\x40\x01\0\0\x37\
\x30\0\0\x78\x01\0\0\x80\x01\0\0\x3a\x30\0\0\x79\x01\0\0\xc0\x01\0\0\x3f\x30\0\
\0\x0d\0\0\0\xe0\x01\0\x01\x51\x30\0\0\x0d\0\0\0\xe1\x01\0\x01\x60\x30\0\0\x0d\
\0\0\0\xe2\x01\0\x01\x76\x30\0\0\x0d\0\0\0\xe3\x01\0\x01\x8f\x30\0\0\x0d\0\0\0\
\xe4\x01\0\x01\0\0\0\0\0\0\0\x02\x74\x01\0\0\0\0\0\0\0\0\0\x0a\xd4\0\0\0\0\0\0\
\0\0\0\0\x02\x72\x01\0\0\0\0\0\0\0\0\0\x02\x77\x01\0\0\0\0\0\0\0\0\0\x0a\x20\
\x03\0\0\0\0\0\0\0\0\0\x02\x30\x03\0\0\x3a\x30\0\0\x01\0\0\x04\x04\0\0\0\x9f\
\x30\0\0\x43\0\0\0\0\0\0\0\0\0\0\0\0\0\0\x02\x71\x01\0\0\0\0\0\0\0\0\0\x02\x33\
\x03\0\0\0\0\0\0\0\0\0\x02\x7d\x01\0\0\0\0\0\0\0\0\0\x0a\x25\x03\0\0\0\0\0\0\0\
\0\0\x02\x7f\x01\0\0\0\0\0\0\0\0\0\x0a\x35\x03\0\0\0\0\0\0\0\0\0\x02\x34\x03\0\
\0\0\0\0\0\x02\0\0\x04\x10\0\0\0\xdb\x22\0\0\x73\x01\0\0\0\0\0\0\x02\x18\0\0\
\x47\0\0\0\x40\0\0\0\xa8\x30\0\0\x04\0\0\x04\x38\0\0\0\xb7\x30\0\0\x52\0\0\0\0\
\0\0\0\xc1\x30\0\0\x52\0\0\0\x80\0\0\0\xcb\x30\0\0\x52\0\0\0\0\x01\0\0\xd6\x30\
\0\0\x83\x01\0\0\x80\x01\0\0\xdd\x30\0\0\x04\0\0\x06\x04\0\0\0\xea\x30\0\0\0\0\
\0\0\xfb\x30\0\0\x01\0\0\0\x0a\x31\0\0\x02\0\0\0\x1e\x31\0\0\x03\0\0\0\x2f\x31\
\0\0\x36\0\0\x84\x38\x01\0\0\x3b\x31\0\0\x85\x01\0\0\0\0\0\0\x47\x31\0\0\x0d\0\
\0\0\x20\0\0\x01\x52\x31\0\0\x0d\0\0\0\x21\0\0\x01\x60\x31\0\0\xa6\0\0\0\x22\0\
\0\x01\x6c\x31\0\0\xa6\0\0\0\x23\0\0\x01\x78\x31\0\0\xa6\0\0\0\x24\0\0\x01\x85\
\x31\0\0\xa6\0\0\0\x25\0\0\x01\x98\x31\0\0\xa6\0\0\0\x26\0\0\x01\xaa\x31\0\0\
\xa6\0\0\0\x27\0\0\x01\xb0\x31\0\0\xa6\0\0\0\x28\0\0\x01\xbb\x31\0\0\xa6\0\0\0\
\x29\0\0\x01\xcb\x31\0\0\x51\0\0\0\x40\0\0\0\x02\x18\0\0\x47\0\0\0\x60\0\0\0\
\x16\x2d\0\0\x52\0\0\0\x80\0\0\0\xd8\x31\0\0\x87\x01\0\0\0\x01\0\0\xe3\x31\0\0\
\x89\x01\0\0\0\x02\0\0\xea\x31\0\0\xa6\0\0\0\x40\x02\0\x01\xf6\x31\0\0\xa6\0\0\
\0\x41\x02\0\x01\xfe\x31\0\0\xa6\0\0\0\x42\x02\0\x01\x0e\x32\0\0\xa6\0\0\0\x43\
\x02\0\x01\x20\x32\0\0\x0d\0\0\0\x44\x02\0\x01\x2c\x32\0\0\x0d\0\0\0\x45\x02\0\
\x01\x3c\x32\0\0\x8a\x01\0\0\x80\x02\0\0\x4a\x32\0\0\xbf\0\0\0\x80\x04\0\0\x58\
\x32\0\0\x91\x01\0\0\xc0\x04\0\0\x5d\x32\0\0\x96\x01\0\0\xc0\x05\0\0\x68\x32\0\
\0\x98\x01\0\0\x80\x06\0\0\x70\x32\0\0\x45\0\0\0\xc0\x06\0\0\x7c\x32\0\0\x45\0\
\0\0\xe0\x06\0\0\x88\x32\0\0\x0d\0\0\0\0\x07\0\x03\x96\x32\0\0\x0d\0\0\0\x03\
\x07\0\x01\xa8\x32\0\0\x0d\0\0\0\x04\x07\0\x01\xb8\x32\0\0\x0d\0\0\0\x05\x07\0\
\x01\xc8\x32\0\0\x0d\0\0\0\x06\x07\0\x01\xdb\x32\0\0\x0d\0\0\0\x07\x07\0\x01\
\xe8\x32\0\0\xa6\0\0\0\x08\x07\0\x01\xf8\x32\0\0\x0d\0\0\0\x09\x07\0\x01\x05\
\x33\0\0\x0d\0\0\0\x0a\x07\0\x01\x0e\x33\0\0\x0d\0\0\0\x0b\x07\0\x01\x1e\x33\0\
\0\x0d\0\0\0\x0c\x07\0\x01\x31\x33\0\0\x0d\0\0\0\x0d\x07\0\x01\x3f\x33\0\0\x0d\
\0\0\0\x20\x07\0\0\x4b\x33\0\0\x99\x01\0\0\x40\x07\0\0\x53\x33\0\0\x9a\x01\0\0\
\x60\x07\0\0\x62\x33\0\0\x9a\x01\0\0\x80\x07\0\0\x6e\x33\0\0\x02\0\0\0\xa0\x07\
\0\0\x7c\x33\0\0\x02\0\0\0\xc0\x07\0\0\x8e\x33\0\0\xbf\0\0\0\0\x08\0\0\x98\x33\
\0\0\xbf\0\0\0\x40\x08\0\0\xa4\x33\0\0\xbf\0\0\0\x80\x08\0\0\xb3\x33\0\0\xbf\0\
\0\0\xc0\x08\0\0\xc8\x33\0\0\x9b\x01\0\0\0\x09\0\0\xd4\x33\0\0\x9c\x01\0\0\x40\
\x09\0\0\xea\x33\0\0\xa0\x01\0\0\x80\x09\0\0\xee\x33\0\0\0\0\0\x08\x86\x01\0\0\
\xfb\x33\0\0\x01\0\0\x04\x04\0\0\0\x06\x34\0\0\x02\0\0\0\0\0\0\0\xd8\x31\0\0\
\x02\0\0\x04\x20\0\0\0\x0c\x34\0\0\x0d\0\0\0\0\0\0\0\x11\x34\0\0\x88\x01\0\0\
\x40\0\0\0\x16\x34\0\0\x02\0\0\x04\x18\0\0\0\x02\x18\0\0\x93\0\0\0\0\0\0\0\x27\
\x34\0\0\x52\0\0\0\x40\0\0\0\0\0\0\0\0\0\0\x02\x37\x03\0\0\x31\x34\0\0\x08\0\0\
\x04\x40\0\0\0\xa8\x05\0\0\x8b\x01\0\0\0\0\0\0\x39\x34\0\0\xd3\0\0\0\0\x01\0\0\
\x1c\x2d\0\0\x8c\x01\0\0\x40\x01\0\0\x46\x34\0\0\x90\x01\0\0\x80\x01\0\0\x93\
\x01\0\0\x3c\0\0\0\xc0\x01\0\0\x4b\x34\0\0\x3c\0\0\0\xc8\x01\0\0\x52\x34\0\0\
\x3c\0\0\0\xd0\x01\0\0\x5a\x34\0\0\x3c\0\0\0\xd8\x01\0\0\x62\x34\0\0\x02\0\0\
\x04\x20\0\0\0\xa8\x05\0\0\xd1\0\0\0\0\0\0\0\x4b\x1b\0\0\xd3\0\0\0\xc0\0\0\0\0\
\0\0\0\0\0\0\x02\x8d\x01\0\0\0\0\0\0\x01\0\0\x0d\x8e\x01\0\0\0\0\0\0\x8f\x01\0\
\0\x72\x34\0\0\x02\0\0\x06\x04\0\0\0\x82\x34\0\0\0\0\0\0\x94\x34\0\0\x01\0\0\0\
\0\0\0\0\0\0\0\x02\x8a\x01\0\0\0\0\0\0\0\0\0\x02\x39\x03\0\0\xa4\x34\0\0\x03\0\
\0\x04\x20\0\0\0\x81\x1c\0\0\x5e\0\0\0\0\0\0\0\x16\x2d\0\0\x52\0\0\0\x40\0\0\0\
\xe9\x05\0\0\x92\x01\0\0\xc0\0\0\0\xb0\x34\0\0\0\0\0\x08\x93\x01\0\0\0\0\0\0\0\
\0\0\x02\x94\x01\0\0\0\0\0\0\x01\0\0\x0d\0\0\0\0\0\0\0\0\x95\x01\0\0\0\0\0\0\0\
\0\0\x02\x91\x01\0\0\xbc\x34\0\0\0\0\0\x08\x97\x01\0\0\xce\x34\0\0\x02\0\0\x04\
\x18\0\0\0\x02\x18\0\0\x47\0\0\0\0\0\0\0\x21\x06\0\0\x52\0\0\0\x40\0\0\0\0\0\0\
\0\0\0\0\x02\x38\x03\0\0\xde\x34\0\0\x05\0\0\x06\x04\0\0\0\xea\x34\0\0\0\0\0\0\
\xf7\x34\0\0\x01\0\0\0\x04\x35\0\0\x02\0\0\0\x14\x35\0\0\x03\0\0\0\x28\x35\0\0\
\x04\0\0\0\x37\x35\0\0\x05\0\0\x86\x04\0\0\0\x42\x35\0\0\xff\xff\xff\xff\x4e\
\x35\0\0\0\0\0\0\x59\x35\0\0\x01\0\0\0\x66\x35\0\0\x02\0\0\0\x74\x35\0\0\x03\0\
\0\0\0\0\0\0\0\0\0\x02\x3a\x03\0\0\0\0\0\0\0\0\0\x02\x9d\x01\0\0\0\0\0\0\x02\0\
\0\x0d\0\0\0\0\0\0\0\0\x7a\x01\0\0\0\0\0\0\x9e\x01\0\0\x83\x35\0\0\0\0\0\x08\
\x9f\x01\0\0\x87\x35\0\0\0\0\0\x08\x02\0\0\0\0\0\0\0\0\0\0\x02\x3b\x03\0\0\0\0\
\0\0\0\0\0\x02\x3d\x03\0\0\0\0\0\0\0\0\0\x02\x3e\x03\0\0\0\0\0\0\0\0\0\x02\x26\
\x03\0\0\x8d\x35\0\0\x02\0\0\x04\x10\0\0\0\x9a\x35\0\0\xa5\x01\0\0\0\0\0\0\x81\
\x1c\0\0\xa6\x01\0\0\x40\0\0\0\0\0\0\0\0\0\0\x02\x27\x03\0\0\0\0\0\0\0\0\0\x02\
\x92\x03\0\0\0\0\0\0\0\0\0\x02\xa8\x01\0\0\0\0\0\0\0\0\0\x0a\x93\x03\0\0\0\0\0\
\0\0\0\0\x02\xbf\0\0\0\0\0\0\0\0\0\0\x02\xab\x01\0\0\0\0\0\0\0\0\0\x0a\x94\x03\
\0\0\0\0\0\0\0\0\0\x02\x95\x03\0\0\0\0\0\0\0\0\0\x02\x53\x03\0\0\xa1\x35\0\0\0\
\0\0\x04\0\0\0\0\0\0\0\0\0\0\0\x02\x40\x03\0\0\0\0\0\0\0\0\0\x02\x41\x03\0\0\
\xae\x35\0\0\0\0\0\x08\xb2\x01\0\0\xb4\x35\0\0\0\0\0\x08\x51\0\0\0\0\0\0\0\0\0\
\0\x02\xb4\x01\0\0\0\0\0\0\0\0\0\x0a\x96\x03\0\0\0\0\0\0\0\0\0\x02\xb6\x01\0\0\
\0\0\0\0\0\0\0\x02\xb7\x01\0\0\0\0\0\0\0\0\0\x0a\xbf\x01\0\0\0\0\0\0\0\0\0\x02\
\xb9\x01\0\0\0\0\0\0\x01\0\0\x0d\0\0\0\0\0\0\0\0\x7a\x01\0\0\0\0\0\0\0\0\0\x02\
\x97\x03\0\0\0\0\0\0\0\0\0\x02\x98\x03\0\0\0\0\0\0\0\0\0\x02\x99\x03\0\0\xc3\
\x35\0\0\x04\0\0\x06\x04\0\0\0\xd4\x35\0\0\0\0\0\0\xf3\x35\0\0\x01\0\0\0\x0c\
\x36\0\0\x02\0\0\0\x19\x36\0\0\x03\0\0\0\0\0\0\0\0\0\0\x03\0\0\0\0\xab\0\0\0\
\x04\0\0\0\x01\0\0\0\x2a\x36\0\0\x05\0\0\x04\x28\0\0\0\xdb\x22\0\0\x73\x01\0\0\
\0\0\0\0\x3a\x36\0\0\xc0\x01\0\0\x40\0\0\0\x45\x36\0\0\xc5\x01\0\0\x80\0\0\0\
\x54\x36\0\0\x11\x02\0\0\xc0\0\0\0\x5a\x36\0\0\x12\x02\0\0\0\x01\0\0\0\0\0\0\0\
\0\0\x02\xc1\x01\0\0\0\0\0\0\x03\0\0\x0d\xc2\x01\0\0\0\0\0\0\x75\x01\0\0\0\0\0\
\0\xc3\x01\0\0\0\0\0\0\x02\0\0\0\x64\x36\0\0\0\0\0\x08\x10\0\0\0\0\0\0\0\0\0\0\
\x02\xc4\x01\0\0\x6c\x36\0\0\x02\0\0\x04\x10\0\0\0\xdb\x22\0\0\x73\x01\0\0\0\0\
\0\0\x76\x36\0\0\xc2\x01\0\0\x40\0\0\0\0\0\0\0\0\0\0\x02\xc6\x01\0\0\0\0\0\0\
\x03\0\0\x0d\xc2\x01\0\0\0\0\0\0\x75\x01\0\0\0\0\0\0\xc7\x01\0\0\0\0\0\0\x02\0\
\0\0\0\0\0\0\0\0\0\x02\xc8\x01\0\0\x7b\x36\0\0\x08\0\0\x04\x48\0\0\0\x89\x36\0\
\0\xc4\x01\0\0\0\0\0\0\x8e\x36\0\0\xc9\x01\0\0\x80\0\0\0\x93\x36\0\0\x5c\0\0\0\
\xc0\0\0\0\x9b\x36\0\0\xcc\x01\0\0\0\x01\0\0\xa5\x36\0\0\xd5\x01\0\0\x40\x01\0\
\0\xaa\x36\0\0\xd5\x01\0\0\x80\x01\0\0\xb0\x36\0\0\xf8\x01\0\0\xc0\x01\0\0\xb7\
\x36\0\0\xfa\x01\0\0\0\x02\0\0\xbc\x36\0\0\0\0\0\x08\xca\x01\0\0\xc3\x36\0\0\0\
\0\0\x08\xcb\x01\0\0\xd3\x36\0\0\0\0\0\x08\xab\0\0\0\0\0\0\0\0\0\0\x02\xcd\x01\
\0\0\0\0\0\0\0\0\0\x0d\xce\x01\0\0\0\0\0\0\0\0\0\x02\xcf\x01\0\0\xe4\x36\0\0\
\x0f\0\0\x04\xc0\0\0\0\xf2\x36\0\0\xd0\x01\0\0\0\0\0\0\xf7\x36\0\0\x5a\0\0\0\
\x40\0\0\0\xff\x36\0\0\x9a\0\0\0\xc0\0\0\0\x0f\x37\0\0\x5b\0\0\0\0\x02\0\0\x18\
\x37\0\0\x45\0\0\0\x20\x02\0\0\x28\x37\0\0\xd1\x01\0\0\x40\x02\0\0\x2f\x37\0\0\
\xab\0\0\0\xc0\x02\0\0\x37\x37\0\0\xab\0\0\0\0\x03\0\0\x47\x37\0\0\xd2\x01\0\0\
\x40\x03\0\0\x60\x1b\0\0\xab\0\0\0\x80\x03\0\0\x4d\x37\0\0\x9a\0\0\0\xc0\x03\0\
\0\x5a\x37\0\0\xd4\x01\0\0\0\x05\0\0\x61\x37\0\0\x47\0\0\0\x20\x05\0\0\x70\x37\
\0\0\x52\0\0\0\x40\x05\0\0\x7f\x37\0\0\x5c\0\0\0\xc0\x05\0\0\0\0\0\0\0\0\0\x02\
\x1e\x03\0\0\x8e\x37\0\0\x02\0\0\x04\x10\0\0\0\xff\x05\0\0\x7b\0\0\0\0\0\0\0\
\x9d\x37\0\0\x7c\0\0\0\x40\0\0\0\0\0\0\0\0\0\0\x02\xd3\x01\0\0\0\0\0\0\0\0\0\
\x0a\x9a\x03\0\0\xa9\x37\0\0\0\0\0\x08\x51\0\0\0\0\0\0\0\0\0\0\x02\xd6\x01\0\0\
\0\0\0\0\x06\0\0\x0d\xd7\x01\0\0\0\0\0\0\xdb\x01\0\0\0\0\0\0\x75\x01\0\0\0\0\0\
\0\xc7\x01\0\0\0\0\0\0\xf7\x01\0\0\0\0\0\0\xdf\x01\0\0\0\0\0\0\xc9\x01\0\0\xb2\
\x37\0\0\0\0\0\x08\xd8\x01\0\0\xba\x37\0\0\0\0\0\x08\xd9\x01\0\0\xcb\x37\0\0\0\
\0\0\x08\xda\x01\0\0\xdb\x37\0\0\0\0\0\x01\x08\0\0\0\x40\0\0\x01\0\0\0\0\0\0\0\
\x02\xdc\x01\0\0\xe0\x37\0\0\x14\0\0\x04\xe8\0\0\0\0\0\0\0\xdd\x01\0\0\0\0\0\0\
\xe5\x37\0\0\x47\0\0\0\x80\0\0\0\xec\x37\0\0\xde\x01\0\0\xa0\0\0\0\xf3\x37\0\0\
\x5e\0\0\0\xc0\0\0\0\xfb\x37\0\0\x92\0\0\0\0\x01\0\0\x06\x38\0\0\xdf\x01\0\0\0\
\x02\0\0\x0c\x38\0\0\x0d\0\0\0\x40\x02\0\0\x14\x38\0\0\xe1\x01\0\0\x80\x02\0\0\
\x1c\x38\0\0\xef\x01\0\0\x80\x03\0\0\x23\x38\0\0\xf1\x01\0\0\xc0\x03\0\0\x28\
\x38\0\0\xf2\x01\0\0\xc0\x04\0\0\x2f\x38\0\0\xd0\x01\0\0\x40\x05\0\0\x37\x38\0\
\0\xf5\x01\0\0\x80\x05\0\0\x3c\x38\0\0\xbf\0\0\0\xc0\x05\0\0\x46\x38\0\0\x5c\0\
\0\0\0\x06\0\0\x51\x38\0\0\x5c\0\0\0\x40\x06\0\0\x5e\x38\0\0\x7e\0\0\0\x80\x06\
\0\0\x9b\x36\0\0\xce\x01\0\0\xc0\x06\0\0\x63\x38\0\0\xd4\x01\0\0\0\x07\0\0\x6c\
\x38\0\0\xd4\x01\0\0\x20\x07\0\0\0\0\0\0\x03\0\0\x05\x10\0\0\0\x75\x38\0\0\x71\
\0\0\0\0\0\0\0\x81\x38\0\0\x54\0\0\0\0\0\0\0\x89\x38\0\0\x0d\0\0\0\0\0\0\0\x96\
\x38\0\0\0\0\0\x08\x0d\0\0\0\x9e\x38\0\0\0\0\0\x08\xe0\x01\0\0\xa5\x38\0\0\0\0\
\0\x08\x63\0\0\0\xb5\x38\0\0\x06\0\0\x04\x20\0\0\0\x02\x18\0\0\xe2\x01\0\0\0\0\
\0\0\xc1\x38\0\0\xe9\x01\0\0\x40\0\0\0\xc5\x38\0\0\xea\x01\0\0\x80\0\0\0\xce\
\x38\0\0\xeb\x01\0\0\xa0\0\0\0\xd2\x38\0\0\xeb\x01\0\0\xc0\0\0\0\xd7\x38\0\0\
\x02\0\0\0\xe0\0\0\0\xde\x38\0\0\0\0\0\x08\xe3\x01\0\0\0\0\0\0\x01\0\0\x04\x08\
\0\0\0\x36\x04\0\0\xe4\x01\0\0\0\0\0\0\xe7\x38\0\0\0\0\0\x08\xe5\x01\0\0\xf5\
\x38\0\0\x02\0\0\x04\x08\0\0\0\0\0\0\0\xe6\x01\0\0\0\0\0\0\xcb\x07\0\0\x4b\0\0\
\0\x20\0\0\0\0\0\0\0\x02\0\0\x05\x04\0\0\0\xfd\x38\0\0\x45\0\0\0\0\0\0\0\0\0\0\
\0\xe7\x01\0\0\0\0\0\0\0\0\0\0\x02\0\0\x04\x04\0\0\0\x02\x39\0\0\x3c\0\0\0\0\0\
\0\0\x0a\x39\0\0\xe8\x01\0\0\x08\0\0\0\0\0\0\0\0\0\0\x03\0\0\0\0\x3c\0\0\0\x04\
\0\0\0\x03\0\0\0\0\0\0\0\0\0\0\x02\x23\x03\0\0\xc5\x38\0\0\x05\0\0\x06\x04\0\0\
\0\x13\x39\0\0\0\0\0\0\x1f\x39\0\0\x01\0\0\0\x2c\x39\0\0\x02\0\0\0\x39\x39\0\0\
\x03\0\0\0\x45\x39\0\0\x04\0\0\0\x51\x39\0\0\0\0\0\x08\xec\x01\0\0\0\0\0\0\x01\
\0\0\x04\x04\0\0\0\x59\x04\0\0\xed\x01\0\0\0\0\0\0\x58\x39\0\0\0\0\0\x08\xee\
\x01\0\0\x5e\x39\0\0\0\0\0\x08\x0d\0\0\0\0\0\0\0\0\0\0\x02\xf0\x01\0\0\0\0\0\0\
\0\0\0\x0a\x63\x02\0\0\x6f\x39\0\0\x06\0\0\x04\x20\0\0\0\x7d\x39\0\0\xab\0\0\0\
\0\0\0\0\x8e\x36\0\0\x0d\0\0\0\x40\0\0\0\x83\x39\0\0\x0d\0\0\0\x60\0\0\0\x8e\
\x39\0\0\x0d\0\0\0\x80\0\0\0\x97\x39\0\0\x0d\0\0\0\xa0\0\0\0\xa1\x39\0\0\xdf\
\x01\0\0\xc0\0\0\0\xaa\x39\0\0\x02\0\0\x04\x10\0\0\0\xaf\x39\0\0\xf3\x01\0\0\0\
\0\0\0\xb3\x39\0\0\xf4\x01\0\0\x40\0\0\0\0\0\0\0\0\0\0\x02\x1c\x03\0\0\0\0\0\0\
\0\0\0\x02\x1f\x03\0\0\0\0\0\0\0\0\0\x02\xf6\x01\0\0\0\0\0\0\0\0\0\x0a\x43\x03\
\0\0\0\0\0\0\0\0\0\x02\xd4\0\0\0\0\0\0\0\0\0\0\x02\xf9\x01\0\0\0\0\0\0\x05\0\0\
\x0d\xdf\x01\0\0\0\0\0\0\xdb\x01\0\0\0\0\0\0\x75\x01\0\0\0\0\0\0\xc7\x01\0\0\0\
\0\0\0\xdf\x01\0\0\0\0\0\0\x02\0\0\0\0\0\0\0\0\0\0\x02\xfb\x01\0\0\0\0\0\0\x04\
\0\0\x0d\x02\0\0\0\0\0\0\0\xdb\x01\0\0\0\0\0\0\x75\x01\0\0\0\0\0\0\xc7\x01\0\0\
\0\0\0\0\xfc\x01\0\0\0\0\0\0\0\0\0\x02\xfd\x01\0\0\xba\x39\0\0\x13\0\0\x04\xc0\
\0\0\0\0\0\0\0\xfe\x01\0\0\0\0\0\0\xc9\x39\0\0\0\x02\0\0\x80\0\0\0\xcf\x39\0\0\
\x01\x02\0\0\xc0\0\0\0\0\0\0\0\x04\x02\0\0\0\x01\0\0\xdc\x39\0\0\x02\0\0\0\x40\
\x01\0\0\xe8\x39\0\0\x07\x02\0\0\x80\x01\0\0\xf0\x39\0\0\xa6\0\0\0\xc0\x01\0\0\
\xf9\x39\0\0\x08\x02\0\0\0\x02\0\0\0\x3a\0\0\x52\0\0\0\0\x03\0\0\x0f\x3a\0\0\
\x09\x02\0\0\x80\x03\0\0\x18\x3a\0\0\x0a\x02\0\0\xc0\x03\0\0\x1f\x3a\0\0\xab\0\
\0\0\0\x04\0\0\x28\x3a\0\0\xdb\x01\0\0\x40\x04\0\0\x30\x3a\0\0\x5c\0\0\0\x80\
\x04\0\0\x40\x3a\0\0\x0c\x02\0\0\xc0\x04\0\0\x4a\x3a\0\0\x5e\0\0\0\0\x05\0\0\
\x5e\x3a\0\0\x0d\x02\0\0\x40\x05\0\0\x68\x3a\0\0\x0e\x02\0\0\x80\x05\0\0\x74\
\x3a\0\0\x0f\x02\0\0\xc0\x05\0\0\0\0\0\0\x02\0\0\x05\x10\0\0\0\0\0\0\0\xff\x01\
\0\0\0\0\0\0\x87\x3a\0\0\x71\0\0\0\0\0\0\0\0\0\0\0\x02\0\0\x04\x10\0\0\0\x8e\
\x3a\0\0\xab\0\0\0\0\0\0\0\x97\x3a\0\0\xab\0\0\0\x40\0\0\0\0\0\0\0\0\0\0\x02\
\x24\x03\0\0\x9e\x3a\0\0\0\0\0\x08\x02\x02\0\0\xa7\x3a\0\0\x01\0\0\x04\x08\0\0\
\0\xa7\x3a\0\0\x03\x02\0\0\0\0\0\0\xae\x3a\0\0\0\0\0\x08\xab\0\0\0\0\0\0\0\x02\
\0\0\x05\x08\0\0\0\xba\x3a\0\0\x05\x02\0\0\0\0\0\0\xc3\x3a\0\0\x06\x02\0\0\0\0\
\0\0\0\0\0\0\0\0\0\x0a\x06\x02\0\0\xce\x3a\0\0\0\0\0\x08\xab\0\0\0\0\0\0\0\0\0\
\0\x02\x28\x03\0\0\0\0\0\0\x02\0\0\x04\x20\0\0\0\xd9\x3a\0\0\xd1\0\0\0\0\0\0\0\
\xdc\x3a\0\0\xab\0\0\0\xc0\0\0\0\0\0\0\0\0\0\0\x02\x29\x03\0\0\0\0\0\0\0\0\0\
\x02\x0b\x02\0\0\0\0\0\0\0\0\0\x0a\x2a\x03\0\0\0\0\0\0\0\0\0\x02\x2d\x03\0\0\0\
\0\0\0\0\0\0\x02\x2c\x03\0\0\0\0\0\0\0\0\0\x02\x2e\x03\0\0\x74\x3a\0\0\x01\0\0\
\x04\x08\0\0\0\x9d\x01\0\0\x10\x02\0\0\0\0\0\0\0\0\0\0\0\0\0\x02\x2f\x03\0\0\0\
\0\0\0\0\0\0\x02\xc3\x01\0\0\0\0\0\0\0\0\0\x02\xc7\x01\0\0\0\0\0\0\0\0\0\x03\0\
\0\0\0\xb6\x01\0\0\x04\0\0\0\x04\0\0\0\0\0\0\0\0\0\0\x02\x15\x02\0\0\0\0\0\0\0\
\0\0\x0a\xa8\x03\0\0\0\0\0\0\0\0\0\x02\x17\x02\0\0\0\0\0\0\0\0\0\x0a\xa9\x03\0\
\0\0\0\0\0\0\0\0\x03\0\0\0\0\x3c\0\0\0\x04\0\0\0\x10\0\0\0\0\0\0\0\0\0\0\x02\
\xaa\x03\0\0\0\0\0\0\0\0\0\x02\x91\x03\0\0\0\0\0\0\0\0\0\x02\xa4\x03\0\0\0\0\0\
\0\0\0\0\x02\x55\x03\0\0\0\0\0\0\0\0\0\x02\x1e\x02\0\0\0\0\0\0\0\0\0\x0a\xa5\
\x03\0\0\0\0\0\0\0\0\0\x02\x20\x02\0\0\0\0\0\0\0\0\0\x0a\xab\x03\0\0\0\0\0\0\0\
\0\0\x02\x22\x02\0\0\x57\x28\0\0\0\0\0\x07\0\0\0\0\xec\x3a\0\0\x02\0\0\x04\x10\
\0\0\0\xfb\x3a\0\0\x11\x01\0\0\0\0\0\0\0\x3b\0\0\x24\x02\0\0\x40\0\0\0\0\0\0\0\
\0\0\0\x02\xac\x03\0\0\0\0\0\0\0\0\0\x03\0\0\0\0\x23\x02\0\0\x04\0\0\0\x03\0\0\
\0\0\0\0\0\0\0\0\x03\0\0\0\0\x3c\0\0\0\x04\0\0\0\x20\0\0\0\0\0\0\0\0\0\0\x02\
\xad\x03\0\0\0\0\0\0\0\0\0\x02\xa6\x03\0\0\0\0\0\0\0\0\0\x02\xae\x03\0\0\0\0\0\
\0\0\0\0\x02\x2b\x02\0\0\0\0\0\0\x02\0\0\x0d\0\0\0\0\0\0\0\0\x3e\0\0\0\0\0\0\0\
\xc8\0\0\0\x05\x3b\0\0\x5e\0\0\x84\xf8\x02\0\0\x0a\x3b\0\0\x2d\x02\0\0\0\0\0\0\
\x16\x3b\0\0\xc8\0\0\0\x40\x04\0\0\x20\x3b\0\0\x02\0\0\0\x80\x04\0\0\x32\x3b\0\
\0\x51\0\0\0\xa0\x04\0\0\x43\x3b\0\0\x46\x02\0\0\xc0\x04\0\0\x4b\x3b\0\0\x45\0\
\0\0\xc0\x05\0\0\x54\x3b\0\0\x02\0\0\0\xe0\x05\0\0\x60\x3b\0\0\x48\x02\0\0\0\
\x06\0\0\x6f\x3b\0\0\x48\x02\0\0\xc0\x06\0\0\x80\x3b\0\0\x4c\x02\0\0\x80\x07\0\
\0\x8b\x3b\0\0\x02\0\0\0\x40\x08\0\0\x9c\x3b\0\0\x51\0\0\0\x60\x08\0\0\xac\x3b\
\0\0\x0d\0\0\0\x80\x08\0\0\xb7\x3b\0\0\x0d\0\0\0\xa0\x08\0\0\xc2\x3b\0\0\x02\0\
\0\0\xc0\x08\0\0\xcc\x3b\0\0\x02\0\0\0\xe0\x08\0\0\xdb\x3b\0\0\x4d\x02\0\0\0\
\x09\0\0\0\0\0\0\x4e\x02\0\0\x40\x09\0\0\xe5\x3b\0\0\x5f\x02\0\0\x80\x09\0\0\
\xef\x3b\0\0\xc8\0\0\0\0\x0a\0\0\xfc\x3b\0\0\x45\0\0\0\x40\x0a\0\0\x0a\x3c\0\0\
\x02\0\0\0\x60\x0a\0\0\x14\x3c\0\0\x02\0\0\0\x80\x0a\0\0\x23\x3c\0\0\x43\0\0\0\
\xa0\x0a\0\0\x31\x3c\0\0\xab\0\0\0\xc0\x0a\0\0\0\0\0\0\x60\x02\0\0\0\x0b\0\0\
\x3e\x3c\0\0\x48\x02\0\0\x40\x0b\0\0\x4d\x3c\0\0\x9f\x01\0\0\0\x0c\0\0\x59\x3c\
\0\0\x02\0\0\0\x20\x0c\0\0\x6a\x3c\0\0\x0c\0\0\0\x40\x0c\0\0\x81\x3c\0\0\x51\0\
\0\0\x60\x0c\0\0\x92\x3c\0\0\xda\x01\0\0\x80\x0c\0\0\x9e\x3c\0\0\x61\x01\0\0\
\xc0\x0c\0\0\xa7\x3c\0\0\x0c\0\0\0\0\x0e\0\0\xb3\x3c\0\0\x0c\0\0\0\x20\x0e\0\0\
\xbb\x3c\0\0\xab\0\0\0\x40\x0e\0\0\xca\x3c\0\0\xab\0\0\0\x80\x0e\0\0\xdd\x3c\0\
\0\x61\x02\0\0\xc0\x0e\0\0\xe5\x3c\0\0\xfe\0\0\0\x40\x0f\0\0\xf3\x3c\0\0\x02\0\
\0\0\x80\x0f\0\0\xff\x3c\0\0\x0d\0\0\0\xa0\x0f\0\0\x0f\x3d\0\0\x5b\0\0\0\xc0\
\x0f\0\0\x1d\x3d\0\0\x0c\0\0\0\xe0\x0f\0\0\x27\x3d\0\0\x3c\0\0\0\0\x10\0\x01\
\x37\x3d\0\0\x3c\0\0\0\x01\x10\0\x01\x44\x3d\0\0\x3c\0\0\0\x02\x10\0\x01\x53\
\x3d\0\0\x3c\0\0\0\x03\x10\0\x01\x62\x3d\0\0\x3c\0\0\0\x04\x10\0\x04\x6f\x3d\0\
\0\x3c\0\0\0\x08\x10\0\0\x7f\x3d\0\0\x50\0\0\0\x10\x10\0\0\x87\x3d\0\0\x50\0\0\
\0\x20\x10\0\0\x93\x3d\0\0\x50\0\0\0\x30\x10\0\0\xa3\x3d\0\0\xab\0\0\0\x40\x10\
\0\0\xb1\x3d\0\0\x38\x02\0\0\x80\x10\0\0\xc1\x3d\0\0\xe2\x01\0\0\xc0\x10\0\0\
\xd2\x3d\0\0\x02\0\0\0\0\x11\0\0\xd9\x3d\0\0\x02\0\0\0\x20\x11\0\0\xe5\x3d\0\0\
\x51\0\0\0\x40\x11\0\0\xf4\x3d\0\0\x51\0\0\0\x60\x11\0\0\x07\x3e\0\0\xeb\x01\0\
\0\x80\x11\0\0\x0e\x3e\0\0\x3c\0\0\0\xa0\x11\0\0\x1a\x3e\0\0\x3c\0\0\0\xa8\x11\
\0\0\x2e\x3e\0\0\x50\0\0\0\xb0\x11\0\0\x42\x3e\0\0\x47\0\0\0\xc0\x11\0\0\x4f\
\x3e\0\0\x02\0\0\0\xe0\x11\0\0\x5b\x3e\0\0\xe9\x01\0\0\0\x12\0\0\x67\x3e\0\0\
\xef\x01\0\0\x40\x12\0\0\x74\x3e\0\0\xda\x01\0\0\x80\x12\0\0\x80\x3e\0\0\xd3\0\
\0\0\xc0\x12\0\0\x89\x3e\0\0\x45\0\0\0\0\x13\0\0\x92\x3e\0\0\x45\0\0\0\x20\x13\
\0\0\x9b\x3e\0\0\x51\0\0\0\x40\x13\0\0\xa6\x3e\0\0\x3c\0\0\0\x60\x13\0\0\xb2\
\x3e\0\0\x3c\0\0\0\x68\x13\0\0\xbd\x3e\0\0\x3c\0\0\0\x70\x13\0\x01\xd5\x3e\0\0\
\x3c\0\0\0\x71\x13\0\x01\xed\x3e\0\0\x3c\0\0\0\x72\x13\0\x06\xfe\x3e\0\0\xa6\0\
\0\0\x78\x13\0\0\x0f\x3f\0\0\x6a\x02\0\0\x80\x13\0\0\x19\x3f\0\0\x5c\0\0\0\xc0\
\x13\0\0\x26\x3f\0\0\x5c\0\0\0\0\x14\0\0\x32\x3f\0\0\x6b\x02\0\0\x40\x14\0\0\
\x3f\x3f\0\0\x6d\x02\0\0\xc0\x14\0\0\x48\x3f\0\0\x6e\x02\0\0\0\x15\0\0\x58\x3f\
\0\0\x6e\x02\0\0\x40\x15\0\0\x66\x3f\0\0\x6e\x02\0\0\x80\x15\0\0\x75\x3f\0\0\
\x6e\x02\0\0\xc0\x15\0\0\x85\x3f\0\0\x70\x02\0\0\0\x16\0\0\x94\x3f\0\0\x72\x02\
\0\0\x40\x16\0\0\xa9\x3f\0\0\x6e\x02\0\0\x80\x16\0\0\xb5\x3f\0\0\x74\x02\0\0\
\xc0\x16\0\0\xc5\x3f\0\0\x75\x02\0\0\0\x17\0\0\xd4\x3f\0\0\x71\0\0\0\x40\x17\0\
\0\xdb\x3f\0\0\x76\x02\0\0\xc0\x17\0\0\xe6\x3f\0\0\x19\0\0\x84\x88\0\0\0\0\0\0\
\0\x2e\x02\0\0\0\0\0\0\0\0\0\0\x31\x02\0\0\x40\0\0\0\0\0\0\0\x33\x02\0\0\x60\0\
\0\0\xf2\x3f\0\0\x10\0\0\0\x80\0\0\0\xfd\x3f\0\0\x36\x02\0\0\x90\0\0\0\x07\x40\
\0\0\x12\0\0\0\x98\0\0\x04\x11\x40\0\0\x12\0\0\0\x9c\0\0\x01\x1f\x40\0\0\x12\0\
\0\0\x9d\0\0\x01\x2c\x40\0\0\x12\0\0\0\x9e\0\0\x01\x3b\x40\0\0\x02\0\0\0\xa0\0\
\0\0\0\0\0\0\x37\x02\0\0\xc0\0\0\0\x4c\x40\0\0\x38\x02\0\0\x40\x01\0\0\x55\x40\
\0\0\x19\x01\0\0\x80\x01\0\0\x5d\x40\0\0\x39\x02\0\0\xc0\x01\0\0\x6a\x40\0\0\
\x39\x02\0\0\x40\x02\0\0\x7b\x40\0\0\x5f\0\0\0\xc0\x02\0\0\0\0\0\0\x3d\x02\0\0\
\0\x03\0\0\x86\x40\0\0\x3f\x02\0\0\x40\x03\0\0\0\0\0\0\x40\x02\0\0\x40\x03\0\0\
\x99\x40\0\0\x10\0\0\0\xc0\x03\0\0\xae\x40\0\0\x10\0\0\0\xd0\x03\0\0\0\0\0\0\
\x44\x02\0\0\xe0\x03\0\0\xc3\x40\0\0\x43\0\0\0\0\x04\0\0\xce\x40\0\0\x3f\x02\0\
\0\x20\x04\0\0\0\0\0\0\x45\x02\0\0\x20\x04\0\0\0\0\0\0\x02\0\0\x05\x08\0\0\0\
\xdf\x40\0\0\x2f\x02\0\0\0\0\0\0\0\0\0\0\x30\x02\0\0\0\0\0\0\xec\x40\0\0\0\0\0\
\x08\x08\0\0\0\0\0\0\0\x02\0\0\x04\x08\0\0\0\xf7\x40\0\0\x15\0\0\0\0\0\0\0\x01\
\x41\0\0\x15\0\0\0\x20\0\0\0\0\0\0\0\x02\0\0\x05\x04\0\0\0\x0f\x41\0\0\x0d\0\0\
\0\0\0\0\0\x18\x41\0\0\x32\x02\0\0\0\0\0\0\0\0\0\0\0\0\0\x03\0\0\0\0\x0f\0\0\0\
\x04\0\0\0\x02\0\0\0\0\0\0\0\x02\0\0\x05\x04\0\0\0\x26\x41\0\0\x34\x02\0\0\0\0\
\0\0\0\0\0\0\x35\x02\0\0\0\0\0\0\x33\x41\0\0\0\0\0\x08\x0c\0\0\0\0\0\0\0\x02\0\
\0\x04\x04\0\0\0\x3e\x41\0\0\x14\0\0\0\0\0\0\0\x48\x41\0\0\x0f\0\0\0\x10\0\0\0\
\0\0\0\0\0\0\0\x09\x12\0\0\0\0\0\0\0\x02\0\0\x05\x10\0\0\0\x50\x41\0\0\x5c\x01\
\0\0\0\0\0\0\x5e\x41\0\0\x5c\x01\0\0\0\0\0\0\0\0\0\0\0\0\0\x02\x1b\x03\0\0\x70\
\x41\0\0\x01\0\0\x04\x10\0\0\0\x79\x41\0\0\x3a\x02\0\0\0\0\0\0\0\0\0\0\x03\0\0\
\x05\x10\0\0\0\x7f\x41\0\0\x13\0\0\0\0\0\0\0\x88\x41\0\0\x3b\x02\0\0\0\0\0\0\
\x92\x41\0\0\x3c\x02\0\0\0\0\0\0\0\0\0\0\0\0\0\x03\0\0\0\0\x14\0\0\0\x04\0\0\0\
\x08\0\0\0\0\0\0\0\0\0\0\x03\0\0\0\0\x15\0\0\0\x04\0\0\0\x04\0\0\0\0\0\0\0\x03\
\0\0\x05\x08\0\0\0\x9c\x41\0\0\xab\0\0\0\0\0\0\0\xa6\x41\0\0\x3e\0\0\0\0\0\0\0\
\xb3\x41\0\0\x3e\x02\0\0\0\0\0\0\0\0\0\0\0\0\0\x02\x9f\0\0\0\0\0\0\0\0\0\0\x03\
\0\0\0\0\x02\0\0\0\x04\0\0\0\0\0\0\0\0\0\0\0\x02\0\0\x05\x10\0\0\0\xbd\x41\0\0\
\x5c\x01\0\0\0\0\0\0\xc6\x41\0\0\x41\x02\0\0\0\0\0\0\xd5\x41\0\0\x02\0\0\x04\
\x10\0\0\0\x92\x04\0\0\x42\x02\0\0\0\0\0\0\x05\x2d\0\0\x43\x02\0\0\x40\0\0\0\0\
\0\0\0\0\0\0\x02\x41\x02\0\0\0\0\0\0\0\0\0\x02\x42\x02\0\0\0\0\0\0\x03\0\0\x05\
\x04\0\0\0\xe6\x41\0\0\x02\0\0\0\0\0\0\0\xf7\x41\0\0\x51\0\0\0\0\0\0\0\x03\x42\
\0\0\x51\0\0\0\0\0\0\0\0\0\0\0\x03\0\0\x05\x04\0\0\0\x12\x42\0\0\x51\0\0\0\0\0\
\0\0\x1d\x42\0\0\x51\0\0\0\0\0\0\0\x2e\x42\0\0\x51\0\0\0\0\0\0\0\x3d\x42\0\0\0\
\0\0\x08\x47\x02\0\0\0\0\0\0\x03\0\0\x04\x20\0\0\0\x4b\x42\0\0\x47\0\0\0\0\0\0\
\0\x51\x42\0\0\x02\0\0\0\x20\0\0\0\x57\x42\0\0\x96\x01\0\0\x40\0\0\0\x5a\x42\0\
\0\x03\0\0\x04\x18\0\0\0\0\0\0\0\x49\x02\0\0\0\0\0\0\x67\x42\0\0\x0c\0\0\0\x80\
\0\0\0\x02\x18\0\0\x47\0\0\0\xa0\0\0\0\0\0\0\0\x02\0\0\x05\x10\0\0\0\0\0\0\0\
\x4a\x02\0\0\0\0\0\0\x29\x02\0\0\x4b\x02\0\0\0\0\0\0\0\0\0\0\x02\0\0\x04\x10\0\
\0\0\x92\x04\0\0\x38\0\0\0\0\0\0\0\x97\x04\0\0\x38\0\0\0\x40\0\0\0\x6c\x42\0\0\
\x02\0\0\x04\x10\0\0\0\x92\x04\0\0\x38\0\0\0\0\0\0\0\x97\x04\0\0\x38\0\0\0\x40\
\0\0\0\0\0\0\0\x04\0\0\x04\x18\0\0\0\x79\x42\0\0\x45\0\0\0\0\0\0\0\xf5\x1b\0\0\
\x02\0\0\0\x20\0\0\0\x21\x06\0\0\x38\0\0\0\x40\0\0\0\x7b\x04\0\0\x38\0\0\0\x80\
\0\0\0\0\0\0\0\0\0\0\x02\x9d\x03\0\0\0\0\0\0\x02\0\0\x05\x08\0\0\0\x84\x42\0\0\
\x4f\x02\0\0\0\0\0\0\x8a\x42\0\0\x4f\x02\0\0\0\0\0\0\0\0\0\0\0\0\0\x02\x9c\x03\
\0\0\0\0\0\0\0\0\0\x02\x51\x02\0\0\x94\x42\0\0\x1d\0\0\x04\x48\x03\0\0\xa0\x42\
\0\0\x19\x01\0\0\0\0\0\0\xa7\x42\0\0\x5c\x01\0\0\x40\0\0\0\xad\x42\0\0\x5c\x01\
\0\0\xc0\0\0\0\xb3\x42\0\0\x79\0\0\0\x40\x01\0\0\x02\x18\0\0\xe2\x01\0\0\x80\
\x01\0\0\x28\x20\0\0\x43\0\0\0\xc0\x01\0\0\xc4\x42\0\0\x51\0\0\0\xe0\x01\0\0\
\xc8\x42\0\0\x61\x01\0\0\0\x02\0\0\xce\x42\0\0\x45\0\0\0\x40\x03\0\0\xfd\x1e\0\
\0\x51\0\0\0\x60\x03\0\0\xd4\x42\0\0\x51\0\0\0\x80\x03\0\0\xda\x42\0\0\x51\0\0\
\0\xa0\x03\0\0\xd6\x1f\0\0\x52\x02\0\0\xc0\x03\0\0\xe0\x42\0\0\x53\x02\0\0\0\
\x04\0\0\xe9\x42\0\0\x56\x02\0\0\xc0\x05\0\0\xed\x42\0\0\x57\x02\0\0\xc0\x07\0\
\0\xf4\x42\0\0\x58\x02\0\0\xc0\x08\0\0\xf9\x42\0\0\x59\x02\0\0\x80\x09\0\0\xfe\
\x42\0\0\xa6\0\0\0\xc0\x0b\0\0\xd5\0\0\0\x3c\0\0\0\xc8\x0b\0\0\x0d\x43\0\0\x3c\
\0\0\0\xd0\x0b\0\0\x60\x1b\0\0\x3c\0\0\0\xd8\x0b\0\0\x14\x43\0\0\x3c\0\0\0\xe0\
\x0b\0\0\x73\0\0\0\x50\0\0\0\xf0\x0b\0\0\x1c\x43\0\0\x5a\x02\0\0\0\x0c\0\0\x25\
\x43\0\0\x5d\x02\0\0\x40\x0c\0\0\x2e\x43\0\0\x5c\x01\0\0\x40\x18\0\0\xb4\x05\0\
\0\x71\0\0\0\xc0\x18\0\0\x41\x43\0\0\x5e\x02\0\0\x40\x19\0\0\x45\x43\0\0\x02\0\
\0\x04\x08\0\0\0\x4f\x43\0\0\x0c\0\0\0\0\0\0\0\x51\x43\0\0\x0c\0\0\0\x20\0\0\0\
\x53\x43\0\0\x0c\0\0\x04\x38\0\0\0\x61\x43\0\0\x54\x02\0\0\0\0\0\0\x67\x43\0\0\
\x54\x02\0\0\x80\0\0\0\x95\0\0\0\x14\0\0\0\0\x01\0\0\x6d\x43\0\0\x14\0\0\0\x10\
\x01\0\0\x8f\0\0\0\x14\0\0\0\x20\x01\0\0\x78\x43\0\0\x14\0\0\0\x30\x01\0\0\x73\
\0\0\0\x0f\0\0\0\x40\x01\0\0\x83\x43\0\0\x11\0\0\0\x50\x01\0\0\x8f\x43\0\0\x11\
\0\0\0\x58\x01\0\0\x9b\x43\0\0\x11\0\0\0\x60\x01\0\0\x0c\x02\0\0\x02\0\0\0\x80\
\x01\0\0\xa1\x43\0\0\xee\x01\0\0\xa0\x01\0\0\xa6\x43\0\0\0\0\0\x08\x55\x02\0\0\
\0\0\0\0\x03\0\0\x05\x10\0\0\0\xb5\x43\0\0\x15\0\0\0\0\0\0\0\xb8\x43\0\0\x3c\
\x02\0\0\0\0\0\0\xbb\x43\0\0\x39\x02\0\0\0\0\0\0\xbf\x43\0\0\x08\0\0\x04\x40\0\
\0\0\xd1\x43\0\0\x08\0\0\0\0\0\0\0\xe1\x43\0\0\x08\0\0\0\x40\0\0\0\xf1\x43\0\0\
\x08\0\0\0\x80\0\0\0\x03\x44\0\0\x08\0\0\0\xc0\0\0\0\x15\x44\0\0\x08\0\0\0\0\
\x01\0\0\x2e\x44\0\0\x08\0\0\0\x40\x01\0\0\x47\x44\0\0\x08\0\0\0\x80\x01\0\0\
\x60\x44\0\0\x08\0\0\0\xc0\x01\0\0\x79\x44\0\0\x04\0\0\x04\x20\0\0\0\x8b\x44\0\
\0\x08\0\0\0\0\0\0\0\x91\x44\0\0\x08\0\0\0\x40\0\0\0\x99\x44\0\0\x08\0\0\0\x80\
\0\0\0\xa2\x44\0\0\x08\0\0\0\xc0\0\0\0\xab\x44\0\0\x02\0\0\x04\x18\0\0\0\xc2\
\x44\0\0\x52\0\0\0\0\0\0\0\xc6\x44\0\0\x3c\0\0\0\x80\0\0\0\xcb\x44\0\0\x03\0\0\
\x04\x48\0\0\0\xdd\x44\0\0\x48\x02\0\0\0\0\0\0\xe8\x44\0\0\x61\x01\0\0\xc0\0\0\
\0\xf3\x44\0\0\xab\0\0\0\0\x02\0\0\0\0\0\0\0\0\0\x02\x48\x03\0\0\xfb\x44\0\0\
\x0b\0\0\x04\x40\0\0\0\x87\x2f\0\0\x5c\x02\0\0\0\0\0\0\x67\x43\0\0\x54\x02\0\0\
\xc0\0\0\0\x05\x45\0\0\x10\0\0\0\x40\x01\0\0\x12\x45\0\0\x51\0\0\0\x60\x01\0\0\
\x76\x36\0\0\x3c\0\0\0\x80\x01\0\0\x18\x45\0\0\x3c\0\0\0\x88\x01\0\0\x1e\x45\0\
\0\x3c\0\0\0\x90\x01\0\0\x27\x45\0\0\x3c\0\0\0\x98\x01\0\0\x2f\x45\0\0\x51\0\0\
\0\xa0\x01\0\0\x36\x45\0\0\x51\0\0\0\xc0\x01\0\0\x3d\x45\0\0\x51\0\0\0\xe0\x01\
\0\0\x44\x45\0\0\x03\0\0\x04\x18\0\0\0\x61\x43\0\0\x54\x02\0\0\0\0\0\0\x4c\x45\
\0\0\x15\0\0\0\x80\0\0\0\x9b\x43\0\0\x11\0\0\0\xa0\0\0\0\0\0\0\0\0\0\0\x03\0\0\
\0\0\x5b\x02\0\0\x04\0\0\0\x06\0\0\0\x50\x45\0\0\x07\0\0\x84\x20\0\0\0\x3e\x1b\
\0\0\x3d\0\0\0\0\0\0\0\xb2\x1b\0\0\xea\0\0\0\x40\0\0\0\x61\x45\0\0\x3d\0\0\0\
\x40\0\0\0\x6a\x45\0\0\xab\0\0\0\x80\0\0\0\x58\x05\0\0\x3c\0\0\0\xc0\0\0\x02\
\xd5\0\0\0\x3c\0\0\0\xc2\0\0\x02\x60\x1b\0\0\x3c\0\0\0\xc4\0\0\x02\0\0\0\0\0\0\
\0\x03\0\0\0\0\x50\x02\0\0\x04\0\0\0\x02\0\0\0\0\0\0\0\x02\0\0\x05\x08\0\0\0\
\x79\x45\0\0\x38\0\0\0\0\0\0\0\x86\x45\0\0\x7b\0\0\0\0\0\0\0\x94\x45\0\0\x03\0\
\0\x04\x10\0\0\0\x9e\x45\0\0\x62\x02\0\0\0\0\0\0\x1f\x29\0\0\x0c\0\0\0\x40\0\0\
\0\x8e\x36\0\0\x0c\0\0\0\x60\0\0\0\0\0\0\0\0\0\0\x02\x1d\x03\0\0\xa3\x45\0\0\
\x1a\0\0\x04\xb8\0\0\0\xa8\x45\0\0\x5e\0\0\0\0\0\0\0\xce\x38\0\0\xeb\x01\0\0\
\x40\0\0\0\xae\x45\0\0\xb6\0\0\0\x60\0\0\0\xb2\x45\0\0\xeb\x01\0\0\x80\0\0\0\
\xb7\x45\0\0\xb6\0\0\0\xa0\0\0\0\xd2\x38\0\0\xeb\x01\0\0\xc0\0\0\0\xbc\x45\0\0\
\xb6\0\0\0\xe0\0\0\0\xc1\x45\0\0\xeb\x01\0\0\0\x01\0\0\xc7\x45\0\0\xb6\0\0\0\
\x20\x01\0\0\xcd\x45\0\0\x0d\0\0\0\x40\x01\0\0\xd8\x45\0\0\x64\x02\0\0\x80\x01\
\0\0\xe8\x45\0\0\x64\x02\0\0\xc0\x01\0\0\xf6\x45\0\0\x64\x02\0\0\0\x02\0\0\x04\
\x46\0\0\x64\x02\0\0\x40\x02\0\0\x0d\x46\0\0\x64\x02\0\0\x80\x02\0\0\x19\x46\0\
\0\x12\0\0\0\xc0\x02\0\0\x25\x46\0\0\x66\x02\0\0\0\x03\0\0\x35\x46\0\0\x66\x02\
\0\0\x40\x03\0\0\x45\x46\0\0\x66\x02\0\0\x80\x03\0\0\x54\x46\0\0\x66\x02\0\0\
\xc0\x03\0\0\x1c\x43\0\0\x5c\0\0\0\0\x04\0\0\xa1\x43\0\0\x67\x02\0\0\x40\x04\0\
\0\x60\x02\0\0\x57\0\0\0\x80\x04\0\0\x68\x02\0\0\x58\0\0\0\xc0\x04\0\0\x65\x46\
\0\0\x68\x02\0\0\0\x05\0\0\0\0\0\0\x69\x02\0\0\x40\x05\0\0\x70\x46\0\0\0\0\0\
\x08\x65\x02\0\0\0\0\0\0\x01\0\0\x04\x08\0\0\0\x59\x04\0\0\xbf\0\0\0\0\0\0\0\0\
\0\0\0\0\0\0\x02\x56\x03\0\0\0\0\0\0\0\0\0\x02\x51\x03\0\0\0\0\0\0\0\0\0\x02\
\x7f\x03\0\0\0\0\0\0\x02\0\0\x05\x10\0\0\0\x7d\x46\0\0\x02\0\0\0\0\0\0\0\xb4\
\x05\0\0\x71\0\0\0\0\0\0\0\0\0\0\0\0\0\0\x02\x9b\x03\0\0\x85\x46\0\0\x03\0\0\
\x04\x10\0\0\0\x96\x46\0\0\x6c\x02\0\0\0\0\0\0\x9d\x46\0\0\x51\0\0\0\x40\0\0\0\
\xa5\x46\0\0\x50\0\0\0\x60\0\0\0\0\0\0\0\0\0\0\x02\x45\x03\0\0\0\0\0\0\0\0\0\
\x02\x36\x03\0\0\0\0\0\0\0\0\0\x02\x6f\x02\0\0\0\0\0\0\x01\0\0\x0d\0\0\0\0\0\0\
\0\0\x3e\0\0\0\0\0\0\0\0\0\0\x02\x71\x02\0\0\0\0\0\0\x02\0\0\x0d\x02\0\0\0\0\0\
\0\0\x3e\0\0\0\0\0\0\0\x38\0\0\0\0\0\0\0\0\0\0\x02\x73\x02\0\0\0\0\0\0\x03\0\0\
\x0d\x38\0\0\0\0\0\0\0\x3e\0\0\0\0\0\0\0\x3d\0\0\0\0\0\0\0\x38\0\0\0\0\0\0\0\0\
\0\0\x02\x9e\x03\0\0\0\0\0\0\0\0\0\x02\x3f\x03\0\0\xad\x46\0\0\0\0\0\x08\x9e\0\
\0\0\0\0\0\0\0\0\0\x02\x78\x02\0\0\0\0\0\0\x05\0\0\x0d\0\0\0\0\0\0\0\0\xc8\0\0\
\0\0\0\0\0\x3e\0\0\0\0\0\0\0\x38\0\0\0\0\0\0\0\x51\0\0\0\0\0\0\0\xa6\0\0\0\0\0\
\0\0\0\0\0\x02\x7a\x02\0\0\0\0\0\0\x03\0\0\x0d\0\0\0\0\0\0\0\0\xc8\0\0\0\0\0\0\
\0\x3e\0\0\0\0\0\0\0\x38\0\0\0\0\0\0\0\0\0\0\x02\x7c\x02\0\0\0\0\0\0\x03\0\0\
\x0d\x7d\x02\0\0\0\0\0\0\xef\0\0\0\0\0\0\0\x38\0\0\0\0\0\0\0\x88\x02\0\0\0\0\0\
\0\0\0\0\x02\x7e\x02\0\0\xbb\x46\0\0\x1c\0\0\x04\x90\x01\0\0\x92\x04\0\0\x7d\
\x02\0\0\0\0\0\0\xc5\x46\0\0\x7f\x02\0\0\x40\0\0\0\xc9\x46\0\0\x80\x02\0\0\x80\
\0\0\0\xcf\x46\0\0\xab\0\0\0\xc0\0\0\0\xd9\x46\0\0\xab\0\0\0\0\x01\0\0\x02\x18\
\0\0\xe2\x01\0\0\x40\x01\0\0\x28\x20\0\0\x43\0\0\0\x80\x01\0\0\xe1\x46\0\0\x0d\
\0\0\0\xa0\x01\0\0\xf5\x46\0\0\x48\x02\0\0\xc0\x01\0\0\xc8\x42\0\0\x61\x01\0\0\
\x80\x02\0\0\xd1\x05\0\0\xab\0\0\0\xc0\x03\0\0\xff\x46\0\0\x45\0\0\0\0\x04\0\0\
\x06\x47\0\0\x3c\0\0\0\x20\x04\0\0\xd5\0\0\0\x3c\0\0\0\x28\x04\0\0\xc6\x44\0\0\
\x3c\0\0\0\x30\x04\0\0\x7a\0\0\0\x3c\0\0\0\x38\x04\0\0\x60\x1b\0\0\x51\0\0\0\
\x40\x04\0\0\x10\x47\0\0\xb0\0\0\0\x60\x04\0\0\x18\x47\0\0\x4b\x01\0\0\xc0\x04\
\0\0\x1b\x47\0\0\x81\x02\0\0\xc0\x05\0\0\x59\x1b\0\0\x83\x02\0\0\x40\x0a\0\0\
\xfc\x04\0\0\x85\x02\0\0\x80\x0a\0\0\x1e\x47\0\0\x52\0\0\0\xc0\x0a\0\0\x26\x47\
\0\0\x52\0\0\0\x40\x0b\0\0\xb4\x05\0\0\x71\0\0\0\xc0\x0b\0\0\x3e\x1b\0\0\x3d\0\
\0\0\x40\x0c\0\0\xb2\x1b\0\0\xea\0\0\0\x80\x0c\0\0\x33\x47\0\0\x87\x02\0\0\x80\
\x0c\0\0\0\0\0\0\0\0\0\x02\x72\x03\0\0\0\0\0\0\0\0\0\x02\x73\x03\0\0\x3f\x47\0\
\0\x03\0\0\x04\x90\0\0\0\x48\x47\0\0\x0d\0\0\0\0\0\0\0\x4f\x47\0\0\xb0\0\0\0\
\x20\0\0\0\x57\x47\0\0\x82\x02\0\0\x80\0\0\0\0\0\0\0\0\0\0\x03\0\0\0\0\xab\0\0\
\0\x04\0\0\0\x10\0\0\0\0\0\0\0\0\0\0\x02\x84\x02\0\0\0\0\0\0\x02\0\0\x0d\x02\0\
\0\0\0\0\0\0\x7d\x02\0\0\0\0\0\0\x38\0\0\0\0\0\0\0\0\0\0\x02\x86\x02\0\0\0\0\0\
\0\0\0\0\x0a\x74\x03\0\0\0\0\0\0\0\0\0\x03\0\0\0\0\x3c\0\0\0\x04\0\0\0\0\0\0\0\
\0\0\0\0\0\0\0\x02\x89\x02\0\0\0\0\0\0\0\0\0\x0a\0\0\0\0\0\0\0\0\0\0\0\x02\x8b\
\x02\0\0\0\0\0\0\x02\0\0\x0d\0\0\0\0\0\0\0\0\xef\0\0\0\0\0\0\0\x88\x02\0\0\0\0\
\0\0\0\0\0\x02\x44\x03\0\0\x5f\x47\0\0\x04\0\0\x04\x28\0\0\0\x02\x18\0\0\x93\0\
\0\0\0\0\0\0\x4a\0\0\0\x61\0\0\0\x40\0\0\0\x29\x02\0\0\x52\0\0\0\x80\0\0\0\x6e\
\x47\0\0\x8e\x02\0\0\0\x01\0\0\0\0\0\0\0\0\0\x02\x9e\x01\0\0\x77\x47\0\0\x29\0\
\0\x04\xb8\0\0\0\x89\x47\0\0\x82\0\0\0\0\0\0\0\xce\x0b\0\0\x82\0\0\0\x40\0\0\0\
\x8d\x47\0\0\x82\0\0\0\x80\0\0\0\xbb\x0b\0\0\x82\0\0\0\xc0\0\0\0\x96\x47\0\0\
\x82\0\0\0\0\x01\0\0\xa0\x47\0\0\x02\0\0\0\x40\x01\0\0\xac\x47\0\0\x02\0\0\0\
\x60\x01\0\0\xbc\x47\0\0\x02\0\0\0\x80\x01\0\0\xd3\x47\0\0\x02\0\0\0\xa0\x01\0\
\0\xe5\x47\0\0\x02\0\0\0\xc0\x01\0\0\xf8\x47\0\0\x02\0\0\0\xe0\x01\0\0\x0d\x48\
\0\0\x02\0\0\0\0\x02\0\0\x20\x48\0\0\x02\0\0\0\x20\x02\0\0\x32\x48\0\0\x51\0\0\
\0\x40\x02\0\0\x48\x48\0\0\x3c\0\0\0\x60\x02\0\0\x5e\x48\0\0\x3c\0\0\0\x68\x02\
\0\0\x69\x48\0\0\x3c\0\0\0\x70\x02\0\0\x7f\x48\0\0\x3c\0\0\0\x78\x02\0\0\x8f\
\x48\0\0\x02\0\0\0\x80\x02\0\0\x9b\x48\0\0\x3c\0\0\0\xa0\x02\0\0\xb2\x48\0\0\
\x3c\0\0\0\xa8\x02\0\0\xcf\x48\0\0\x3c\0\0\0\xb0\x02\0\0\xea\x48\0\0\x90\x02\0\
\0\xc0\x02\0\0\xfa\x48\0\0\xbb\0\0\0\xc0\x03\0\0\x0e\x49\0\0\x3c\0\0\0\0\x04\0\
\0\x25\x49\0\0\x3c\0\0\0\x08\x04\0\0\x36\x49\0\0\x3c\0\0\0\x10\x04\0\0\x45\x49\
\0\0\x3c\0\0\0\x18\x04\0\0\x5c\x49\0\0\x02\0\0\0\x20\x04\0\0\x6a\x49\0\0\x02\0\
\0\0\x40\x04\0\0\x76\x49\0\0\x02\0\0\0\x60\x04\0\0\x88\x49\0\0\x02\0\0\0\x80\
\x04\0\0\x99\x49\0\0\x02\0\0\0\xa0\x04\0\0\xaa\x49\0\0\x02\0\0\0\xc0\x04\0\0\
\xbb\x49\0\0\x02\0\0\0\xe0\x04\0\0\xcc\x49\0\0\x02\0\0\0\0\x05\0\0\xdb\x49\0\0\
\x51\0\0\0\x20\x05\0\0\xe4\x49\0\0\xbf\0\0\0\x40\x05\0\0\xf2\x49\0\0\x3c\0\0\0\
\x80\x05\0\0\x0a\x4a\0\0\x3c\0\0\0\x88\x05\0\0\x24\x4a\0\0\x3c\0\0\0\x90\x05\0\
\0\0\0\0\0\0\0\0\x03\0\0\0\0\xab\0\0\0\x04\0\0\0\x04\0\0\0\0\0\0\0\0\0\0\x02\
\x75\x03\0\0\0\0\0\0\0\0\0\x02\x76\x03\0\0\0\0\0\0\0\0\0\x02\x78\x03\0\0\0\0\0\
\0\0\0\0\x02\x7a\x03\0\0\0\0\0\0\0\0\0\x02\x77\x03\0\0\x44\x4a\0\0\x04\0\0\x04\
\x58\0\0\0\x58\x32\0\0\x91\x01\0\0\0\0\0\0\xc8\x42\0\0\x61\x01\0\0\0\x01\0\0\
\x57\x42\0\0\x97\x02\0\0\x40\x02\0\0\x51\x4a\0\0\x02\0\0\0\x80\x02\0\0\0\0\0\0\
\0\0\0\x02\x31\x03\0\0\0\0\0\0\0\0\0\x02\x7b\x03\0\0\0\0\0\0\x03\0\0\x04\x10\0\
\0\0\x21\x06\0\0\x79\0\0\0\0\0\0\0\x02\x18\0\0\x47\0\0\0\x40\0\0\0\x62\x08\0\0\
\x51\0\0\0\x60\0\0\0\0\0\0\0\0\0\0\x02\x7c\x03\0\0\x55\x4a\0\0\x02\0\0\x04\x10\
\0\0\0\x9b\x18\0\0\x9c\x02\0\0\0\0\0\0\xde\x0c\0\0\xa9\0\0\0\x40\0\0\0\x6d\x4a\
\0\0\x01\0\0\x04\x08\0\0\0\xbb\x0b\0\0\x82\0\0\0\0\0\0\0\x81\x4a\0\0\x2f\0\0\
\x04\x30\x01\0\0\x8c\x4a\0\0\x9e\x02\0\0\0\0\0\0\x9c\x4a\0\0\x67\0\0\0\x40\0\0\
\0\xaa\x4a\0\0\x82\0\0\0\x80\0\0\0\xb8\x4a\0\0\x3e\0\0\0\xc0\0\0\0\xc1\x4a\0\0\
\x3e\0\0\0\0\x01\0\0\xcb\x4a\0\0\x3e\0\0\0\x40\x01\0\0\xd5\x4a\0\0\x02\0\0\0\
\x80\x01\0\0\xde\x4a\0\0\x02\0\0\0\xa0\x01\0\0\xe9\x4a\0\0\x52\0\0\0\xc0\x01\0\
\0\xf9\x4a\0\0\x52\0\0\0\x40\x02\0\0\x04\x4b\0\0\x61\x01\0\0\xc0\x02\0\0\x12\
\x4b\0\0\x52\0\0\0\0\x04\0\0\x25\x4b\0\0\x47\0\0\0\x80\x04\0\0\x32\x4b\0\0\x47\
\0\0\0\xa0\x04\0\0\x42\x4b\0\0\x0d\0\0\0\xc0\x04\0\0\x4e\x4b\0\0\x0d\0\0\0\xe0\
\x04\0\0\x56\x4b\0\0\x0d\0\0\0\0\x05\0\0\x5e\x4b\0\0\x02\0\0\0\x20\x05\0\0\x68\
\x4b\0\0\x02\0\0\0\x40\x05\0\0\x71\x4b\0\0\x02\0\0\0\x60\x05\0\0\x7b\x4b\0\0\
\x02\0\0\0\x80\x05\0\0\x92\x4b\0\0\xf7\x01\0\0\xc0\x05\0\0\xa0\x4b\0\0\x0d\0\0\
\0\0\x06\0\0\xb2\x4b\0\0\x0d\0\0\0\x20\x06\0\0\xbf\x4b\0\0\x0d\0\0\0\x40\x06\0\
\0\xcb\x4b\0\0\x0d\0\0\0\x60\x06\0\0\xda\x4b\0\0\x02\0\0\0\x80\x06\0\0\xf2\x4b\
\0\0\x02\0\0\0\xa0\x06\0\0\x03\x4c\0\0\x02\0\0\0\xc0\x06\0\0\x14\x4c\0\0\x02\0\
\0\0\xe0\x06\0\0\x1f\x4c\0\0\x02\0\0\0\0\x07\0\0\x2a\x4c\0\0\x02\0\0\0\x20\x07\
\0\0\x34\x4c\0\0\x02\0\0\0\x40\x07\0\0\x3e\x4c\0\0\x02\0\0\0\x60\x07\0\0\x4c\
\x4c\0\0\x02\0\0\0\x80\x07\0\0\x5a\x4c\0\0\x02\0\0\0\xa0\x07\0\0\x6e\x4c\0\0\
\x02\0\0\0\xc0\x07\0\0\x7b\x4c\0\0\x02\0\0\0\xe0\x07\0\0\x88\x4c\0\0\x02\0\0\0\
\0\x08\0\0\x96\x4c\0\0\x02\0\0\0\x20\x08\0\0\xa4\x4c\0\0\x02\0\0\0\x40\x08\0\0\
\xb0\x4c\0\0\x02\0\0\0\x60\x08\0\0\xbc\x4c\0\0\x02\0\0\0\x80\x08\0\0\xc7\x4c\0\
\0\x02\0\0\0\xa0\x08\0\0\xd4\x4c\0\0\x02\0\0\0\xc0\x08\0\0\xe3\x4c\0\0\xab\0\0\
\0\0\x09\0\0\xf1\x4c\0\0\x02\0\0\0\x40\x09\0\0\0\0\0\0\0\0\0\x02\x9f\x02\0\0\
\xff\x4c\0\0\0\0\0\x07\0\0\0\0\x08\x4d\0\0\x0a\0\0\x04\x08\x01\0\0\x11\x4d\0\0\
\x67\0\0\0\0\0\0\0\x20\x4d\0\0\xb6\x02\0\0\x40\0\0\0\x2b\x4d\0\0\x82\0\0\0\0\
\x03\0\0\x3d\x4d\0\0\x82\0\0\0\x40\x03\0\0\x51\x4d\0\0\xbd\x02\0\0\x80\x03\0\0\
\x5c\x4d\0\0\xbd\x02\0\0\xc0\x04\0\0\x67\x4d\0\0\xbe\x02\0\0\0\x06\0\0\x71\x4d\
\0\0\xbd\x02\0\0\xc0\x06\0\0\x7e\x4d\0\0\x0d\0\0\0\0\x08\0\0\x90\x4d\0\0\x0d\0\
\0\0\x20\x08\0\0\0\0\0\0\0\0\0\x02\xa2\x02\0\0\0\0\0\0\0\0\0\x0a\xa3\x02\0\0\
\xa2\x4d\0\0\x04\0\0\x04\x20\0\0\0\xdb\x22\0\0\xf7\x01\0\0\0\0\0\0\xd5\0\0\0\
\xa4\x02\0\0\x40\0\0\0\xac\x4d\0\0\xa5\x02\0\0\x80\0\0\0\xb2\x4d\0\0\xb5\x02\0\
\0\xc0\0\0\0\xb5\x4d\0\0\x03\0\0\x06\x04\0\0\0\xc1\x4d\0\0\0\0\0\0\xd1\x4d\0\0\
\x01\0\0\0\xe2\x4d\0\0\x02\0\0\0\0\0\0\0\0\0\0\x02\xa6\x02\0\0\xf2\x4d\0\0\0\0\
\0\x08\xa7\x02\0\0\0\0\0\0\x08\0\0\x0d\0\0\0\0\0\0\0\0\x3f\0\0\0\0\0\0\0\xa8\
\x02\0\0\0\0\0\0\x0d\0\0\0\0\0\0\0\xa9\x02\0\0\0\0\0\0\xab\x02\0\0\0\0\0\0\xab\
\x02\0\0\0\0\0\0\xad\x02\0\0\0\0\0\0\x73\x01\0\0\xfb\x4d\0\0\0\0\0\x08\x3c\0\0\
\0\0\0\0\0\0\0\0\x02\xaa\x02\0\0\0\0\0\0\0\0\0\x0a\xcd\0\0\0\0\0\0\0\0\0\0\x02\
\xac\x02\0\0\0\0\0\0\0\0\0\x0a\xf8\0\0\0\0\0\0\0\0\0\0\x02\xae\x02\0\0\0\0\0\0\
\0\0\0\x0a\xaf\x02\0\0\x04\x4e\0\0\x02\0\0\x04\x10\0\0\0\xd5\0\0\0\xa8\x02\0\0\
\0\0\0\0\x0f\x4e\0\0\xb0\x02\0\0\x20\0\0\0\0\0\0\0\x02\0\0\x05\x0c\0\0\0\x11\
\x4e\0\0\xb1\x02\0\0\0\0\0\0\x16\x4e\0\0\xb4\x02\0\0\0\0\0\0\0\0\0\0\x04\0\0\
\x04\x0c\0\0\0\x1a\x4e\0\0\xb2\x02\0\0\0\0\0\0\x1d\x24\0\0\xb3\x02\0\0\x20\0\0\
\0\x23\x4e\0\0\xb3\x02\0\0\x30\0\0\0\x60\x1b\0\0\xb3\x02\0\0\x40\0\0\0\x2e\x4e\
\0\0\0\0\0\x08\x51\0\0\0\x38\x4e\0\0\0\0\0\x08\x50\0\0\0\0\0\0\0\x02\0\0\x04\
\x02\0\0\0\x42\x4e\0\0\xa8\x02\0\0\0\0\0\0\x48\x4e\0\0\xa8\x02\0\0\x08\0\0\0\0\
\0\0\0\0\0\0\x02\x21\x03\0\0\0\0\0\0\0\0\0\x03\0\0\0\0\xa1\x02\0\0\x04\0\0\0\
\x0b\0\0\0\x51\x4e\0\0\x02\0\0\x04\x08\0\0\0\x61\x4e\0\0\x50\0\0\0\0\0\0\0\x72\
\x4e\0\0\xbc\x02\0\0\x40\0\0\0\x78\x4e\0\0\x02\0\0\x04\x10\0\0\0\xba\x01\0\0\
\xb9\x02\0\0\0\0\0\0\x86\x4e\0\0\x5c\0\0\0\x40\0\0\0\0\0\0\0\0\0\0\x02\xba\x02\
\0\0\x8b\x4e\0\0\0\0\0\x08\xbb\x02\0\0\0\0\0\0\x03\0\0\x0d\x0d\0\0\0\0\0\0\0\
\x5c\0\0\0\0\0\0\0\x38\0\0\0\0\0\0\0\x36\0\0\0\0\0\0\0\0\0\0\x03\0\0\0\0\xb8\
\x02\0\0\x04\0\0\0\0\0\0\0\0\0\0\0\0\0\0\x03\0\0\0\0\x0a\x01\0\0\x04\0\0\0\x05\
\0\0\0\0\0\0\0\0\0\0\x03\0\0\0\0\x0a\x01\0\0\x04\0\0\0\x03\0\0\0\x95\x4e\0\0\
\x0a\0\0\x04\xe8\0\0\0\x9e\x4e\0\0\xa6\0\0\0\0\0\0\0\xb3\x4e\0\0\x3c\0\0\0\x08\
\0\0\0\xc6\x4e\0\0\x3c\0\0\0\x10\0\0\0\xd4\x4e\0\0\x3c\0\0\0\x18\0\0\0\xe0\x4e\
\0\0\x3c\0\0\0\x20\0\0\0\xee\x4e\0\0\x3c\0\0\0\x28\0\0\0\xfe\x4e\0\0\xc0\x02\0\
\0\x40\0\0\0\x03\x4f\0\0\xc1\x02\0\0\x80\0\0\0\x19\x4f\0\0\xc2\x02\0\0\xc0\0\0\
\0\x25\x4f\0\0\x45\0\0\0\0\x07\0\0\0\0\0\0\0\0\0\x02\x7d\x03\0\0\0\0\0\0\0\0\0\
\x02\x7e\x03\0\0\x31\x4f\0\0\x08\0\0\x04\xc8\0\0\0\x3b\x4f\0\0\xc3\x02\0\0\0\0\
\0\0\x43\x4f\0\0\xc4\x02\0\0\x20\0\0\0\x47\x4f\0\0\xc6\x02\0\0\x20\x02\0\0\x4b\
\x4f\0\0\xc8\x02\0\0\x80\x02\0\0\x50\x4f\0\0\xc8\x02\0\0\xa0\x02\0\0\x57\x4f\0\
\0\xc9\x02\0\0\xc0\x02\0\0\x75\x03\0\0\xcb\x02\0\0\x20\x04\0\0\x5c\x4f\0\0\xcc\
\x02\0\0\x80\x05\0\0\x60\x4f\0\0\x01\0\0\x04\x04\0\0\0\xf3\x44\0\0\x0d\0\0\0\0\
\0\0\0\x6f\x4f\0\0\x06\0\0\x04\x40\0\0\0\x7a\x4f\0\0\xc5\x02\0\0\0\0\0\0\x83\
\x4f\0\0\x3c\0\0\0\xc0\x01\0\0\x8d\x4f\0\0\x3c\0\0\0\xc8\x01\0\0\x9c\x4f\0\0\
\x3c\0\0\0\xd0\x01\0\0\xac\x4f\0\0\x3c\0\0\0\xd8\x01\0\0\xc3\x4f\0\0\x0d\0\0\0\
\xe0\x01\0\0\0\0\0\0\0\0\0\x03\0\0\0\0\x0d\0\0\0\x04\0\0\0\x0e\0\0\0\xd3\x4f\0\
\0\x02\0\0\x04\x0c\0\0\0\x7a\x4f\0\0\xc7\x02\0\0\0\0\0\0\xc3\x4f\0\0\x0d\0\0\0\
\x40\0\0\0\0\0\0\0\0\0\0\x03\0\0\0\0\x0d\0\0\0\x04\0\0\0\x02\0\0\0\xde\x4f\0\0\
\x01\0\0\x04\x04\0\0\0\xf3\x44\0\0\x0d\0\0\0\0\0\0\0\xea\x4f\0\0\x02\0\0\x04\
\x2c\0\0\0\xf6\x4f\0\0\x3c\0\0\0\0\0\0\0\x01\x50\0\0\xca\x02\0\0\x20\0\0\0\0\0\
\0\0\0\0\0\x03\0\0\0\0\x0d\0\0\0\x04\0\0\0\x0a\0\0\0\x0e\x50\0\0\x01\0\0\x04\
\x28\0\0\0\x7a\x4f\0\0\xca\x02\0\0\0\0\0\0\x1a\x50\0\0\x02\0\0\x04\x18\0\0\0\
\x25\x50\0\0\x52\0\0\0\0\0\0\0\x7a\x4f\0\0\xc7\x02\0\0\x80\0\0\0\x31\x50\0\0\
\x02\0\0\x04\x08\0\0\0\x40\x50\0\0\x0d\0\0\0\0\0\0\0\x49\x50\0\0\x3c\0\0\0\x20\
\0\0\0\x53\x50\0\0\x01\0\0\x04\x08\0\0\0\xfe\x4e\0\0\xcf\x02\0\0\0\0\0\0\0\0\0\
\0\0\0\0\x02\x13\x03\0\0\0\0\0\0\0\0\0\x02\x14\x03\0\0\x5c\x50\0\0\x03\0\0\x04\
\x40\0\0\0\x66\x50\0\0\xde\x02\0\0\0\0\0\0\x70\x50\0\0\xf1\x02\0\0\x80\0\0\0\
\xa8\x2e\0\0\xf2\x02\0\0\0\x01\0\0\0\0\0\0\0\0\0\x02\xd3\x02\0\0\x76\x50\0\0\
\x02\0\0\x04\x10\0\0\0\xb4\x05\0\0\x71\0\0\0\0\0\0\0\x85\x50\0\0\xdd\x02\0\0\
\x80\0\0\0\x8b\x50\0\0\x02\0\0\x04\x18\0\0\0\xfb\x3a\0\0\x11\x01\0\0\0\0\0\0\0\
\0\0\0\xd5\x02\0\0\x40\0\0\0\0\0\0\0\x02\0\0\x05\x10\0\0\0\x9f\x50\0\0\xdc\x02\
\0\0\0\0\0\0\xae\x50\0\0\xbf\0\0\0\0\0\0\0\0\0\0\0\0\0\0\x02\xd7\x02\0\0\xb9\
\x50\0\0\x07\0\0\x04\x68\0\0\0\0\0\0\0\xd8\x02\0\0\0\0\0\0\xcc\x50\0\0\xda\x02\
\0\0\x40\0\0\0\xe6\0\0\0\xdb\x02\0\0\x80\0\0\0\xd0\x50\0\0\x52\0\0\0\0\x01\0\0\
\xd9\x50\0\0\x52\0\0\0\x80\x01\0\0\xa8\x05\0\0\xd1\0\0\0\0\x02\0\0\xb4\x05\0\0\
\x71\0\0\0\xc0\x02\0\0\0\0\0\0\x02\0\0\x05\x08\0\0\0\xe1\x50\0\0\xd9\x02\0\0\0\
\0\0\0\xe5\x50\0\0\x5c\0\0\0\0\0\0\0\0\0\0\0\0\0\0\x02\x2b\x03\0\0\0\0\0\0\0\0\
\0\x02\x54\x03\0\0\xf0\x50\0\0\x02\0\0\x04\x10\0\0\0\x07\x51\0\0\x08\0\0\0\0\0\
\0\0\x17\x51\0\0\x0c\0\0\0\x40\0\0\0\0\0\0\0\0\0\0\x03\0\0\0\0\xd6\x02\0\0\x04\
\0\0\0\x02\0\0\0\0\0\0\0\0\0\0\x03\0\0\0\0\xd4\x02\0\0\x04\0\0\0\0\0\0\0\0\0\0\
\0\0\0\0\x03\0\0\0\0\xd2\x02\0\0\x04\0\0\0\x02\0\0\0\x23\x51\0\0\x1a\0\0\x84\
\x48\0\0\0\x2c\x51\0\0\x50\0\0\0\0\0\0\0\x32\x51\0\0\x50\0\0\0\x10\0\0\x01\x38\
\x51\0\0\x50\0\0\0\x11\0\0\x01\x46\x51\0\0\x50\0\0\0\x12\0\0\x01\x55\x51\0\0\
\x50\0\0\0\x13\0\0\x01\x5f\x51\0\0\x50\0\0\0\x14\0\0\x01\x6a\x51\0\0\x50\0\0\0\
\x15\0\0\x01\x7d\x51\0\0\x50\0\0\0\x16\0\0\x01\x85\x51\0\0\x50\0\0\0\x17\0\0\
\x01\x8d\x51\0\0\x50\0\0\0\x18\0\0\x01\x9d\x51\0\0\x50\0\0\0\x19\0\0\x01\xaf\
\x51\0\0\x50\0\0\0\x1a\0\0\x01\xcc\x51\0\0\x50\0\0\0\x1b\0\0\x01\xdb\x51\0\0\
\x50\0\0\0\x1c\0\0\x01\xec\x51\0\0\x50\0\0\0\x1d\0\0\x01\xd5\0\0\0\xe0\x02\0\0\
\x20\0\0\0\xff\x51\0\0\xe1\x02\0\0\x40\0\0\0\xf5\x1b\0\0\x51\0\0\0\x60\0\0\0\
\x14\x52\0\0\x51\0\0\0\x80\0\0\0\x1e\x52\0\0\xe2\x02\0\0\xa0\0\0\0\x23\x24\0\0\
\xe3\x02\0\0\0\x01\0\0\x22\x52\0\0\x65\x01\0\0\x40\x01\0\0\x29\x52\0\0\xe4\x02\
\0\0\x80\x01\0\0\x32\x52\0\0\xe9\x02\0\0\xc0\x01\0\0\x36\x52\0\0\xea\x02\0\0\0\
\x02\0\0\0\0\0\0\xeb\x02\0\0\x40\x02\0\0\x40\x52\0\0\x22\0\0\x06\x04\0\0\0\x4e\
\x52\0\0\0\0\0\0\x63\x52\0\0\x01\0\0\0\x7f\x52\0\0\x02\0\0\0\x94\x52\0\0\x03\0\
\0\0\xac\x52\0\0\x04\0\0\0\xc4\x52\0\0\x05\0\0\0\xdd\x52\0\0\x06\0\0\0\xef\x52\
\0\0\x07\0\0\0\x08\x53\0\0\x08\0\0\0\x21\x53\0\0\x09\0\0\0\x3b\x53\0\0\x0a\0\0\
\0\x50\x53\0\0\x0b\0\0\0\x66\x53\0\0\x0c\0\0\0\x7d\x53\0\0\x0d\0\0\0\x94\x53\0\
\0\x0e\0\0\0\xa9\x53\0\0\x0f\0\0\0\xc5\x53\0\0\x10\0\0\0\xda\x53\0\0\x11\0\0\0\
\xf7\x53\0\0\x12\0\0\0\x16\x54\0\0\x13\0\0\0\x32\x54\0\0\x14\0\0\0\x4b\x54\0\0\
\x15\0\0\0\x66\x54\0\0\x16\0\0\0\x83\x54\0\0\x17\0\0\0\x9f\x54\0\0\x18\0\0\0\
\xc5\x54\0\0\x19\0\0\0\xe2\x54\0\0\x1a\0\0\0\xf8\x54\0\0\x1b\0\0\0\x11\x55\0\0\
\x1c\0\0\0\x23\x55\0\0\x1d\0\0\0\x35\x55\0\0\x1e\0\0\0\x4d\x55\0\0\x1f\0\0\0\
\x63\x55\0\0\x20\0\0\0\x7b\x55\0\0\x21\0\0\0\x8f\x55\0\0\x39\0\0\x06\x04\0\0\0\
\x9f\x55\0\0\0\0\0\0\xb7\x55\0\0\x01\0\0\0\xce\x55\0\0\x02\0\0\0\xea\x55\0\0\
\x03\0\0\0\xfe\x55\0\0\x04\0\0\0\x17\x56\0\0\x05\0\0\0\x31\x56\0\0\x06\0\0\0\
\x43\x56\0\0\x07\0\0\0\x56\x56\0\0\x08\0\0\0\x6c\x56\0\0\x09\0\0\0\x82\x56\0\0\
\x0a\0\0\0\x9b\x56\0\0\x0b\0\0\0\xb4\x56\0\0\x0c\0\0\0\xcf\x56\0\0\x0d\0\0\0\
\xea\x56\0\0\x0e\0\0\0\x02\x57\0\0\x0f\0\0\0\x1a\x57\0\0\x10\0\0\0\x29\x57\0\0\
\x11\0\0\0\x3c\x57\0\0\x12\0\0\0\x4e\x57\0\0\x13\0\0\0\x66\x57\0\0\x14\0\0\0\
\x7e\x57\0\0\x15\0\0\0\x94\x57\0\0\x16\0\0\0\xaa\x57\0\0\x17\0\0\0\xbb\x57\0\0\
\x18\0\0\0\xcc\x57\0\0\x19\0\0\0\xdc\x57\0\0\x1a\0\0\0\xee\x57\0\0\x1b\0\0\0\
\xfa\x57\0\0\x1c\0\0\0\x09\x58\0\0\x1d\0\0\0\x26\x58\0\0\x1e\0\0\0\x43\x58\0\0\
\x1f\0\0\0\x60\x58\0\0\x20\0\0\0\x7d\x58\0\0\x21\0\0\0\x8c\x58\0\0\x22\0\0\0\
\xa9\x58\0\0\x23\0\0\0\xb8\x58\0\0\x24\0\0\0\xc6\x58\0\0\x25\0\0\0\xce\x58\0\0\
\x26\0\0\0\xe1\x58\0\0\x27\0\0\0\xf9\x58\0\0\x28\0\0\0\x1c\x59\0\0\x29\0\0\0\
\x2b\x59\0\0\x2a\0\0\0\x42\x59\0\0\x2b\0\0\0\x51\x59\0\0\x2c\0\0\0\x60\x59\0\0\
\x2d\0\0\0\x6e\x59\0\0\x2e\0\0\0\x7e\x59\0\0\x2f\0\0\0\x8d\x59\0\0\x30\0\0\0\
\xa4\x59\0\0\x31\0\0\0\xbc\x59\0\0\x32\0\0\0\xd4\x59\0\0\x33\0\0\0\xec\x59\0\0\
\x34\0\0\0\x08\x5a\0\0\x35\0\0\0\x24\x5a\0\0\x36\0\0\0\x37\x5a\0\0\x37\0\0\0\
\x47\x5a\0\0\x38\0\0\0\0\0\0\0\0\0\0\x03\0\0\0\0\x3c\0\0\0\x04\0\0\0\x08\0\0\0\
\0\0\0\0\0\0\0\x02\x46\x03\0\0\0\0\0\0\0\0\0\x02\xe5\x02\0\0\0\0\0\0\x02\0\0\
\x0d\x0d\0\0\0\0\0\0\0\x88\x02\0\0\0\0\0\0\xe6\x02\0\0\0\0\0\0\0\0\0\x02\xe7\
\x02\0\0\0\0\0\0\0\0\0\x0a\xe8\x02\0\0\x5d\x5a\0\0\x05\0\0\x84\x08\0\0\0\x66\
\x5a\0\0\x11\0\0\0\0\0\0\0\x6b\x5a\0\0\x11\0\0\0\x08\0\0\x04\x73\x5a\0\0\x11\0\
\0\0\x0c\0\0\x04\x7b\x5a\0\0\0\x01\0\0\x10\0\0\0\x7f\x5a\0\0\x9f\x01\0\0\x20\0\
\0\0\0\0\0\0\0\0\0\x02\x47\x03\0\0\0\0\0\0\0\0\0\x02\x52\x03\0\0\0\0\0\0\x02\0\
\0\x05\0\0\0\0\0\0\0\0\xec\x02\0\0\0\0\0\0\0\0\0\0\xef\x02\0\0\0\0\0\0\0\0\0\0\
\x02\0\0\x04\0\0\0\0\x83\x5a\0\0\x9e\0\0\0\0\0\0\0\x91\x5a\0\0\xee\x02\0\0\0\0\
\0\0\x97\x5a\0\0\x04\0\0\x04\x08\0\0\0\x66\x5a\0\0\x0f\0\0\0\0\0\0\0\xa3\x5a\0\
\0\x11\0\0\0\x10\0\0\0\xa6\x5a\0\0\x11\0\0\0\x18\0\0\0\xa9\x5a\0\0\x0c\0\0\0\
\x20\0\0\0\0\0\0\0\0\0\0\x03\0\0\0\0\xed\x02\0\0\x04\0\0\0\0\0\0\0\0\0\0\0\x02\
\0\0\x04\0\0\0\0\xab\x5a\0\0\x9e\0\0\0\0\0\0\0\xba\x5a\0\0\xf0\x02\0\0\0\0\0\0\
\0\0\0\0\0\0\0\x03\0\0\0\0\xe8\x02\0\0\x04\0\0\0\0\0\0\0\0\0\0\0\0\0\0\x03\0\0\
\0\0\x11\x01\0\0\x04\0\0\0\x02\0\0\0\0\0\0\0\0\0\0\x03\0\0\0\0\x52\0\0\0\x04\0\
\0\0\x02\0\0\0\xc1\x5a\0\0\x22\0\0\x04\x40\x03\0\0\xcc\x5a\0\0\x52\0\0\0\0\0\0\
\0\xd6\x5a\0\0\x7e\0\0\0\x80\0\0\0\xe2\x5a\0\0\x7e\0\0\0\xc0\0\0\0\xee\x5a\0\0\
\x7e\0\0\0\0\x01\0\0\xfa\x5a\0\0\x7e\0\0\0\x40\x01\0\0\x06\x5b\0\0\x7e\0\0\0\
\x80\x01\0\0\x18\x5b\0\0\x0d\0\0\0\xc0\x01\0\0\x24\x5b\0\0\x0d\0\0\0\xe0\x01\0\
\0\x2e\x5b\0\0\x91\x01\0\0\0\x02\0\0\x3e\x5b\0\0\x52\0\0\0\0\x03\0\0\x49\x5b\0\
\0\x7e\0\0\0\x80\x03\0\0\x56\x5b\0\0\x0d\0\0\0\xc0\x03\0\0\x67\x5b\0\0\x0d\0\0\
\0\xe0\x03\0\0\x75\x5b\0\0\xf4\x02\0\0\0\x04\0\0\x84\x5b\0\0\xf6\x02\0\0\xc0\
\x04\0\0\x91\x5b\0\0\xf7\x02\0\0\x40\x06\0\0\x9e\x5b\0\0\x91\x01\0\0\0\x07\0\0\
\xaf\x5b\0\0\xf8\x02\0\0\0\x08\0\0\xbe\x5b\0\0\x52\0\0\0\x80\x09\0\0\xcb\x5b\0\
\0\x3e\0\0\0\0\x0a\0\0\xd0\x5b\0\0\x3e\0\0\0\x40\x0a\0\0\xdb\x5b\0\0\x51\0\0\0\
\x80\x0a\0\0\xef\x5b\0\0\x51\0\0\0\xa0\x0a\0\0\x04\x5c\0\0\x02\0\0\0\xc0\x0a\0\
\0\x17\x5c\0\0\x51\0\0\0\xe0\x0a\0\0\x2a\x5c\0\0\xe8\x01\0\0\0\x0b\0\0\x31\x06\
\0\0\x82\0\0\0\x40\x0b\0\0\x39\x5c\0\0\xc2\0\0\0\0\x0c\0\0\x47\x5c\0\0\xc2\0\0\
\0\0\x12\0\0\x55\x5c\0\0\x47\0\0\0\0\x18\0\0\x65\x5c\0\0\xb2\0\0\0\x20\x18\0\0\
\x80\x5c\0\0\xb2\0\0\0\x40\x18\0\0\x9c\x5c\0\0\x47\0\0\0\x60\x18\0\0\xad\x5c\0\
\0\x92\0\0\0\x80\x18\0\0\0\0\0\0\0\0\0\x03\0\0\0\0\x79\0\0\0\x04\0\0\0\x03\0\0\
\0\xbc\x5c\0\0\x06\0\0\x04\x10\0\0\0\x13\x08\0\0\x7e\0\0\0\0\0\0\0\xcd\x5c\0\0\
\x0d\0\0\0\x40\0\0\0\xd3\x5c\0\0\x3c\0\0\0\x60\0\0\0\xda\x5c\0\0\x3c\0\0\0\x68\
\0\0\0\xe1\x5c\0\0\x3c\0\0\0\x70\0\0\0\xe8\x5c\0\0\x3c\0\0\0\x78\0\0\0\0\0\0\0\
\0\0\0\x03\0\0\0\0\xf5\x02\0\0\x04\0\0\0\x03\0\0\0\0\0\0\0\0\0\0\x03\0\0\0\0\
\x0d\0\0\0\x04\0\0\0\x06\0\0\0\xef\x5c\0\0\x06\0\0\x04\x30\0\0\0\x58\x32\0\0\
\x91\x01\0\0\0\0\0\0\x02\x18\0\0\xb0\0\0\0\0\x01\0\0\x03\x5d\0\0\x3c\0\0\0\x40\
\x01\0\0\x0a\x5d\0\0\x3c\0\0\0\x48\x01\0\0\x11\x5d\0\0\x3c\0\0\0\x50\x01\0\0\
\x18\x5d\0\0\x3c\0\0\0\x58\x01\0\0\0\0\0\0\0\0\0\x02\xfa\x02\0\0\x1f\x5d\0\0\0\
\0\0\x07\0\0\0\0\x2a\x5d\0\0\x05\0\0\x04\x20\0\0\0\x35\x5d\0\0\x02\0\0\0\0\0\0\
\0\x46\x5d\0\0\x02\0\0\0\x20\0\0\0\x52\x5d\0\0\xc9\x01\0\0\x40\0\0\0\x62\x5d\0\
\0\xfc\x02\0\0\x80\0\0\0\x2f\x08\0\0\x82\0\0\0\xc0\0\0\0\0\0\0\0\0\0\0\x02\xfd\
\x02\0\0\0\0\0\0\0\0\0\x02\xfe\x02\0\0\x71\x5d\0\0\0\0\0\x07\0\0\0\0\x7c\x5d\0\
\0\x10\0\0\x04\xa0\0\0\0\x86\x5d\0\0\x67\0\0\0\0\0\0\0\x8f\x5d\0\0\x67\0\0\0\
\x40\0\0\0\x99\x5d\0\0\x67\0\0\0\x80\0\0\0\xa9\x5d\0\0\x67\0\0\0\xc0\0\0\0\xb9\
\x5d\0\0\x67\0\0\0\0\x01\0\0\xc9\x5d\0\0\x67\0\0\0\x40\x01\0\0\xd9\x5d\0\0\x67\
\0\0\0\x80\x01\0\0\xe9\x5d\0\0\x67\0\0\0\xc0\x01\0\0\xf9\x5d\0\0\x67\0\0\0\0\
\x02\0\0\x09\x5e\0\0\x67\0\0\0\x40\x02\0\0\x15\x5e\0\0\0\x03\0\0\x80\x02\0\0\
\x24\x5e\0\0\x47\0\0\0\xc0\x02\0\0\x32\x5e\0\0\x61\x01\0\0\0\x03\0\0\x3c\x5e\0\
\0\x02\x03\0\0\x40\x04\0\0\x46\x5e\0\0\x04\x03\0\0\x80\x04\0\0\x56\x5e\0\0\x79\
\0\0\0\xc0\x04\0\0\0\0\0\0\0\0\0\x02\x01\x03\0\0\x5f\x5e\0\0\0\0\0\x07\0\0\0\0\
\0\0\0\0\0\0\0\x02\x03\x03\0\0\x71\x5e\0\0\0\0\0\x07\0\0\0\0\0\0\0\0\0\0\0\x02\
\x05\x03\0\0\x7f\x5e\0\0\0\0\0\x07\0\0\0\0\x93\x5e\0\0\x02\0\0\x04\x28\0\0\0\
\x02\x18\0\0\x92\0\0\0\0\0\0\0\x29\x02\0\0\x79\0\0\0\0\x01\0\0\x9d\x5e\0\0\x08\
\0\0\x04\x80\0\0\0\xa8\x5e\0\0\x52\0\0\0\0\0\0\0\xaf\x5e\0\0\x92\0\0\0\x80\0\0\
\0\xb9\x5e\0\0\x79\0\0\0\x80\x01\0\0\xbf\x5e\0\0\x47\0\0\0\xc0\x01\0\0\x50\0\0\
\0\x79\0\0\0\0\x02\0\0\xc9\x5e\0\0\x0d\0\0\0\x40\x02\0\0\xd5\x5e\0\0\x92\0\0\0\
\x80\x02\0\0\xe0\x5e\0\0\x52\0\0\0\x80\x03\0\0\xeb\x5e\0\0\x0c\0\0\x04\x60\0\0\
\0\xf5\x5e\0\0\x09\x03\0\0\0\0\0\0\xff\x5e\0\0\x92\0\0\0\x40\0\0\0\x0f\x5f\0\0\
\x0b\x03\0\0\x40\x01\0\0\x19\x5f\0\0\xa6\0\0\0\x80\x01\0\0\x26\x5f\0\0\x82\0\0\
\0\xc0\x01\0\0\x2e\x5f\0\0\x0d\0\0\0\0\x02\0\0\x46\x5f\0\0\x0d\0\0\0\x20\x02\0\
\0\x5b\x5f\0\0\x02\0\0\0\x40\x02\0\0\x75\x5f\0\0\x02\0\0\0\x60\x02\0\0\x81\x5f\
\0\0\x02\0\0\0\x80\x02\0\0\x8d\x5f\0\0\x02\0\0\0\xa0\x02\0\0\xa6\x5f\0\0\x02\0\
\0\0\xc0\x02\0\0\0\0\0\0\0\0\0\x02\x0a\x03\0\0\xf5\x5e\0\0\0\0\0\x07\0\0\0\0\0\
\0\0\0\0\0\0\x02\x0c\x03\0\0\xbf\x5f\0\0\0\0\0\x07\0\0\0\0\xcd\x5f\0\0\x01\0\0\
\x0c\x39\0\0\0\0\0\0\0\0\0\0\x03\0\0\0\0\xd4\0\0\0\x04\0\0\0\x04\0\0\0\xd7\x5f\
\0\0\0\0\0\x0e\x0e\x03\0\0\x01\0\0\0\xdf\x5f\0\0\0\0\0\x07\0\0\0\0\xee\x5f\0\0\
\0\0\0\x07\0\0\0\0\x78\x24\0\0\0\0\0\x07\0\0\0\0\xfd\x5f\0\0\0\0\0\x07\0\0\0\0\
\x10\x60\0\0\0\0\0\x07\0\0\0\0\x1c\x60\0\0\0\0\0\x07\0\0\0\0\x25\x60\0\0\0\0\0\
\x07\0\0\0\0\x32\x60\0\0\0\0\0\x07\0\0\0\0\x3b\x60\0\0\0\0\0\x07\0\0\0\0\x44\
\x60\0\0\0\0\0\x07\0\0\0\0\x4d\x60\0\0\0\0\0\x07\0\0\0\0\x9b\x43\0\0\0\0\0\x07\
\0\0\0\0\x60\x60\0\0\0\0\0\x07\0\0\0\0\x9e\x45\0\0\0\0\0\x07\0\0\0\0\x69\x60\0\
\0\0\0\0\x07\0\0\0\0\xb3\x39\0\0\0\0\0\x07\0\0\0\0\x6f\x60\0\0\0\0\0\x07\0\0\0\
\0\x79\x60\0\0\0\0\0\x07\0\0\0\0\x2c\x30\0\0\0\0\0\x07\0\0\0\0\xc1\x38\0\0\0\0\
\0\x07\0\0\0\0\x80\x60\0\0\0\0\0\x07\0\0\0\0\x8a\x60\0\0\0\0\0\x07\0\0\0\0\x96\
\x60\0\0\0\0\0\x07\0\0\0\0\xa3\x60\0\0\0\0\0\x07\0\0\0\0\xae\x60\0\0\0\0\0\x07\
\0\0\0\0\x0f\x3a\0\0\0\0\0\x07\0\0\0\0\xb7\x60\0\0\0\0\0\x07\0\0\0\0\xcc\x60\0\
\0\0\0\0\x07\0\0\0\0\xdf\x60\0\0\0\0\0\x07\0\0\0\0\xe9\x60\0\0\0\0\0\x07\0\0\0\
\0\xf7\x60\0\0\0\0\0\x07\0\0\0\0\x07\x61\0\0\0\0\0\x07\0\0\0\0\x17\x61\0\0\0\0\
\0\x07\0\0\0\0\x23\x61\0\0\0\0\0\x07\0\0\0\0\x34\x61\0\0\0\0\0\x07\0\0\0\0\x3c\
\x61\0\0\0\0\0\x07\0\0\0\0\x4b\x61\0\0\0\0\0\x07\0\0\0\0\x59\x61\0\0\0\0\0\x07\
\0\0\0\0\x62\x61\0\0\0\0\0\x07\0\0\0\0\x6d\x61\0\0\0\0\0\x07\0\0\0\0\x7b\x61\0\
\0\0\0\0\x07\0\0\0\0\x84\x61\0\0\0\0\0\x07\0\0\0\0\x97\x61\0\0\0\0\0\x07\0\0\0\
\0\xa6\x61\0\0\0\0\0\x07\0\0\0\0\xb1\x61\0\0\0\0\0\x07\0\0\0\0\xc0\x61\0\0\0\0\
\0\x07\0\0\0\0\xce\x61\0\0\0\0\0\x07\0\0\0\0\xdd\x61\0\0\0\0\0\x07\0\0\0\0\xef\
\x61\0\0\0\0\0\x07\0\0\0\0\xfb\x61\0\0\0\0\0\x07\0\0\0\0\x09\x62\0\0\0\0\0\x07\
\0\0\0\0\x18\x62\0\0\0\0\0\x07\0\0\0\0\x28\x62\0\0\0\0\0\x07\0\0\0\0\x96\x46\0\
\0\0\0\0\x07\0\0\0\0\x33\x62\0\0\0\0\0\x07\0\0\0\0\x42\x62\0\0\0\0\0\x07\0\0\0\
\0\x4f\x62\0\0\0\0\0\x07\0\0\0\0\x5c\x62\0\0\0\0\0\x07\0\0\0\0\x66\x62\0\0\0\0\
\0\x07\0\0\0\0\xde\x0c\0\0\0\0\0\x07\0\0\0\0\x75\x62\0\0\0\0\0\x07\0\0\0\0\x88\
\x62\0\0\0\0\0\x07\0\0\0\0\x9d\x62\0\0\0\0\0\x07\0\0\0\0\xa8\x62\0\0\0\0\0\x07\
\0\0\0\0\x99\x24\0\0\0\0\0\x07\0\0\0\0\xb9\x62\0\0\0\0\0\x07\0\0\0\0\xc5\x62\0\
\0\0\0\0\x07\0\0\0\0\xd5\x62\0\0\0\0\0\x07\0\0\0\0\xe0\x62\0\0\0\0\0\x07\0\0\0\
\0\xf7\x62\0\0\0\0\0\x07\0\0\0\0\xe6\0\0\0\0\0\0\x07\0\0\0\0\x06\x63\0\0\0\0\0\
\x07\0\0\0\0\x0e\x63\0\0\0\0\0\x07\0\0\0\0\x1d\x63\0\0\0\0\0\x07\0\0\0\0\x68\
\x02\0\0\0\0\0\x07\0\0\0\0\xb8\x05\0\0\0\0\0\x07\0\0\0\0\x30\x63\0\0\0\0\0\x07\
\0\0\0\0\x3f\x63\0\0\0\0\0\x07\0\0\0\0\xda\x02\0\0\0\0\0\x07\0\0\0\0\x6f\x06\0\
\0\0\0\0\x07\0\0\0\0\x48\x63\0\0\0\0\0\x07\0\0\0\0\x54\x63\0\0\0\0\0\x07\0\0\0\
\0\x5c\x63\0\0\0\0\0\x07\0\0\0\0\x66\x63\0\0\0\0\0\x07\0\0\0\0\x6e\x63\0\0\0\0\
\0\x07\0\0\0\0\x7d\x63\0\0\0\0\0\x07\0\0\0\0\x8b\x63\0\0\0\0\0\x07\0\0\0\0\x95\
\x63\0\0\0\0\0\x07\0\0\0\0\x9e\x63\0\0\0\0\0\x07\0\0\0\0\xaa\x63\0\0\0\0\0\x07\
\0\0\0\0\xb5\x63\0\0\0\0\0\x07\0\0\0\0\xc3\x63\0\0\0\0\0\x07\0\0\0\0\xa8\x0b\0\
\0\0\0\0\x07\0\0\0\0\xd1\x63\0\0\0\0\0\x07\0\0\0\0\xde\x63\0\0\0\0\0\x07\0\0\0\
\0\xea\x63\0\0\0\0\0\x07\0\0\0\0\xf8\x63\0\0\0\0\0\x07\0\0\0\0\x06\x64\0\0\0\0\
\0\x07\0\0\0\0\x15\x64\0\0\0\0\0\x07\0\0\0\0\x21\x64\0\0\0\0\0\x07\0\0\0\0\x2d\
\x64\0\0\0\0\0\x07\0\0\0\0\x37\x64\0\0\0\0\0\x07\0\0\0\0\x44\x64\0\0\0\0\0\x07\
\0\0\0\0\x4e\x64\0\0\0\0\0\x07\0\0\0\0\x59\x64\0\0\0\0\0\x07\0\0\0\0\x62\x64\0\
\0\0\0\0\x07\0\0\0\0\x6c\x64\0\0\0\0\0\x07\0\0\0\0\x7b\x64\0\0\0\0\0\x07\0\0\0\
\0\x8c\x64\0\0\0\0\0\x07\0\0\0\0\x9e\x64\0\0\0\0\0\x07\0\0\0\0\xb0\x64\0\0\0\0\
\0\x07\0\0\0\0\x65\x46\0\0\0\0\0\x07\0\0\0\0\xc5\x64\0\0\0\0\0\x07\0\0\0\0\xd5\
\x64\0\0\0\0\0\x07\0\0\0\0\xe1\x64\0\0\0\0\0\x07\0\0\0\0\xf2\x64\0\0\0\0\0\x07\
\0\0\0\0\xfe\x64\0\0\0\0\0\x07\0\0\0\0\x0e\x65\0\0\0\0\0\x07\0\0\0\0\x1f\x65\0\
\0\0\0\0\x07\0\0\0\0\x57\x23\0\0\0\0\0\x07\0\0\0\0\x68\x23\0\0\0\0\0\x07\0\0\0\
\0\x2b\x65\0\0\0\0\0\x07\0\0\0\0\x41\x65\0\0\0\0\0\x07\0\0\0\0\x84\x24\0\0\0\0\
\0\x07\0\0\0\0\x8f\x24\0\0\0\0\0\x07\0\0\0\0\xa5\x24\0\0\0\0\0\x07\0\0\0\0\x50\
\x65\0\0\0\0\0\x07\0\0\0\0\x88\x25\0\0\0\0\0\x07\0\0\0\0\x5a\x65\0\0\0\0\0\x07\
\0\0\0\0\x63\x65\0\0\0\0\0\x07\0\0\0\0\x6e\x65\0\0\0\0\0\x07\0\0\0\0\x7e\x65\0\
\0\0\0\0\x07\0\0\0\0\x8a\x65\0\0\0\0\0\x07\0\0\0\0\x99\x65\0\0\0\0\0\x07\0\0\0\
\0\xa2\x2f\0\0\0\0\0\x07\0\0\0\0\xb7\x2f\0\0\0\0\0\x07\0\0\0\0\xaf\x65\0\0\0\0\
\0\x07\0\0\0\0\xb9\x65\0\0\0\0\0\x07\0\0\0\0\xd2\x65\0\0\0\0\0\x07\0\0\0\0\xeb\
\x65\0\0\0\0\0\x07\0\0\0\0\xf2\x65\0\0\0\0\0\x07\0\0\0\0\xdb\x3b\0\0\0\0\0\x07\
\0\0\0\0\xfc\x65\0\0\0\0\0\x07\0\0\0\0\x0b\x66\0\0\0\0\0\x07\0\0\0\0\x13\x66\0\
\0\0\0\0\x07\0\0\0\0\x8e\x20\0\0\0\0\0\x07\0\0\0\0\x20\x66\0\0\0\0\0\x07\0\0\0\
\0\x2d\x66\0\0\0\0\0\x07\0\0\0\0\xec\x27\0\0\0\0\0\x07\0\0\0\0\x38\x28\0\0\0\0\
\0\x07\0\0\0\0\xd4\x28\0\0\0\0\0\x07\0\0\0\0\x33\x66\0\0\0\0\0\x07\0\0\0\0\x92\
\x27\0\0\0\0\0\x07\0\0\0\0\x44\x66\0\0\0\0\0\x07\0\0\0\0\x53\x66\0\0\0\0\0\x07\
\0\0\0\0\x43\x28\0\0\0\0\0\x07\0\0\0\0\x5f\x66\0\0\0\0\0\x07\0\0\0\0\x6c\x66\0\
\0\0\0\0\x07\0\0\0\0\xe1\x28\0\0\0\0\0\x07\0\0\0\0\x16\x7d\0\0\x05\0\0\x0f\xa8\
\0\0\0\x18\0\0\0\0\0\0\0\x20\0\0\0\x1f\0\0\0\x20\0\0\0\x20\0\0\0\x29\0\0\0\x40\
\0\0\0\x20\0\0\0\x2b\0\0\0\x60\0\0\0\x20\0\0\0\x33\0\0\0\x80\0\0\0\x28\0\0\0\
\x1c\x7d\0\0\x01\0\0\x0f\x04\0\0\0\x0f\x03\0\0\0\0\0\0\x04\0\0\0\0\x69\x6e\x74\
\0\x5f\x5f\x41\x52\x52\x41\x59\x5f\x53\x49\x5a\x45\x5f\x54\x59\x50\x45\x5f\x5f\
\0\x5f\x5f\x75\x36\x34\0\x75\x6e\x73\x69\x67\x6e\x65\x64\x20\x6c\x6f\x6e\x67\
\x20\x6c\x6f\x6e\x67\0\x73\x79\x6e\x61\x63\x6b\x5f\x63\x6f\x6e\x6e\x65\x63\x74\
\x69\x6f\x6e\0\x70\x68\x61\x73\x65\0\x63\x6f\x75\x6e\x74\0\x6b\x65\x79\x73\0\
\x5f\x5f\x75\x33\x32\0\x75\x6e\x73\x69\x67\x6e\x65\x64\x20\x69\x6e\x74\0\x73\
\x79\x6e\x61\x63\x6b\x5f\x6b\x65\x79\0\x66\x61\x6d\x69\x6c\x79\0\x70\x72\x6f\
\x74\x6f\x63\x6f\x6c\0\x70\x61\x64\0\x73\x72\x63\0\x64\x73\x74\0\x73\x70\x6f\
\x72\x74\0\x64\x70\x6f\x72\x74\0\x61\x63\x6b\0\x5f\x5f\x75\x31\x36\0\x75\x6e\
\x73\x69\x67\x6e\x65\x64\x20\x73\x68\x6f\x72\x74\0\x5f\x5f\x75\x38\0\x75\x6e\
\x73\x69\x67\x6e\x65\x64\x20\x63\x68\x61\x72\0\x5f\x5f\x62\x65\x31\x36\0\x5f\
\x5f\x62\x65\x33\x32\0\x74\x79\x70\x65\0\x6d\x61\x78\x5f\x65\x6e\x74\x72\x69\
\x65\x73\0\x6b\x65\x79\0\x76\x61\x6c\x75\x65\0\x73\x79\x6e\x61\x63\x6b\x5f\x63\
\x6f\x6e\x6e\0\x73\x79\x6e\x61\x63\x6b\x5f\x65\x78\x70\x65\x63\x74\x61\x74\x69\
\x6f\x6e\0\x63\x6f\x6f\x6b\x69\x65\0\x61\x6d\x62\x69\x67\x75\x6f\x75\x73\0\x73\
\x79\x6e\x61\x63\x6b\x5f\x65\x78\x70\x65\x63\x74\0\x73\x79\x6e\x61\x63\x6b\x5f\
\x72\x65\x63\x6f\x72\x64\0\x76\x65\x72\x73\x69\x6f\x6e\0\x6c\x65\x6e\x67\x74\
\x68\0\x68\x65\x61\x64\x65\x72\x73\0\x73\x79\x6e\x61\x63\x6b\x5f\x73\x63\x72\
\x61\x74\x63\x68\0\x73\x79\x6e\x61\x63\x6b\x5f\x63\x61\x70\x74\x75\x72\x65\0\
\x6d\x61\x70\x5f\x66\x6c\x61\x67\x73\0\x73\x79\x6e\x61\x63\x6b\x5f\x73\x74\x61\
\x74\x73\0\x62\x70\x66\x5f\x6e\x66\x5f\x63\x74\x78\0\x73\x74\x61\x74\x65\0\x73\
\x6b\x62\0\x63\x74\x78\0\x73\x79\x6e\x61\x63\x6b\x5f\x6f\x75\x74\0\x6e\x66\x5f\
\x68\x6f\x6f\x6b\x5f\x73\x74\x61\x74\x65\0\x68\x6f\x6f\x6b\0\x70\x66\0\x69\x6e\
\0\x6f\x75\x74\0\x73\x6b\0\x6e\x65\x74\0\x6f\x6b\x66\x6e\0\x75\x38\0\x70\x61\
\x73\x73\x69\x76\x65\0\x72\x75\x6c\x65\x73\x5f\x6d\x6f\x64\x5f\x6c\x6f\x63\x6b\
\0\x64\x65\x76\x5f\x75\x6e\x72\x65\x67\x5f\x63\x6f\x75\x6e\x74\0\x64\x65\x76\
\x5f\x62\x61\x73\x65\x5f\x73\x65\x71\0\x69\x66\x69\x6e\x64\x65\x78\0\x6e\x73\
\x69\x64\x5f\x6c\x6f\x63\x6b\0\x66\x6e\x68\x65\x5f\x67\x65\x6e\x69\x64\0\x6c\
\x69\x73\x74\0\x65\x78\x69\x74\x5f\x6c\x69\x73\x74\0\x64\x65\x66\x65\x72\x5f\
\x66\x72\x65\x65\x5f\x6c\x69\x73\x74\0\x63\x6c\x65\x61\x6e\x75\x70\x5f\x6c\x69\
\x73\x74\0\x6b\x65\x79\x5f\x64\x6f\x6d\x61\x69\x6e\0\x75\x73\x65\x72\x5f\x6e\
\x73\0\x75\x63\x6f\x75\x6e\x74\x73\0\x6e\x65\x74\x6e\x73\x5f\x69\x64\x73\0\x6e\
\x73\0\x72\x65\x66\x63\x6e\x74\x5f\x74\x72\x61\x63\x6b\x65\x72\0\x6e\x6f\x74\
\x72\x65\x66\x63\x6e\x74\x5f\x74\x72\x61\x63\x6b\x65\x72\0\x64\x65\x76\x5f\x62\
\x61\x73\x65\x5f\x68\x65\x61\x64\0\x70\x72\x6f\x63\x5f\x6e\x65\x74\0\x70\x72\
\x6f\x63\x5f\x6e\x65\x74\x5f\x73\x74\x61\x74\0\x73\x79\x73\x63\x74\x6c\x73\0\
\x72\x74\x6e\x6c\0\x67\x65\x6e\x6c\x5f\x73\x6f\x63\x6b\0\x75\x65\x76\x65\x6e\
\x74\x5f\x73\x6f\x63\x6b\0\x64\x65\x76\x5f\x6e\x61\x6d\x65\x5f\x68\x65\x61\x64\
\0\x64\x65\x76\x5f\x69\x6e\x64\x65\x78\x5f\x68\x65\x61\x64\0\x64\x65\x76\x5f\
\x62\x79\x5f\x69\x6e\x64\x65\x78\0\x6e\x65\x74\x64\x65\x76\x5f\x63\x68\x61\x69\
\x6e\0\x68\x61\x73\x68\x5f\x6d\x69\x78\0\x6c\x6f\x6f\x70\x62\x61\x63\x6b\x5f\
\x64\x65\x76\0\x72\x75\x6c\x65\x73\x5f\x6f\x70\x73\0\x63\x6f\x72\x65\0\x6d\x69\
\x62\0\x70\x61\x63\x6b\x65\x74\0\x75\x6e\x78\0\x6e\x65\x78\x74\x68\x6f\x70\0\
\x69\x70\x76\x34\0\x69\x70\x76\x36\0\x69\x65\x65\x65\x38\x30\x32\x31\x35\x34\
\x5f\x6c\x6f\x77\x70\x61\x6e\0\x73\x63\x74\x70\0\x6e\x66\0\x63\x74\0\x6e\x66\
\x74\0\x66\x74\0\x77\x65\x78\x74\x5f\x6e\x6c\x65\x76\x65\x6e\x74\x73\0\x67\x65\
\x6e\0\x62\x70\x66\0\x78\x66\x72\x6d\0\x6e\x65\x74\x5f\x63\x6f\x6f\x6b\x69\x65\
\0\x69\x70\x76\x73\0\x6d\x70\x6c\x73\0\x63\x61\x6e\0\x78\x64\x70\0\x6d\x63\x74\
\x70\0\x63\x72\x79\x70\x74\x6f\x5f\x6e\x6c\x73\x6b\0\x64\x69\x61\x67\x5f\x6e\
\x6c\x73\x6b\0\x73\x6d\x63\0\x72\x65\x66\x63\x6f\x75\x6e\x74\x5f\x74\0\x72\x65\
\x66\x63\x6f\x75\x6e\x74\x5f\x73\x74\x72\x75\x63\x74\0\x72\x65\x66\x73\0\x61\
\x74\x6f\x6d\x69\x63\x5f\x74\0\x63\x6f\x75\x6e\x74\x65\x72\0\x73\x70\x69\x6e\
\x6c\x6f\x63\x6b\x5f\x74\0\x73\x70\x69\x6e\x6c\x6f\x63\x6b\0\x72\x6c\x6f\x63\
\x6b\0\x72\x61\x77\x5f\x73\x70\x69\x6e\x6c\x6f\x63\x6b\0\x72\x61\x77\x5f\x6c\
\x6f\x63\x6b\0\x61\x72\x63\x68\x5f\x73\x70\x69\x6e\x6c\x6f\x63\x6b\x5f\x74\0\
\x71\x73\x70\x69\x6e\x6c\x6f\x63\x6b\0\x76\x61\x6c\0\x6c\x6f\x63\x6b\x65\x64\0\
\x70\x65\x6e\x64\x69\x6e\x67\0\x6c\x6f\x63\x6b\x65\x64\x5f\x70\x65\x6e\x64\x69\
\x6e\x67\0\x74\x61\x69\x6c\0\x75\x31\x36\0\x75\x33\x32\0\x6c\x69\x73\x74\x5f\
\x68\x65\x61\x64\0\x6e\x65\x78\x74\0\x70\x72\x65\x76\0\x6c\x6c\x69\x73\x74\x5f\
\x6e\x6f\x64\x65\0\x69\x64\x72\0\x69\x64\x72\x5f\x72\x74\0\x69\x64\x72\x5f\x62\
\x61\x73\x65\0\x69\x64\x72\x5f\x6e\x65\x78\x74\0\x78\x61\x72\x72\x61\x79\0\x78\
\x61\x5f\x6c\x6f\x63\x6b\0\x78\x61\x5f\x66\x6c\x61\x67\x73\0\x78\x61\x5f\x68\
\x65\x61\x64\0\x67\x66\x70\x5f\x74\0\x6e\x73\x5f\x63\x6f\x6d\x6d\x6f\x6e\0\x73\
\x74\x61\x73\x68\x65\x64\0\x6f\x70\x73\0\x69\x6e\x75\x6d\0\x61\x74\x6f\x6d\x69\
\x63\x5f\x6c\x6f\x6e\x67\x5f\x74\0\x61\x74\x6f\x6d\x69\x63\x36\x34\x5f\x74\0\
\x73\x36\x34\0\x5f\x5f\x73\x36\x34\0\x6c\x6f\x6e\x67\x20\x6c\x6f\x6e\x67\0\x72\
\x65\x66\x5f\x74\x72\x61\x63\x6b\x65\x72\x5f\x64\x69\x72\0\x63\x74\x6c\x5f\x74\
\x61\x62\x6c\x65\x5f\x73\x65\x74\0\x69\x73\x5f\x73\x65\x65\x6e\0\x64\x69\x72\0\
\x63\x74\x6c\x5f\x64\x69\x72\0\x68\x65\x61\x64\x65\x72\0\x72\x6f\x6f\x74\0\x63\
\x74\x6c\x5f\x74\x61\x62\x6c\x65\x5f\x68\x65\x61\x64\x65\x72\0\x75\x6e\x72\x65\
\x67\x69\x73\x74\x65\x72\x69\x6e\x67\0\x63\x74\x6c\x5f\x74\x61\x62\x6c\x65\x5f\
\x61\x72\x67\0\x73\x65\x74\0\x70\x61\x72\x65\x6e\x74\0\x6e\x6f\x64\x65\0\x69\
\x6e\x6f\x64\x65\x73\0\x72\x63\x75\0\x63\x74\x6c\x5f\x74\x61\x62\x6c\x65\0\x63\
\x74\x6c\x5f\x74\x61\x62\x6c\x65\x5f\x73\x69\x7a\x65\0\x75\x73\x65\x64\0\x6e\
\x72\x65\x67\0\x63\x61\x6c\x6c\x62\x61\x63\x6b\x5f\x68\x65\x61\x64\0\x66\x75\
\x6e\x63\0\x68\x6c\x69\x73\x74\x5f\x68\x65\x61\x64\0\x66\x69\x72\x73\x74\0\x72\
\x62\x5f\x72\x6f\x6f\x74\0\x72\x62\x5f\x6e\x6f\x64\x65\0\x72\x61\x77\x5f\x6e\
\x6f\x74\x69\x66\x69\x65\x72\x5f\x68\x65\x61\x64\0\x68\x65\x61\x64\0\x6e\x65\
\x74\x6e\x73\x5f\x63\x6f\x72\x65\0\x73\x79\x73\x63\x74\x6c\x5f\x68\x64\x72\0\
\x73\x79\x73\x63\x74\x6c\x5f\x73\x6f\x6d\x61\x78\x63\x6f\x6e\x6e\0\x73\x79\x73\
\x63\x74\x6c\x5f\x6f\x70\x74\x6d\x65\x6d\x5f\x6d\x61\x78\0\x73\x79\x73\x63\x74\
\x6c\x5f\x74\x78\x72\x65\x68\x61\x73\x68\0\x70\x72\x6f\x74\x5f\x69\x6e\x75\x73\
\x65\0\x72\x70\x73\x5f\x64\x65\x66\x61\x75\x6c\x74\x5f\x6d\x61\x73\x6b\0\x6e\
\x65\x74\x6e\x73\x5f\x6d\x69\x62\0\x69\x70\x5f\x73\x74\x61\x74\x69\x73\x74\x69\
\x63\x73\0\x69\x70\x76\x36\x5f\x73\x74\x61\x74\x69\x73\x74\x69\x63\x73\0\x74\
\x63\x70\x5f\x73\x74\x61\x74\x69\x73\x74\x69\x63\x73\0\x6e\x65\x74\x5f\x73\x74\
\x61\x74\x69\x73\x74\x69\x63\x73\0\x75\x64\x70\x5f\x73\x74\x61\x74\x69\x73\x74\
\x69\x63\x73\0\x75\x64\x70\x5f\x73\x74\x61\x74\x73\x5f\x69\x6e\x36\0\x78\x66\
\x72\x6d\x5f\x73\x74\x61\x74\x69\x73\x74\x69\x63\x73\0\x74\x6c\x73\x5f\x73\x74\
\x61\x74\x69\x73\x74\x69\x63\x73\0\x6d\x70\x74\x63\x70\x5f\x73\x74\x61\x74\x69\
\x73\x74\x69\x63\x73\0\x75\x64\x70\x6c\x69\x74\x65\x5f\x73\x74\x61\x74\x69\x73\
\x74\x69\x63\x73\0\x75\x64\x70\x6c\x69\x74\x65\x5f\x73\x74\x61\x74\x73\x5f\x69\
\x6e\x36\0\x69\x63\x6d\x70\x5f\x73\x74\x61\x74\x69\x73\x74\x69\x63\x73\0\x69\
\x63\x6d\x70\x6d\x73\x67\x5f\x73\x74\x61\x74\x69\x73\x74\x69\x63\x73\0\x69\x63\
\x6d\x70\x76\x36\x5f\x73\x74\x61\x74\x69\x73\x74\x69\x63\x73\0\x69\x63\x6d\x70\
\x76\x36\x6d\x73\x67\x5f\x73\x74\x61\x74\x69\x73\x74\x69\x63\x73\0\x70\x72\x6f\
\x63\x5f\x6e\x65\x74\x5f\x64\x65\x76\x73\x6e\x6d\x70\x36\0\x6e\x65\x74\x6e\x73\
\x5f\x70\x61\x63\x6b\x65\x74\0\x73\x6b\x6c\x69\x73\x74\x5f\x6c\x6f\x63\x6b\0\
\x73\x6b\x6c\x69\x73\x74\0\x6d\x75\x74\x65\x78\0\x6f\x77\x6e\x65\x72\0\x77\x61\
\x69\x74\x5f\x6c\x6f\x63\x6b\0\x6f\x73\x71\0\x77\x61\x69\x74\x5f\x6c\x69\x73\
\x74\0\x72\x61\x77\x5f\x73\x70\x69\x6e\x6c\x6f\x63\x6b\x5f\x74\0\x6f\x70\x74\
\x69\x6d\x69\x73\x74\x69\x63\x5f\x73\x70\x69\x6e\x5f\x71\x75\x65\x75\x65\0\x6e\
\x65\x74\x6e\x73\x5f\x75\x6e\x69\x78\0\x74\x61\x62\x6c\x65\0\x73\x79\x73\x63\
\x74\x6c\x5f\x6d\x61\x78\x5f\x64\x67\x72\x61\x6d\x5f\x71\x6c\x65\x6e\0\x63\x74\
\x6c\0\x75\x6e\x69\x78\x5f\x74\x61\x62\x6c\x65\0\x6c\x6f\x63\x6b\x73\0\x62\x75\
\x63\x6b\x65\x74\x73\0\x6e\x65\x74\x6e\x73\x5f\x6e\x65\x78\x74\x68\x6f\x70\0\
\x64\x65\x76\x68\x61\x73\x68\0\x73\x65\x71\0\x6c\x61\x73\x74\x5f\x69\x64\x5f\
\x61\x6c\x6c\x6f\x63\x61\x74\x65\x64\0\x6e\x6f\x74\x69\x66\x69\x65\x72\x5f\x63\
\x68\x61\x69\x6e\0\x62\x6c\x6f\x63\x6b\x69\x6e\x67\x5f\x6e\x6f\x74\x69\x66\x69\
\x65\x72\x5f\x68\x65\x61\x64\0\x72\x77\x73\x65\x6d\0\x72\x77\x5f\x73\x65\x6d\
\x61\x70\x68\x6f\x72\x65\0\x6e\x65\x74\x6e\x73\x5f\x69\x70\x76\x34\0\x5f\x5f\
\x63\x61\x63\x68\x65\x6c\x69\x6e\x65\x5f\x67\x72\x6f\x75\x70\x5f\x62\x65\x67\
\x69\x6e\x5f\x5f\x6e\x65\x74\x6e\x73\x5f\x69\x70\x76\x34\x5f\x72\x65\x61\x64\
\x5f\x74\x78\0\x73\x79\x73\x63\x74\x6c\x5f\x74\x63\x70\x5f\x65\x61\x72\x6c\x79\
\x5f\x72\x65\x74\x72\x61\x6e\x73\0\x73\x79\x73\x63\x74\x6c\x5f\x74\x63\x70\x5f\
\x74\x73\x6f\x5f\x77\x69\x6e\x5f\x64\x69\x76\x69\x73\x6f\x72\0\x73\x79\x73\x63\
\x74\x6c\x5f\x74\x63\x70\x5f\x74\x73\x6f\x5f\x72\x74\x74\x5f\x6c\x6f\x67\0\x73\
\x79\x73\x63\x74\x6c\x5f\x74\x63\x70\x5f\x61\x75\x74\x6f\x63\x6f\x72\x6b\x69\
\x6e\x67\0\x73\x79\x73\x63\x74\x6c\x5f\x74\x63\x70\x5f\x6d\x69\x6e\x5f\x73\x6e\
\x64\x5f\x6d\x73\x73\0\x73\x79\x73\x63\x74\x6c\x5f\x74\x63\x70\x5f\x6e\x6f\x74\
\x73\x65\x6e\x74\x5f\x6c\x6f\x77\x61\x74\0\x73\x79\x73\x63\x74\x6c\x5f\x74\x63\
\x70\x5f\x6c\x69\x6d\x69\x74\x5f\x6f\x75\x74\x70\x75\x74\x5f\x62\x79\x74\x65\
\x73\0\x73\x79\x73\x63\x74\x6c\x5f\x74\x63\x70\x5f\x6d\x69\x6e\x5f\x72\x74\x74\
\x5f\x77\x6c\x65\x6e\0\x73\x79\x73\x63\x74\x6c\x5f\x74\x63\x70\x5f\x77\x6d\x65\
\x6d\0\x73\x79\x73\x63\x74\x6c\x5f\x69\x70\x5f\x66\x77\x64\x5f\x75\x73\x65\x5f\
\x70\x6d\x74\x75\0\x5f\x5f\x63\x61\x63\x68\x65\x6c\x69\x6e\x65\x5f\x67\x72\x6f\
\x75\x70\x5f\x65\x6e\x64\x5f\x5f\x6e\x65\x74\x6e\x73\x5f\x69\x70\x76\x34\x5f\
\x72\x65\x61\x64\x5f\x74\x78\0\x5f\x5f\x63\x61\x63\x68\x65\x6c\x69\x6e\x65\x5f\
\x67\x72\x6f\x75\x70\x5f\x62\x65\x67\x69\x6e\x5f\x5f\x6e\x65\x74\x6e\x73\x5f\
\x69\x70\x76\x34\x5f\x72\x65\x61\x64\x5f\x74\x78\x72\x78\0\x73\x79\x73\x63\x74\
\x6c\x5f\x74\x63\x70\x5f\x6d\x6f\x64\x65\x72\x61\x74\x65\x5f\x72\x63\x76\x62\
\x75\x66\0\x5f\x5f\x63\x61\x63\x68\x65\x6c\x69\x6e\x65\x5f\x67\x72\x6f\x75\x70\
\x5f\x65\x6e\x64\x5f\x5f\x6e\x65\x74\x6e\x73\x5f\x69\x70\x76\x34\x5f\x72\x65\
\x61\x64\x5f\x74\x78\x72\x78\0\x5f\x5f\x63\x61\x63\x68\x65\x6c\x69\x6e\x65\x5f\
\x67\x72\x6f\x75\x70\x5f\x62\x65\x67\x69\x6e\x5f\x5f\x6e\x65\x74\x6e\x73\x5f\
\x69\x70\x76\x34\x5f\x72\x65\x61\x64\x5f\x72\x78\0\x73\x79\x73\x63\x74\x6c\x5f\
\x69\x70\x5f\x65\x61\x72\x6c\x79\x5f\x64\x65\x6d\x75\x78\0\x73\x79\x73\x63\x74\
\x6c\x5f\x74\x63\x70\x5f\x65\x61\x72\x6c\x79\x5f\x64\x65\x6d\x75\x78\0\x73\x79\
\x73\x63\x74\x6c\x5f\x74\x63\x70\x5f\x72\x65\x6f\x72\x64\x65\x72\x69\x6e\x67\0\
\x73\x79\x73\x63\x74\x6c\x5f\x74\x63\x70\x5f\x72\x6d\x65\x6d\0\x5f\x5f\x63\x61\
\x63\x68\x65\x6c\x69\x6e\x65\x5f\x67\x72\x6f\x75\x70\x5f\x65\x6e\x64\x5f\x5f\
\x6e\x65\x74\x6e\x73\x5f\x69\x70\x76\x34\x5f\x72\x65\x61\x64\x5f\x72\x78\0\x5f\
\x5f\x63\x61\x63\x68\x65\x6c\x69\x6e\x65\x5f\x67\x72\x6f\x75\x70\x5f\x62\x65\
\x67\x69\x6e\x5f\x5f\x69\x63\x6d\x70\0\x69\x63\x6d\x70\x5f\x67\x6c\x6f\x62\x61\
\x6c\x5f\x63\x72\x65\x64\x69\x74\0\x69\x63\x6d\x70\x5f\x67\x6c\x6f\x62\x61\x6c\
\x5f\x73\x74\x61\x6d\x70\0\x5f\x5f\x63\x61\x63\x68\x65\x6c\x69\x6e\x65\x5f\x67\
\x72\x6f\x75\x70\x5f\x65\x6e\x64\x5f\x5f\x69\x63\x6d\x70\0\x5f\x5f\x63\x61\x63\
\x68\x65\x6c\x69\x6e\x65\x5f\x67\x72\x6f\x75\x70\x5f\x70\x61\x64\x5f\x5f\x69\
\x63\x6d\x70\0\x74\x63\x70\x5f\x64\x65\x61\x74\x68\x5f\x72\x6f\x77\0\x75\x64\
\x70\x5f\x74\x61\x62\x6c\x65\0\x66\x6f\x72\x77\x5f\x68\x64\x72\0\x66\x72\x61\
\x67\x73\x5f\x68\x64\x72\0\x69\x70\x76\x34\x5f\x68\x64\x72\0\x72\x6f\x75\x74\
\x65\x5f\x68\x64\x72\0\x78\x66\x72\x6d\x34\x5f\x68\x64\x72\0\x64\x65\x76\x63\
\x6f\x6e\x66\x5f\x61\x6c\x6c\0\x64\x65\x76\x63\x6f\x6e\x66\x5f\x64\x66\x6c\x74\
\0\x72\x61\x5f\x63\x68\x61\x69\x6e\0\x72\x61\x5f\x6d\x75\x74\x65\x78\0\x66\x69\
\x62\x5f\x6d\x61\x69\x6e\0\x66\x69\x62\x5f\x64\x65\x66\x61\x75\x6c\x74\0\x66\
\x69\x62\x5f\x72\x75\x6c\x65\x73\x5f\x72\x65\x71\x75\x69\x72\x65\x5f\x66\x6c\
\x64\x69\x73\x73\x65\x63\x74\0\x66\x69\x62\x5f\x68\x61\x73\x5f\x63\x75\x73\x74\
\x6f\x6d\x5f\x72\x75\x6c\x65\x73\0\x66\x69\x62\x5f\x68\x61\x73\x5f\x63\x75\x73\
\x74\x6f\x6d\x5f\x6c\x6f\x63\x61\x6c\x5f\x72\x6f\x75\x74\x65\x73\0\x66\x69\x62\
\x5f\x6f\x66\x66\x6c\x6f\x61\x64\x5f\x64\x69\x73\x61\x62\x6c\x65\x64\0\x73\x79\
\x73\x63\x74\x6c\x5f\x74\x63\x70\x5f\x73\x68\x72\x69\x6e\x6b\x5f\x77\x69\x6e\
\x64\x6f\x77\0\x66\x69\x62\x5f\x6e\x75\x6d\x5f\x74\x63\x6c\x61\x73\x73\x69\x64\
\x5f\x75\x73\x65\x72\x73\0\x66\x69\x62\x5f\x74\x61\x62\x6c\x65\x5f\x68\x61\x73\
\x68\0\x66\x69\x62\x6e\x6c\0\x6d\x63\x5f\x61\x75\x74\x6f\x6a\x6f\x69\x6e\x5f\
\x73\x6b\0\x70\x65\x65\x72\x73\0\x66\x71\x64\x69\x72\0\x73\x79\x73\x63\x74\x6c\
\x5f\x69\x63\x6d\x70\x5f\x65\x63\x68\x6f\x5f\x69\x67\x6e\x6f\x72\x65\x5f\x61\
\x6c\x6c\0\x73\x79\x73\x63\x74\x6c\x5f\x69\x63\x6d\x70\x5f\x65\x63\x68\x6f\x5f\
\x65\x6e\x61\x62\x6c\x65\x5f\x70\x72\x6f\x62\x65\0\x73\x79\x73\x63\x74\x6c\x5f\
\x69\x63\x6d\x70\x5f\x65\x63\x68\x6f\x5f\x69\x67\x6e\x6f\x72\x65\x5f\x62\x72\
\x6f\x61\x64\x63\x61\x73\x74\x73\0\x73\x79\x73\x63\x74\x6c\x5f\x69\x63\x6d\x70\
\x5f\x69\x67\x6e\x6f\x72\x65\x5f\x62\x6f\x67\x75\x73\x5f\x65\x72\x72\x6f\x72\
\x5f\x72\x65\x73\x70\x6f\x6e\x73\x65\x73\0\x73\x79\x73\x63\x74\x6c\x5f\x69\x63\
\x6d\x70\x5f\x65\x72\x72\x6f\x72\x73\x5f\x75\x73\x65\x5f\x69\x6e\x62\x6f\x75\
\x6e\x64\x5f\x69\x66\x61\x64\x64\x72\0\x73\x79\x73\x63\x74\x6c\x5f\x69\x63\x6d\
\x70\x5f\x72\x61\x74\x65\x6c\x69\x6d\x69\x74\0\x73\x79\x73\x63\x74\x6c\x5f\x69\
\x63\x6d\x70\x5f\x72\x61\x74\x65\x6d\x61\x73\x6b\0\x73\x79\x73\x63\x74\x6c\x5f\
\x69\x63\x6d\x70\x5f\x6d\x73\x67\x73\x5f\x70\x65\x72\x5f\x73\x65\x63\0\x73\x79\
\x73\x63\x74\x6c\x5f\x69\x63\x6d\x70\x5f\x6d\x73\x67\x73\x5f\x62\x75\x72\x73\
\x74\0\x69\x70\x5f\x72\x74\x5f\x6d\x69\x6e\x5f\x70\x6d\x74\x75\0\x69\x70\x5f\
\x72\x74\x5f\x6d\x74\x75\x5f\x65\x78\x70\x69\x72\x65\x73\0\x69\x70\x5f\x72\x74\
\x5f\x6d\x69\x6e\x5f\x61\x64\x76\x6d\x73\x73\0\x69\x70\x5f\x6c\x6f\x63\x61\x6c\
\x5f\x70\x6f\x72\x74\x73\0\x73\x79\x73\x63\x74\x6c\x5f\x74\x63\x70\x5f\x65\x63\
\x6e\0\x73\x79\x73\x63\x74\x6c\x5f\x74\x63\x70\x5f\x65\x63\x6e\x5f\x66\x61\x6c\
\x6c\x62\x61\x63\x6b\0\x73\x79\x73\x63\x74\x6c\x5f\x69\x70\x5f\x64\x65\x66\x61\
\x75\x6c\x74\x5f\x74\x74\x6c\0\x73\x79\x73\x63\x74\x6c\x5f\x69\x70\x5f\x6e\x6f\
\x5f\x70\x6d\x74\x75\x5f\x64\x69\x73\x63\0\x73\x79\x73\x63\x74\x6c\x5f\x69\x70\
\x5f\x66\x77\x64\x5f\x75\x70\x64\x61\x74\x65\x5f\x70\x72\x69\x6f\x72\x69\x74\
\x79\0\x73\x79\x73\x63\x74\x6c\x5f\x69\x70\x5f\x6e\x6f\x6e\x6c\x6f\x63\x61\x6c\
\x5f\x62\x69\x6e\x64\0\x73\x79\x73\x63\x74\x6c\x5f\x69\x70\x5f\x61\x75\x74\x6f\
\x62\x69\x6e\x64\x5f\x72\x65\x75\x73\x65\0\x73\x79\x73\x63\x74\x6c\x5f\x69\x70\
\x5f\x64\x79\x6e\x61\x64\x64\x72\0\x73\x79\x73\x63\x74\x6c\x5f\x72\x61\x77\x5f\
\x6c\x33\x6d\x64\x65\x76\x5f\x61\x63\x63\x65\x70\x74\0\x73\x79\x73\x63\x74\x6c\
\x5f\x75\x64\x70\x5f\x65\x61\x72\x6c\x79\x5f\x64\x65\x6d\x75\x78\0\x73\x79\x73\
\x63\x74\x6c\x5f\x6e\x65\x78\x74\x68\x6f\x70\x5f\x63\x6f\x6d\x70\x61\x74\x5f\
\x6d\x6f\x64\x65\0\x73\x79\x73\x63\x74\x6c\x5f\x66\x77\x6d\x61\x72\x6b\x5f\x72\
\x65\x66\x6c\x65\x63\x74\0\x73\x79\x73\x63\x74\x6c\x5f\x74\x63\x70\x5f\x66\x77\
\x6d\x61\x72\x6b\x5f\x61\x63\x63\x65\x70\x74\0\x73\x79\x73\x63\x74\x6c\x5f\x74\
\x63\x70\x5f\x6c\x33\x6d\x64\x65\x76\x5f\x61\x63\x63\x65\x70\x74\0\x73\x79\x73\
\x63\x74\x6c\x5f\x74\x63\x70\x5f\x6d\x74\x75\x5f\x70\x72\x6f\x62\x69\x6e\x67\0\
\x73\x79\x73\x63\x74\x6c\x5f\x74\x63\x70\x5f\x6d\x74\x75\x5f\x70\x72\x6f\x62\
\x65\x5f\x66\x6c\x6f\x6f\x72\0\x73\x79\x73\x63\x74\x6c\x5f\x74\x63\x70\x5f\x62\
\x61\x73\x65\x5f\x6d\x73\x73\0\x73\x79\x73\x63\x74\x6c\x5f\x74\x63\x70\x5f\x70\
\x72\x6f\x62\x65\x5f\x74\x68\x72\x65\x73\x68\x6f\x6c\x64\0\x73\x79\x73\x63\x74\
\x6c\x5f\x74\x63\x70\x5f\x70\x72\x6f\x62\x65\x5f\x69\x6e\x74\x65\x72\x76\x61\
\x6c\0\x73\x79\x73\x63\x74\x6c\x5f\x74\x63\x70\x5f\x6b\x65\x65\x70\x61\x6c\x69\
\x76\x65\x5f\x74\x69\x6d\x65\0\x73\x79\x73\x63\x74\x6c\x5f\x74\x63\x70\x5f\x6b\
\x65\x65\x70\x61\x6c\x69\x76\x65\x5f\x69\x6e\x74\x76\x6c\0\x73\x79\x73\x63\x74\
\x6c\x5f\x74\x63\x70\x5f\x6b\x65\x65\x70\x61\x6c\x69\x76\x65\x5f\x70\x72\x6f\
\x62\x65\x73\0\x73\x79\x73\x63\x74\x6c\x5f\x74\x63\x70\x5f\x73\x79\x6e\x5f\x72\
\x65\x74\x72\x69\x65\x73\0\x73\x79\x73\x63\x74\x6c\x5f\x74\x63\x70\x5f\x73\x79\
\x6e\x61\x63\x6b\x5f\x72\x65\x74\x72\x69\x65\x73\0\x73\x79\x73\x63\x74\x6c\x5f\
\x74\x63\x70\x5f\x73\x79\x6e\x63\x6f\x6f\x6b\x69\x65\x73\0\x73\x79\x73\x63\x74\
\x6c\x5f\x74\x63\x70\x5f\x6d\x69\x67\x72\x61\x74\x65\x5f\x72\x65\x71\0\x73\x79\
\x73\x63\x74\x6c\x5f\x74\x63\x70\x5f\x63\x6f\x6d\x70\x5f\x73\x61\x63\x6b\x5f\
\x6e\x72\0\x73\x79\x73\x63\x74\x6c\x5f\x74\x63\x70\x5f\x62\x61\x63\x6b\x6c\x6f\
\x67\x5f\x61\x63\x6b\x5f\x64\x65\x66\x65\x72\0\x73\x79\x73\x63\x74\x6c\x5f\x74\
\x63\x70\x5f\x70\x69\x6e\x67\x70\x6f\x6e\x67\x5f\x74\x68\x72\x65\x73\x68\0\x73\
\x79\x73\x63\x74\x6c\x5f\x74\x63\x70\x5f\x72\x65\x74\x72\x69\x65\x73\x31\0\x73\
\x79\x73\x63\x74\x6c\x5f\x74\x63\x70\x5f\x72\x65\x74\x72\x69\x65\x73\x32\0\x73\
\x79\x73\x63\x74\x6c\x5f\x74\x63\x70\x5f\x6f\x72\x70\x68\x61\x6e\x5f\x72\x65\
\x74\x72\x69\x65\x73\0\x73\x79\x73\x63\x74\x6c\x5f\x74\x63\x70\x5f\x74\x77\x5f\
\x72\x65\x75\x73\x65\0\x73\x79\x73\x63\x74\x6c\x5f\x74\x63\x70\x5f\x66\x69\x6e\
\x5f\x74\x69\x6d\x65\x6f\x75\x74\0\x73\x79\x73\x63\x74\x6c\x5f\x74\x63\x70\x5f\
\x73\x61\x63\x6b\0\x73\x79\x73\x63\x74\x6c\x5f\x74\x63\x70\x5f\x77\x69\x6e\x64\
\x6f\x77\x5f\x73\x63\x61\x6c\x69\x6e\x67\0\x73\x79\x73\x63\x74\x6c\x5f\x74\x63\
\x70\x5f\x74\x69\x6d\x65\x73\x74\x61\x6d\x70\x73\0\x73\x79\x73\x63\x74\x6c\x5f\
\x74\x63\x70\x5f\x72\x65\x63\x6f\x76\x65\x72\x79\0\x73\x79\x73\x63\x74\x6c\x5f\
\x74\x63\x70\x5f\x74\x68\x69\x6e\x5f\x6c\x69\x6e\x65\x61\x72\x5f\x74\x69\x6d\
\x65\x6f\x75\x74\x73\0\x73\x79\x73\x63\x74\x6c\x5f\x74\x63\x70\x5f\x73\x6c\x6f\
\x77\x5f\x73\x74\x61\x72\x74\x5f\x61\x66\x74\x65\x72\x5f\x69\x64\x6c\x65\0\x73\
\x79\x73\x63\x74\x6c\x5f\x74\x63\x70\x5f\x72\x65\x74\x72\x61\x6e\x73\x5f\x63\
\x6f\x6c\x6c\x61\x70\x73\x65\0\x73\x79\x73\x63\x74\x6c\x5f\x74\x63\x70\x5f\x73\
\x74\x64\x75\x72\x67\0\x73\x79\x73\x63\x74\x6c\x5f\x74\x63\x70\x5f\x72\x66\x63\
\x31\x33\x33\x37\0\x73\x79\x73\x63\x74\x6c\x5f\x74\x63\x70\x5f\x61\x62\x6f\x72\
\x74\x5f\x6f\x6e\x5f\x6f\x76\x65\x72\x66\x6c\x6f\x77\0\x73\x79\x73\x63\x74\x6c\
\x5f\x74\x63\x70\x5f\x66\x61\x63\x6b\0\x73\x79\x73\x63\x74\x6c\x5f\x74\x63\x70\
\x5f\x6d\x61\x78\x5f\x72\x65\x6f\x72\x64\x65\x72\x69\x6e\x67\0\x73\x79\x73\x63\
\x74\x6c\x5f\x74\x63\x70\x5f\x61\x64\x76\x5f\x77\x69\x6e\x5f\x73\x63\x61\x6c\
\x65\0\x73\x79\x73\x63\x74\x6c\x5f\x74\x63\x70\x5f\x64\x73\x61\x63\x6b\0\x73\
\x79\x73\x63\x74\x6c\x5f\x74\x63\x70\x5f\x61\x70\x70\x5f\x77\x69\x6e\0\x73\x79\
\x73\x63\x74\x6c\x5f\x74\x63\x70\x5f\x66\x72\x74\x6f\0\x73\x79\x73\x63\x74\x6c\
\x5f\x74\x63\x70\x5f\x6e\x6f\x6d\x65\x74\x72\x69\x63\x73\x5f\x73\x61\x76\x65\0\
\x73\x79\x73\x63\x74\x6c\x5f\x74\x63\x70\x5f\x6e\x6f\x5f\x73\x73\x74\x68\x72\
\x65\x73\x68\x5f\x6d\x65\x74\x72\x69\x63\x73\x5f\x73\x61\x76\x65\0\x73\x79\x73\
\x63\x74\x6c\x5f\x74\x63\x70\x5f\x77\x6f\x72\x6b\x61\x72\x6f\x75\x6e\x64\x5f\
\x73\x69\x67\x6e\x65\x64\x5f\x77\x69\x6e\x64\x6f\x77\x73\0\x73\x79\x73\x63\x74\
\x6c\x5f\x74\x63\x70\x5f\x63\x68\x61\x6c\x6c\x65\x6e\x67\x65\x5f\x61\x63\x6b\
\x5f\x6c\x69\x6d\x69\x74\0\x73\x79\x73\x63\x74\x6c\x5f\x74\x63\x70\x5f\x6d\x69\
\x6e\x5f\x74\x73\x6f\x5f\x73\x65\x67\x73\0\x73\x79\x73\x63\x74\x6c\x5f\x74\x63\
\x70\x5f\x72\x65\x66\x6c\x65\x63\x74\x5f\x74\x6f\x73\0\x73\x79\x73\x63\x74\x6c\
\x5f\x74\x63\x70\x5f\x69\x6e\x76\x61\x6c\x69\x64\x5f\x72\x61\x74\x65\x6c\x69\
\x6d\x69\x74\0\x73\x79\x73\x63\x74\x6c\x5f\x74\x63\x70\x5f\x70\x61\x63\x69\x6e\
\x67\x5f\x73\x73\x5f\x72\x61\x74\x69\x6f\0\x73\x79\x73\x63\x74\x6c\x5f\x74\x63\
\x70\x5f\x70\x61\x63\x69\x6e\x67\x5f\x63\x61\x5f\x72\x61\x74\x69\x6f\0\x73\x79\
\x73\x63\x74\x6c\x5f\x74\x63\x70\x5f\x63\x68\x69\x6c\x64\x5f\x65\x68\x61\x73\
\x68\x5f\x65\x6e\x74\x72\x69\x65\x73\0\x73\x79\x73\x63\x74\x6c\x5f\x74\x63\x70\
\x5f\x63\x6f\x6d\x70\x5f\x73\x61\x63\x6b\x5f\x64\x65\x6c\x61\x79\x5f\x6e\x73\0\
\x73\x79\x73\x63\x74\x6c\x5f\x74\x63\x70\x5f\x63\x6f\x6d\x70\x5f\x73\x61\x63\
\x6b\x5f\x73\x6c\x61\x63\x6b\x5f\x6e\x73\0\x73\x79\x73\x63\x74\x6c\x5f\x6d\x61\
\x78\x5f\x73\x79\x6e\x5f\x62\x61\x63\x6b\x6c\x6f\x67\0\x73\x79\x73\x63\x74\x6c\
\x5f\x74\x63\x70\x5f\x66\x61\x73\x74\x6f\x70\x65\x6e\0\x74\x63\x70\x5f\x63\x6f\
\x6e\x67\x65\x73\x74\x69\x6f\x6e\x5f\x63\x6f\x6e\x74\x72\x6f\x6c\0\x74\x63\x70\
\x5f\x66\x61\x73\x74\x6f\x70\x65\x6e\x5f\x63\x74\x78\0\x73\x79\x73\x63\x74\x6c\
\x5f\x74\x63\x70\x5f\x66\x61\x73\x74\x6f\x70\x65\x6e\x5f\x62\x6c\x61\x63\x6b\
\x68\x6f\x6c\x65\x5f\x74\x69\x6d\x65\x6f\x75\x74\0\x74\x66\x6f\x5f\x61\x63\x74\
\x69\x76\x65\x5f\x64\x69\x73\x61\x62\x6c\x65\x5f\x74\x69\x6d\x65\x73\0\x74\x66\
\x6f\x5f\x61\x63\x74\x69\x76\x65\x5f\x64\x69\x73\x61\x62\x6c\x65\x5f\x73\x74\
\x61\x6d\x70\0\x74\x63\x70\x5f\x63\x68\x61\x6c\x6c\x65\x6e\x67\x65\x5f\x74\x69\
\x6d\x65\x73\x74\x61\x6d\x70\0\x74\x63\x70\x5f\x63\x68\x61\x6c\x6c\x65\x6e\x67\
\x65\x5f\x63\x6f\x75\x6e\x74\0\x73\x79\x73\x63\x74\x6c\x5f\x74\x63\x70\x5f\x70\
\x6c\x62\x5f\x65\x6e\x61\x62\x6c\x65\x64\0\x73\x79\x73\x63\x74\x6c\x5f\x74\x63\
\x70\x5f\x70\x6c\x62\x5f\x69\x64\x6c\x65\x5f\x72\x65\x68\x61\x73\x68\x5f\x72\
\x6f\x75\x6e\x64\x73\0\x73\x79\x73\x63\x74\x6c\x5f\x74\x63\x70\x5f\x70\x6c\x62\
\x5f\x72\x65\x68\x61\x73\x68\x5f\x72\x6f\x75\x6e\x64\x73\0\x73\x79\x73\x63\x74\
\x6c\x5f\x74\x63\x70\x5f\x70\x6c\x62\x5f\x73\x75\x73\x70\x65\x6e\x64\x5f\x72\
\x74\x6f\x5f\x73\x65\x63\0\x73\x79\x73\x63\x74\x6c\x5f\x74\x63\x70\x5f\x70\x6c\
\x62\x5f\x63\x6f\x6e\x67\x5f\x74\x68\x72\x65\x73\x68\0\x73\x79\x73\x63\x74\x6c\
\x5f\x75\x64\x70\x5f\x77\x6d\x65\x6d\x5f\x6d\x69\x6e\0\x73\x79\x73\x63\x74\x6c\
\x5f\x75\x64\x70\x5f\x72\x6d\x65\x6d\x5f\x6d\x69\x6e\0\x73\x79\x73\x63\x74\x6c\
\x5f\x66\x69\x62\x5f\x6e\x6f\x74\x69\x66\x79\x5f\x6f\x6e\x5f\x66\x6c\x61\x67\
\x5f\x63\x68\x61\x6e\x67\x65\0\x73\x79\x73\x63\x74\x6c\x5f\x74\x63\x70\x5f\x73\
\x79\x6e\x5f\x6c\x69\x6e\x65\x61\x72\x5f\x74\x69\x6d\x65\x6f\x75\x74\x73\0\x73\
\x79\x73\x63\x74\x6c\x5f\x75\x64\x70\x5f\x6c\x33\x6d\x64\x65\x76\x5f\x61\x63\
\x63\x65\x70\x74\0\x73\x79\x73\x63\x74\x6c\x5f\x69\x67\x6d\x70\x5f\x6c\x6c\x6d\
\x5f\x72\x65\x70\x6f\x72\x74\x73\0\x73\x79\x73\x63\x74\x6c\x5f\x69\x67\x6d\x70\
\x5f\x6d\x61\x78\x5f\x6d\x65\x6d\x62\x65\x72\x73\x68\x69\x70\x73\0\x73\x79\x73\
\x63\x74\x6c\x5f\x69\x67\x6d\x70\x5f\x6d\x61\x78\x5f\x6d\x73\x66\0\x73\x79\x73\
\x63\x74\x6c\x5f\x69\x67\x6d\x70\x5f\x71\x72\x76\0\x70\x69\x6e\x67\x5f\x67\x72\
\x6f\x75\x70\x5f\x72\x61\x6e\x67\x65\0\x64\x65\x76\x5f\x61\x64\x64\x72\x5f\x67\
\x65\x6e\x69\x64\0\x73\x79\x73\x63\x74\x6c\x5f\x75\x64\x70\x5f\x63\x68\x69\x6c\
\x64\x5f\x68\x61\x73\x68\x5f\x65\x6e\x74\x72\x69\x65\x73\0\x73\x79\x73\x63\x74\
\x6c\x5f\x6c\x6f\x63\x61\x6c\x5f\x72\x65\x73\x65\x72\x76\x65\x64\x5f\x70\x6f\
\x72\x74\x73\0\x73\x79\x73\x63\x74\x6c\x5f\x69\x70\x5f\x70\x72\x6f\x74\x5f\x73\
\x6f\x63\x6b\0\x6d\x72\x5f\x74\x61\x62\x6c\x65\x73\0\x6d\x72\x5f\x72\x75\x6c\
\x65\x73\x5f\x6f\x70\x73\0\x73\x79\x73\x63\x74\x6c\x5f\x66\x69\x62\x5f\x6d\x75\
\x6c\x74\x69\x70\x61\x74\x68\x5f\x68\x61\x73\x68\x5f\x66\x69\x65\x6c\x64\x73\0\
\x73\x79\x73\x63\x74\x6c\x5f\x66\x69\x62\x5f\x6d\x75\x6c\x74\x69\x70\x61\x74\
\x68\x5f\x75\x73\x65\x5f\x6e\x65\x69\x67\x68\0\x73\x79\x73\x63\x74\x6c\x5f\x66\
\x69\x62\x5f\x6d\x75\x6c\x74\x69\x70\x61\x74\x68\x5f\x68\x61\x73\x68\x5f\x70\
\x6f\x6c\x69\x63\x79\0\x6e\x6f\x74\x69\x66\x69\x65\x72\x5f\x6f\x70\x73\0\x66\
\x69\x62\x5f\x73\x65\x71\0\x69\x70\x6d\x72\x5f\x6e\x6f\x74\x69\x66\x69\x65\x72\
\x5f\x6f\x70\x73\0\x69\x70\x6d\x72\x5f\x73\x65\x71\0\x72\x74\x5f\x67\x65\x6e\
\x69\x64\0\x69\x70\x5f\x69\x64\x5f\x6b\x65\x79\0\x69\x6e\x65\x74\x5f\x74\x69\
\x6d\x65\x77\x61\x69\x74\x5f\x64\x65\x61\x74\x68\x5f\x72\x6f\x77\0\x74\x77\x5f\
\x72\x65\x66\x63\x6f\x75\x6e\x74\0\x68\x61\x73\x68\x69\x6e\x66\x6f\0\x73\x79\
\x73\x63\x74\x6c\x5f\x6d\x61\x78\x5f\x74\x77\x5f\x62\x75\x63\x6b\x65\x74\x73\0\
\x62\x6f\x6f\x6c\0\x5f\x42\x6f\x6f\x6c\0\x6c\x6f\x63\x61\x6c\x5f\x70\x6f\x72\
\x74\x73\0\x72\x61\x6e\x67\x65\0\x77\x61\x72\x6e\x65\x64\0\x75\x6e\x73\x69\x67\
\x6e\x65\x64\x20\x6c\x6f\x6e\x67\0\x6c\x6f\x63\x6b\0\x73\x65\x71\x6c\x6f\x63\
\x6b\x5f\x74\0\x73\x65\x71\x63\x6f\x75\x6e\x74\0\x73\x65\x71\x63\x6f\x75\x6e\
\x74\x5f\x73\x70\x69\x6e\x6c\x6f\x63\x6b\x5f\x74\0\x73\x65\x71\x63\x6f\x75\x6e\
\x74\x5f\x73\x70\x69\x6e\x6c\x6f\x63\x6b\0\x73\x65\x71\x63\x6f\x75\x6e\x74\x5f\
\x74\0\x73\x65\x71\x75\x65\x6e\x63\x65\0\x6b\x67\x69\x64\x5f\x74\0\x67\x69\x64\
\x5f\x74\0\x5f\x5f\x6b\x65\x72\x6e\x65\x6c\x5f\x67\x69\x64\x33\x32\x5f\x74\0\
\x73\x69\x70\x68\x61\x73\x68\x5f\x6b\x65\x79\x5f\x74\0\x75\x36\x34\0\x6e\x65\
\x74\x6e\x73\x5f\x69\x70\x76\x36\0\x69\x70\x36\x5f\x64\x73\x74\x5f\x6f\x70\x73\
\0\x73\x79\x73\x63\x74\x6c\0\x66\x69\x62\x36\x5f\x6e\x75\x6c\x6c\x5f\x65\x6e\
\x74\x72\x79\0\x69\x70\x36\x5f\x6e\x75\x6c\x6c\x5f\x65\x6e\x74\x72\x79\0\x72\
\x74\x36\x5f\x73\x74\x61\x74\x73\0\x69\x70\x36\x5f\x66\x69\x62\x5f\x74\x69\x6d\
\x65\x72\0\x66\x69\x62\x36\x5f\x6d\x61\x69\x6e\x5f\x74\x62\x6c\0\x66\x69\x62\
\x36\x5f\x77\x61\x6c\x6b\x65\x72\x73\0\x66\x69\x62\x36\x5f\x77\x61\x6c\x6b\x65\
\x72\x5f\x6c\x6f\x63\x6b\0\x66\x69\x62\x36\x5f\x67\x63\x5f\x6c\x6f\x63\x6b\0\
\x69\x70\x36\x5f\x72\x74\x5f\x67\x63\x5f\x65\x78\x70\x69\x72\x65\0\x69\x70\x36\
\x5f\x72\x74\x5f\x6c\x61\x73\x74\x5f\x67\x63\0\x66\x6c\x6f\x77\x6c\x61\x62\x65\
\x6c\x5f\x68\x61\x73\x5f\x65\x78\x63\x6c\0\x66\x69\x62\x36\x5f\x68\x61\x73\x5f\
\x63\x75\x73\x74\x6f\x6d\x5f\x72\x75\x6c\x65\x73\0\x66\x69\x62\x36\x5f\x72\x75\
\x6c\x65\x73\x5f\x72\x65\x71\x75\x69\x72\x65\x5f\x66\x6c\x64\x69\x73\x73\x65\
\x63\x74\0\x66\x69\x62\x36\x5f\x72\x6f\x75\x74\x65\x73\x5f\x72\x65\x71\x75\x69\
\x72\x65\x5f\x73\x72\x63\0\x69\x70\x36\x5f\x70\x72\x6f\x68\x69\x62\x69\x74\x5f\
\x65\x6e\x74\x72\x79\0\x69\x70\x36\x5f\x62\x6c\x6b\x5f\x68\x6f\x6c\x65\x5f\x65\
\x6e\x74\x72\x79\0\x66\x69\x62\x36\x5f\x6c\x6f\x63\x61\x6c\x5f\x74\x62\x6c\0\
\x66\x69\x62\x36\x5f\x72\x75\x6c\x65\x73\x5f\x6f\x70\x73\0\x6e\x64\x69\x73\x63\
\x5f\x73\x6b\0\x74\x63\x70\x5f\x73\x6b\0\x69\x67\x6d\x70\x5f\x73\x6b\0\x69\x6e\
\x65\x74\x36\x5f\x61\x64\x64\x72\x5f\x6c\x73\x74\0\x61\x64\x64\x72\x63\x6f\x6e\
\x66\x5f\x68\x61\x73\x68\x5f\x6c\x6f\x63\x6b\0\x61\x64\x64\x72\x5f\x63\x68\x6b\
\x5f\x77\x6f\x72\x6b\0\x6d\x72\x36\x5f\x74\x61\x62\x6c\x65\x73\0\x6d\x72\x36\
\x5f\x72\x75\x6c\x65\x73\x5f\x6f\x70\x73\0\x66\x69\x62\x36\x5f\x73\x65\x72\x6e\
\x75\x6d\0\x73\x65\x67\x36\x5f\x64\x61\x74\x61\0\x69\x70\x36\x6d\x72\x5f\x6e\
\x6f\x74\x69\x66\x69\x65\x72\x5f\x6f\x70\x73\0\x69\x70\x36\x61\x64\x64\x72\x6c\
\x62\x6c\x5f\x74\x61\x62\x6c\x65\0\x69\x6f\x61\x6d\x36\x5f\x64\x61\x74\x61\0\
\x64\x73\x74\x5f\x6f\x70\x73\0\x67\x63\x5f\x74\x68\x72\x65\x73\x68\0\x67\x63\0\
\x63\x68\x65\x63\x6b\0\x64\x65\x66\x61\x75\x6c\x74\x5f\x61\x64\x76\x6d\x73\x73\
\0\x6d\x74\x75\0\x63\x6f\x77\x5f\x6d\x65\x74\x72\x69\x63\x73\0\x64\x65\x73\x74\
\x72\x6f\x79\0\x69\x66\x64\x6f\x77\x6e\0\x6e\x65\x67\x61\x74\x69\x76\x65\x5f\
\x61\x64\x76\x69\x63\x65\0\x6c\x69\x6e\x6b\x5f\x66\x61\x69\x6c\x75\x72\x65\0\
\x75\x70\x64\x61\x74\x65\x5f\x70\x6d\x74\x75\0\x72\x65\x64\x69\x72\x65\x63\x74\
\0\x6c\x6f\x63\x61\x6c\x5f\x6f\x75\x74\0\x6e\x65\x69\x67\x68\x5f\x6c\x6f\x6f\
\x6b\x75\x70\0\x63\x6f\x6e\x66\x69\x72\x6d\x5f\x6e\x65\x69\x67\x68\0\x6b\x6d\
\x65\x6d\x5f\x63\x61\x63\x68\x65\x70\0\x70\x63\x70\x75\x63\x5f\x65\x6e\x74\x72\
\x69\x65\x73\0\x64\x73\x74\x5f\x65\x6e\x74\x72\x79\0\x64\x65\x76\0\x5f\x6d\x65\
\x74\x72\x69\x63\x73\0\x65\x78\x70\x69\x72\x65\x73\0\x69\x6e\x70\x75\x74\0\x6f\
\x75\x74\x70\x75\x74\0\x66\x6c\x61\x67\x73\0\x6f\x62\x73\x6f\x6c\x65\x74\x65\0\
\x68\x65\x61\x64\x65\x72\x5f\x6c\x65\x6e\0\x74\x72\x61\x69\x6c\x65\x72\x5f\x6c\
\x65\x6e\0\x5f\x5f\x72\x63\x75\x72\x65\x66\0\x5f\x5f\x75\x73\x65\0\x6c\x61\x73\
\x74\x75\x73\x65\0\x65\x72\x72\x6f\x72\0\x5f\x5f\x70\x61\x64\0\x74\x63\x6c\x61\
\x73\x73\x69\x64\0\x64\x65\x76\x5f\x74\x72\x61\x63\x6b\x65\x72\0\x72\x74\x5f\
\x75\x6e\x63\x61\x63\x68\x65\x64\0\x72\x74\x5f\x75\x6e\x63\x61\x63\x68\x65\x64\
\x5f\x6c\x69\x73\x74\0\x6c\x77\x74\x73\x74\x61\x74\x65\0\x73\x6b\x5f\x62\x75\
\x66\x66\0\x63\x62\0\x5f\x6e\x66\x63\x74\0\x6c\x65\x6e\0\x64\x61\x74\x61\x5f\
\x6c\x65\x6e\0\x6d\x61\x63\x5f\x6c\x65\x6e\0\x68\x64\x72\x5f\x6c\x65\x6e\0\x71\
\x75\x65\x75\x65\x5f\x6d\x61\x70\x70\x69\x6e\x67\0\x5f\x5f\x63\x6c\x6f\x6e\x65\
\x64\x5f\x6f\x66\x66\x73\x65\x74\0\x63\x6c\x6f\x6e\x65\x64\0\x6e\x6f\x68\x64\
\x72\0\x66\x63\x6c\x6f\x6e\x65\0\x70\x65\x65\x6b\x65\x64\0\x68\x65\x61\x64\x5f\
\x66\x72\x61\x67\0\x70\x66\x6d\x65\x6d\x61\x6c\x6c\x6f\x63\0\x70\x70\x5f\x72\
\x65\x63\x79\x63\x6c\x65\0\x61\x63\x74\x69\x76\x65\x5f\x65\x78\x74\x65\x6e\x73\
\x69\x6f\x6e\x73\0\x65\x6e\x64\0\x64\x61\x74\x61\0\x74\x72\x75\x65\x73\x69\x7a\
\x65\0\x75\x73\x65\x72\x73\0\x65\x78\x74\x65\x6e\x73\x69\x6f\x6e\x73\0\x72\x62\
\x6e\x6f\x64\x65\0\x6c\x6c\x5f\x6e\x6f\x64\x65\0\x64\x65\x76\x5f\x73\x63\x72\
\x61\x74\x63\x68\0\x5f\x5f\x72\x62\x5f\x70\x61\x72\x65\x6e\x74\x5f\x63\x6f\x6c\
\x6f\x72\0\x72\x62\x5f\x72\x69\x67\x68\x74\0\x72\x62\x5f\x6c\x65\x66\x74\0\x74\
\x73\x74\x61\x6d\x70\0\x73\x6b\x62\x5f\x6d\x73\x74\x61\x6d\x70\x5f\x6e\x73\0\
\x6b\x74\x69\x6d\x65\x5f\x74\0\x63\x68\x61\x72\0\x74\x63\x70\x5f\x74\x73\x6f\
\x72\x74\x65\x64\x5f\x61\x6e\x63\x68\x6f\x72\0\x5f\x73\x6b\x5f\x72\x65\x64\x69\
\x72\0\x5f\x73\x6b\x62\x5f\x72\x65\x66\x64\x73\x74\0\x64\x65\x73\x74\x72\x75\
\x63\x74\x6f\x72\0\x5f\x5f\x70\x6b\x74\x5f\x74\x79\x70\x65\x5f\x6f\x66\x66\x73\
\x65\x74\0\x70\x6b\x74\x5f\x74\x79\x70\x65\0\x69\x67\x6e\x6f\x72\x65\x5f\x64\
\x66\0\x64\x73\x74\x5f\x70\x65\x6e\x64\x69\x6e\x67\x5f\x63\x6f\x6e\x66\x69\x72\
\x6d\0\x69\x70\x5f\x73\x75\x6d\x6d\x65\x64\0\x6f\x6f\x6f\x5f\x6f\x6b\x61\x79\0\
\x5f\x5f\x6d\x6f\x6e\x6f\x5f\x74\x63\x5f\x6f\x66\x66\x73\x65\x74\0\x74\x73\x74\
\x61\x6d\x70\x5f\x74\x79\x70\x65\0\x74\x63\x5f\x61\x74\x5f\x69\x6e\x67\x72\x65\
\x73\x73\0\x74\x63\x5f\x73\x6b\x69\x70\x5f\x63\x6c\x61\x73\x73\x69\x66\x79\0\
\x72\x65\x6d\x63\x73\x75\x6d\x5f\x6f\x66\x66\x6c\x6f\x61\x64\0\x63\x73\x75\x6d\
\x5f\x63\x6f\x6d\x70\x6c\x65\x74\x65\x5f\x73\x77\0\x63\x73\x75\x6d\x5f\x6c\x65\
\x76\x65\x6c\0\x69\x6e\x6e\x65\x72\x5f\x70\x72\x6f\x74\x6f\x63\x6f\x6c\x5f\x74\
\x79\x70\x65\0\x6c\x34\x5f\x68\x61\x73\x68\0\x73\x77\x5f\x68\x61\x73\x68\0\x77\
\x69\x66\x69\x5f\x61\x63\x6b\x65\x64\x5f\x76\x61\x6c\x69\x64\0\x77\x69\x66\x69\
\x5f\x61\x63\x6b\x65\x64\0\x6e\x6f\x5f\x66\x63\x73\0\x65\x6e\x63\x61\x70\x73\
\x75\x6c\x61\x74\x69\x6f\x6e\0\x65\x6e\x63\x61\x70\x5f\x68\x64\x72\x5f\x63\x73\
\x75\x6d\0\x63\x73\x75\x6d\x5f\x76\x61\x6c\x69\x64\0\x6e\x64\x69\x73\x63\x5f\
\x6e\x6f\x64\x65\x74\x79\x70\x65\0\x69\x70\x76\x73\x5f\x70\x72\x6f\x70\x65\x72\
\x74\x79\0\x6e\x66\x5f\x74\x72\x61\x63\x65\0\x6f\x66\x66\x6c\x6f\x61\x64\x5f\
\x66\x77\x64\x5f\x6d\x61\x72\x6b\0\x6f\x66\x66\x6c\x6f\x61\x64\x5f\x6c\x33\x5f\
\x66\x77\x64\x5f\x6d\x61\x72\x6b\0\x72\x65\x64\x69\x72\x65\x63\x74\x65\x64\0\
\x66\x72\x6f\x6d\x5f\x69\x6e\x67\x72\x65\x73\x73\0\x6e\x66\x5f\x73\x6b\x69\x70\
\x5f\x65\x67\x72\x65\x73\x73\0\x64\x65\x63\x72\x79\x70\x74\x65\x64\0\x73\x6c\
\x6f\x77\x5f\x67\x72\x6f\0\x63\x73\x75\x6d\x5f\x6e\x6f\x74\x5f\x69\x6e\x65\x74\
\0\x74\x63\x5f\x69\x6e\x64\x65\x78\0\x61\x6c\x6c\x6f\x63\x5f\x63\x70\x75\0\x70\
\x72\x69\x6f\x72\x69\x74\x79\0\x73\x6b\x62\x5f\x69\x69\x66\0\x68\x61\x73\x68\0\
\x73\x65\x63\x6d\x61\x72\x6b\0\x69\x6e\x6e\x65\x72\x5f\x74\x72\x61\x6e\x73\x70\
\x6f\x72\x74\x5f\x68\x65\x61\x64\x65\x72\0\x69\x6e\x6e\x65\x72\x5f\x6e\x65\x74\
\x77\x6f\x72\x6b\x5f\x68\x65\x61\x64\x65\x72\0\x69\x6e\x6e\x65\x72\x5f\x6d\x61\
\x63\x5f\x68\x65\x61\x64\x65\x72\0\x74\x72\x61\x6e\x73\x70\x6f\x72\x74\x5f\x68\
\x65\x61\x64\x65\x72\0\x6e\x65\x74\x77\x6f\x72\x6b\x5f\x68\x65\x61\x64\x65\x72\
\0\x6d\x61\x63\x5f\x68\x65\x61\x64\x65\x72\0\x63\x73\x75\x6d\0\x5f\x5f\x77\x73\
\x75\x6d\0\x63\x73\x75\x6d\x5f\x73\x74\x61\x72\x74\0\x63\x73\x75\x6d\x5f\x6f\
\x66\x66\x73\x65\x74\0\x76\x6c\x61\x6e\x5f\x61\x6c\x6c\0\x76\x6c\x61\x6e\x5f\
\x70\x72\x6f\x74\x6f\0\x76\x6c\x61\x6e\x5f\x74\x63\x69\0\x6e\x61\x70\x69\x5f\
\x69\x64\0\x73\x65\x6e\x64\x65\x72\x5f\x63\x70\x75\0\x6d\x61\x72\x6b\0\x72\x65\
\x73\x65\x72\x76\x65\x64\x5f\x74\x61\x69\x6c\x72\x6f\x6f\x6d\0\x69\x6e\x6e\x65\
\x72\x5f\x70\x72\x6f\x74\x6f\x63\x6f\x6c\0\x69\x6e\x6e\x65\x72\x5f\x69\x70\x70\
\x72\x6f\x74\x6f\0\x73\x6b\x5f\x62\x75\x66\x66\x5f\x64\x61\x74\x61\x5f\x74\0\
\x73\x68\x6f\x72\x74\0\x72\x63\x75\x72\x65\x66\x5f\x74\0\x72\x65\x66\x63\x6e\
\x74\0\x6e\x65\x74\x64\x65\x76\x69\x63\x65\x5f\x74\x72\x61\x63\x6b\x65\x72\0\
\x6e\x65\x74\x5f\x64\x65\x76\x69\x63\x65\0\x5f\x5f\x63\x61\x63\x68\x65\x6c\x69\
\x6e\x65\x5f\x67\x72\x6f\x75\x70\x5f\x62\x65\x67\x69\x6e\x5f\x5f\x6e\x65\x74\
\x5f\x64\x65\x76\x69\x63\x65\x5f\x72\x65\x61\x64\x5f\x74\x78\0\x70\x72\x69\x76\
\x5f\x66\x6c\x61\x67\x73\0\x6e\x65\x74\x64\x65\x76\x5f\x6f\x70\x73\0\x68\x65\
\x61\x64\x65\x72\x5f\x6f\x70\x73\0\x5f\x74\x78\0\x67\x73\x6f\x5f\x70\x61\x72\
\x74\x69\x61\x6c\x5f\x66\x65\x61\x74\x75\x72\x65\x73\0\x72\x65\x61\x6c\x5f\x6e\
\x75\x6d\x5f\x74\x78\x5f\x71\x75\x65\x75\x65\x73\0\x67\x73\x6f\x5f\x6d\x61\x78\
\x5f\x73\x69\x7a\x65\0\x67\x73\x6f\x5f\x69\x70\x76\x34\x5f\x6d\x61\x78\x5f\x73\
\x69\x7a\x65\0\x67\x73\x6f\x5f\x6d\x61\x78\x5f\x73\x65\x67\x73\0\x6e\x75\x6d\
\x5f\x74\x63\0\x6e\x65\x65\x64\x65\x64\x5f\x68\x65\x61\x64\x72\x6f\x6f\x6d\0\
\x74\x63\x5f\x74\x6f\x5f\x74\x78\x71\0\x78\x70\x73\x5f\x6d\x61\x70\x73\0\x6e\
\x66\x5f\x68\x6f\x6f\x6b\x73\x5f\x65\x67\x72\x65\x73\x73\0\x74\x63\x78\x5f\x65\
\x67\x72\x65\x73\x73\0\x5f\x5f\x63\x61\x63\x68\x65\x6c\x69\x6e\x65\x5f\x67\x72\
\x6f\x75\x70\x5f\x65\x6e\x64\x5f\x5f\x6e\x65\x74\x5f\x64\x65\x76\x69\x63\x65\
\x5f\x72\x65\x61\x64\x5f\x74\x78\0\x5f\x5f\x63\x61\x63\x68\x65\x6c\x69\x6e\x65\
\x5f\x67\x72\x6f\x75\x70\x5f\x62\x65\x67\x69\x6e\x5f\x5f\x6e\x65\x74\x5f\x64\
\x65\x76\x69\x63\x65\x5f\x72\x65\x61\x64\x5f\x74\x78\x72\x78\0\x68\x61\x72\x64\
\x5f\x68\x65\x61\x64\x65\x72\x5f\x6c\x65\x6e\0\x66\x65\x61\x74\x75\x72\x65\x73\
\0\x69\x70\x36\x5f\x70\x74\x72\0\x5f\x5f\x63\x61\x63\x68\x65\x6c\x69\x6e\x65\
\x5f\x67\x72\x6f\x75\x70\x5f\x65\x6e\x64\x5f\x5f\x6e\x65\x74\x5f\x64\x65\x76\
\x69\x63\x65\x5f\x72\x65\x61\x64\x5f\x74\x78\x72\x78\0\x5f\x5f\x63\x61\x63\x68\
\x65\x6c\x69\x6e\x65\x5f\x67\x72\x6f\x75\x70\x5f\x62\x65\x67\x69\x6e\x5f\x5f\
\x6e\x65\x74\x5f\x64\x65\x76\x69\x63\x65\x5f\x72\x65\x61\x64\x5f\x72\x78\0\x78\
\x64\x70\x5f\x70\x72\x6f\x67\0\x70\x74\x79\x70\x65\x5f\x73\x70\x65\x63\x69\x66\
\x69\x63\0\x72\x65\x61\x6c\x5f\x6e\x75\x6d\x5f\x72\x78\x5f\x71\x75\x65\x75\x65\
\x73\0\x5f\x72\x78\0\x67\x72\x6f\x5f\x66\x6c\x75\x73\x68\x5f\x74\x69\x6d\x65\
\x6f\x75\x74\0\x6e\x61\x70\x69\x5f\x64\x65\x66\x65\x72\x5f\x68\x61\x72\x64\x5f\
\x69\x72\x71\x73\0\x67\x72\x6f\x5f\x6d\x61\x78\x5f\x73\x69\x7a\x65\0\x67\x72\
\x6f\x5f\x69\x70\x76\x34\x5f\x6d\x61\x78\x5f\x73\x69\x7a\x65\0\x72\x78\x5f\x68\
\x61\x6e\x64\x6c\x65\x72\0\x72\x78\x5f\x68\x61\x6e\x64\x6c\x65\x72\x5f\x64\x61\
\x74\x61\0\x6e\x64\x5f\x6e\x65\x74\0\x6e\x70\x69\x6e\x66\x6f\0\x74\x63\x78\x5f\
\x69\x6e\x67\x72\x65\x73\x73\0\x5f\x5f\x63\x61\x63\x68\x65\x6c\x69\x6e\x65\x5f\
\x67\x72\x6f\x75\x70\x5f\x65\x6e\x64\x5f\x5f\x6e\x65\x74\x5f\x64\x65\x76\x69\
\x63\x65\x5f\x72\x65\x61\x64\x5f\x72\x78\0\x6e\x61\x6d\x65\0\x6e\x61\x6d\x65\
\x5f\x6e\x6f\x64\x65\0\x69\x66\x61\x6c\x69\x61\x73\0\x6d\x65\x6d\x5f\x65\x6e\
\x64\0\x6d\x65\x6d\x5f\x73\x74\x61\x72\x74\0\x62\x61\x73\x65\x5f\x61\x64\x64\
\x72\0\x64\x65\x76\x5f\x6c\x69\x73\x74\0\x6e\x61\x70\x69\x5f\x6c\x69\x73\x74\0\
\x75\x6e\x72\x65\x67\x5f\x6c\x69\x73\x74\0\x63\x6c\x6f\x73\x65\x5f\x6c\x69\x73\
\x74\0\x70\x74\x79\x70\x65\x5f\x61\x6c\x6c\0\x61\x64\x6a\x5f\x6c\x69\x73\x74\0\
\x78\x64\x70\x5f\x66\x65\x61\x74\x75\x72\x65\x73\0\x78\x64\x70\x5f\x6d\x65\x74\
\x61\x64\x61\x74\x61\x5f\x6f\x70\x73\0\x78\x73\x6b\x5f\x74\x78\x5f\x6d\x65\x74\
\x61\x64\x61\x74\x61\x5f\x6f\x70\x73\0\x67\x66\x6c\x61\x67\x73\0\x6e\x65\x65\
\x64\x65\x64\x5f\x74\x61\x69\x6c\x72\x6f\x6f\x6d\0\x68\x77\x5f\x66\x65\x61\x74\
\x75\x72\x65\x73\0\x77\x61\x6e\x74\x65\x64\x5f\x66\x65\x61\x74\x75\x72\x65\x73\
\0\x76\x6c\x61\x6e\x5f\x66\x65\x61\x74\x75\x72\x65\x73\0\x68\x77\x5f\x65\x6e\
\x63\x5f\x66\x65\x61\x74\x75\x72\x65\x73\0\x6d\x70\x6c\x73\x5f\x66\x65\x61\x74\
\x75\x72\x65\x73\0\x6d\x61\x6e\x67\x6c\x65\x69\x64\x5f\x66\x65\x61\x74\x75\x72\
\x65\x73\0\x6d\x69\x6e\x5f\x6d\x74\x75\0\x6d\x61\x78\x5f\x6d\x74\x75\0\x6d\x69\
\x6e\x5f\x68\x65\x61\x64\x65\x72\x5f\x6c\x65\x6e\0\x6e\x61\x6d\x65\x5f\x61\x73\
\x73\x69\x67\x6e\x5f\x74\x79\x70\x65\0\x67\x72\x6f\x75\x70\0\x73\x74\x61\x74\
\x73\0\x63\x6f\x72\x65\x5f\x73\x74\x61\x74\x73\0\x63\x61\x72\x72\x69\x65\x72\
\x5f\x75\x70\x5f\x63\x6f\x75\x6e\x74\0\x63\x61\x72\x72\x69\x65\x72\x5f\x64\x6f\
\x77\x6e\x5f\x63\x6f\x75\x6e\x74\0\x77\x69\x72\x65\x6c\x65\x73\x73\x5f\x68\x61\
\x6e\x64\x6c\x65\x72\x73\0\x77\x69\x72\x65\x6c\x65\x73\x73\x5f\x64\x61\x74\x61\
\0\x65\x74\x68\x74\x6f\x6f\x6c\x5f\x6f\x70\x73\0\x6c\x33\x6d\x64\x65\x76\x5f\
\x6f\x70\x73\0\x6e\x64\x69\x73\x63\x5f\x6f\x70\x73\0\x78\x66\x72\x6d\x64\x65\
\x76\x5f\x6f\x70\x73\0\x74\x6c\x73\x64\x65\x76\x5f\x6f\x70\x73\0\x6f\x70\x65\
\x72\x73\x74\x61\x74\x65\0\x6c\x69\x6e\x6b\x5f\x6d\x6f\x64\x65\0\x69\x66\x5f\
\x70\x6f\x72\x74\0\x64\x6d\x61\0\x70\x65\x72\x6d\x5f\x61\x64\x64\x72\0\x61\x64\
\x64\x72\x5f\x61\x73\x73\x69\x67\x6e\x5f\x74\x79\x70\x65\0\x61\x64\x64\x72\x5f\
\x6c\x65\x6e\0\x75\x70\x70\x65\x72\x5f\x6c\x65\x76\x65\x6c\0\x6c\x6f\x77\x65\
\x72\x5f\x6c\x65\x76\x65\x6c\0\x6e\x65\x69\x67\x68\x5f\x70\x72\x69\x76\x5f\x6c\
\x65\x6e\0\x64\x65\x76\x5f\x69\x64\0\x64\x65\x76\x5f\x70\x6f\x72\x74\0\x70\x61\
\x64\x64\x65\x64\0\x61\x64\x64\x72\x5f\x6c\x69\x73\x74\x5f\x6c\x6f\x63\x6b\0\
\x69\x72\x71\0\x75\x63\0\x6d\x63\0\x64\x65\x76\x5f\x61\x64\x64\x72\x73\0\x71\
\x75\x65\x75\x65\x73\x5f\x6b\x73\x65\x74\0\x70\x72\x6f\x6d\x69\x73\x63\x75\x69\
\x74\x79\0\x61\x6c\x6c\x6d\x75\x6c\x74\x69\0\x75\x63\x5f\x70\x72\x6f\x6d\x69\
\x73\x63\0\x69\x70\x5f\x70\x74\x72\0\x76\x6c\x61\x6e\x5f\x69\x6e\x66\x6f\0\x64\
\x73\x61\x5f\x70\x74\x72\0\x74\x69\x70\x63\x5f\x70\x74\x72\0\x61\x74\x61\x6c\
\x6b\x5f\x70\x74\x72\0\x61\x78\x32\x35\x5f\x70\x74\x72\0\x69\x65\x65\x65\x38\
\x30\x32\x31\x31\x5f\x70\x74\x72\0\x69\x65\x65\x65\x38\x30\x32\x31\x35\x34\x5f\
\x70\x74\x72\0\x6d\x70\x6c\x73\x5f\x70\x74\x72\0\x6d\x63\x74\x70\x5f\x70\x74\
\x72\0\x64\x65\x76\x5f\x61\x64\x64\x72\0\x6e\x75\x6d\x5f\x72\x78\x5f\x71\x75\
\x65\x75\x65\x73\0\x78\x64\x70\x5f\x7a\x63\x5f\x6d\x61\x78\x5f\x73\x65\x67\x73\
\0\x69\x6e\x67\x72\x65\x73\x73\x5f\x71\x75\x65\x75\x65\0\x6e\x66\x5f\x68\x6f\
\x6f\x6b\x73\x5f\x69\x6e\x67\x72\x65\x73\x73\0\x62\x72\x6f\x61\x64\x63\x61\x73\
\x74\0\x72\x78\x5f\x63\x70\x75\x5f\x72\x6d\x61\x70\0\x69\x6e\x64\x65\x78\x5f\
\x68\x6c\x69\x73\x74\0\x6e\x75\x6d\x5f\x74\x78\x5f\x71\x75\x65\x75\x65\x73\0\
\x71\x64\x69\x73\x63\0\x74\x78\x5f\x71\x75\x65\x75\x65\x5f\x6c\x65\x6e\0\x74\
\x78\x5f\x67\x6c\x6f\x62\x61\x6c\x5f\x6c\x6f\x63\x6b\0\x78\x64\x70\x5f\x62\x75\
\x6c\x6b\x71\0\x71\x64\x69\x73\x63\x5f\x68\x61\x73\x68\0\x77\x61\x74\x63\x68\
\x64\x6f\x67\x5f\x74\x69\x6d\x65\x72\0\x77\x61\x74\x63\x68\x64\x6f\x67\x5f\x74\
\x69\x6d\x65\x6f\0\x70\x72\x6f\x74\x6f\x5f\x64\x6f\x77\x6e\x5f\x72\x65\x61\x73\
\x6f\x6e\0\x74\x6f\x64\x6f\x5f\x6c\x69\x73\x74\0\x70\x63\x70\x75\x5f\x72\x65\
\x66\x63\x6e\x74\0\x6c\x69\x6e\x6b\x5f\x77\x61\x74\x63\x68\x5f\x6c\x69\x73\x74\
\0\x72\x65\x67\x5f\x73\x74\x61\x74\x65\0\x64\x69\x73\x6d\x61\x6e\x74\x6c\x65\0\
\x72\x74\x6e\x6c\x5f\x6c\x69\x6e\x6b\x5f\x73\x74\x61\x74\x65\0\x6e\x65\x65\x64\
\x73\x5f\x66\x72\x65\x65\x5f\x6e\x65\x74\x64\x65\x76\0\x70\x72\x69\x76\x5f\x64\
\x65\x73\x74\x72\x75\x63\x74\x6f\x72\0\x6d\x6c\x5f\x70\x72\x69\x76\0\x6d\x6c\
\x5f\x70\x72\x69\x76\x5f\x74\x79\x70\x65\0\x70\x63\x70\x75\x5f\x73\x74\x61\x74\
\x5f\x74\x79\x70\x65\0\x67\x61\x72\x70\x5f\x70\x6f\x72\x74\0\x6d\x72\x70\x5f\
\x70\x6f\x72\x74\0\x64\x6d\x5f\x70\x72\x69\x76\x61\x74\x65\0\x73\x79\x73\x66\
\x73\x5f\x67\x72\x6f\x75\x70\x73\0\x73\x79\x73\x66\x73\x5f\x72\x78\x5f\x71\x75\
\x65\x75\x65\x5f\x67\x72\x6f\x75\x70\0\x72\x74\x6e\x6c\x5f\x6c\x69\x6e\x6b\x5f\
\x6f\x70\x73\0\x74\x73\x6f\x5f\x6d\x61\x78\x5f\x73\x69\x7a\x65\0\x74\x73\x6f\
\x5f\x6d\x61\x78\x5f\x73\x65\x67\x73\0\x64\x63\x62\x6e\x6c\x5f\x6f\x70\x73\0\
\x70\x72\x69\x6f\x5f\x74\x63\x5f\x6d\x61\x70\0\x66\x63\x6f\x65\x5f\x64\x64\x70\
\x5f\x78\x69\x64\0\x70\x72\x69\x6f\x6d\x61\x70\0\x70\x68\x79\x64\x65\x76\0\x73\
\x66\x70\x5f\x62\x75\x73\0\x71\x64\x69\x73\x63\x5f\x74\x78\x5f\x62\x75\x73\x79\
\x6c\x6f\x63\x6b\0\x70\x72\x6f\x74\x6f\x5f\x64\x6f\x77\x6e\0\x77\x6f\x6c\x5f\
\x65\x6e\x61\x62\x6c\x65\x64\0\x74\x68\x72\x65\x61\x64\x65\x64\0\x6e\x65\x74\
\x5f\x6e\x6f\x74\x69\x66\x69\x65\x72\x5f\x6c\x69\x73\x74\0\x6d\x61\x63\x73\x65\
\x63\x5f\x6f\x70\x73\0\x75\x64\x70\x5f\x74\x75\x6e\x6e\x65\x6c\x5f\x6e\x69\x63\
\x5f\x69\x6e\x66\x6f\0\x75\x64\x70\x5f\x74\x75\x6e\x6e\x65\x6c\x5f\x6e\x69\x63\
\0\x78\x64\x70\x5f\x73\x74\x61\x74\x65\0\x64\x65\x76\x5f\x61\x64\x64\x72\x5f\
\x73\x68\x61\x64\x6f\x77\0\x6c\x69\x6e\x6b\x77\x61\x74\x63\x68\x5f\x64\x65\x76\
\x5f\x74\x72\x61\x63\x6b\x65\x72\0\x77\x61\x74\x63\x68\x64\x6f\x67\x5f\x64\x65\
\x76\x5f\x74\x72\x61\x63\x6b\x65\x72\0\x64\x65\x76\x5f\x72\x65\x67\x69\x73\x74\
\x65\x72\x65\x64\x5f\x74\x72\x61\x63\x6b\x65\x72\0\x6f\x66\x66\x6c\x6f\x61\x64\
\x5f\x78\x73\x74\x61\x74\x73\x5f\x6c\x33\0\x64\x65\x76\x6c\x69\x6e\x6b\x5f\x70\
\x6f\x72\x74\0\x64\x70\x6c\x6c\x5f\x70\x69\x6e\0\x70\x61\x67\x65\x5f\x70\x6f\
\x6f\x6c\x73\0\x6e\x65\x74\x64\x65\x76\x5f\x66\x65\x61\x74\x75\x72\x65\x73\x5f\
\x74\0\x73\x31\x36\0\x5f\x5f\x73\x31\x36\0\x6e\x65\x74\x64\x65\x76\x5f\x74\x63\
\x5f\x74\x78\x71\0\x6f\x66\x66\x73\x65\x74\0\x78\x70\x73\x5f\x64\x65\x76\x5f\
\x6d\x61\x70\x73\0\x6e\x72\x5f\x69\x64\x73\0\x61\x74\x74\x72\x5f\x6d\x61\x70\0\
\x78\x70\x73\x5f\x6d\x61\x70\0\x61\x6c\x6c\x6f\x63\x5f\x6c\x65\x6e\0\x71\x75\
\x65\x75\x65\x73\0\x6c\x73\x74\x61\x74\x73\0\x74\x73\x74\x61\x74\x73\0\x64\x73\
\x74\x61\x74\x73\0\x72\x78\x5f\x68\x61\x6e\x64\x6c\x65\x72\x5f\x66\x75\x6e\x63\
\x5f\x74\0\x72\x78\x5f\x68\x61\x6e\x64\x6c\x65\x72\x5f\x72\x65\x73\x75\x6c\x74\
\x5f\x74\0\x72\x78\x5f\x68\x61\x6e\x64\x6c\x65\x72\x5f\x72\x65\x73\x75\x6c\x74\
\0\x52\x58\x5f\x48\x41\x4e\x44\x4c\x45\x52\x5f\x43\x4f\x4e\x53\x55\x4d\x45\x44\
\0\x52\x58\x5f\x48\x41\x4e\x44\x4c\x45\x52\x5f\x41\x4e\x4f\x54\x48\x45\x52\0\
\x52\x58\x5f\x48\x41\x4e\x44\x4c\x45\x52\x5f\x45\x58\x41\x43\x54\0\x52\x58\x5f\
\x48\x41\x4e\x44\x4c\x45\x52\x5f\x50\x41\x53\x53\0\x70\x6f\x73\x73\x69\x62\x6c\
\x65\x5f\x6e\x65\x74\x5f\x74\0\x75\x70\x70\x65\x72\0\x6c\x6f\x77\x65\x72\0\x78\
\x64\x70\x5f\x66\x65\x61\x74\x75\x72\x65\x73\x5f\x74\0\x6e\x65\x74\x5f\x64\x65\
\x76\x69\x63\x65\x5f\x73\x74\x61\x74\x73\0\x72\x78\x5f\x70\x61\x63\x6b\x65\x74\
\x73\0\x5f\x5f\x72\x78\x5f\x70\x61\x63\x6b\x65\x74\x73\0\x74\x78\x5f\x70\x61\
\x63\x6b\x65\x74\x73\0\x5f\x5f\x74\x78\x5f\x70\x61\x63\x6b\x65\x74\x73\0\x72\
\x78\x5f\x62\x79\x74\x65\x73\0\x5f\x5f\x72\x78\x5f\x62\x79\x74\x65\x73\0\x74\
\x78\x5f\x62\x79\x74\x65\x73\0\x5f\x5f\x74\x78\x5f\x62\x79\x74\x65\x73\0\x72\
\x78\x5f\x65\x72\x72\x6f\x72\x73\0\x5f\x5f\x72\x78\x5f\x65\x72\x72\x6f\x72\x73\
\0\x74\x78\x5f\x65\x72\x72\x6f\x72\x73\0\x5f\x5f\x74\x78\x5f\x65\x72\x72\x6f\
\x72\x73\0\x72\x78\x5f\x64\x72\x6f\x70\x70\x65\x64\0\x5f\x5f\x72\x78\x5f\x64\
\x72\x6f\x70\x70\x65\x64\0\x74\x78\x5f\x64\x72\x6f\x70\x70\x65\x64\0\x5f\x5f\
\x74\x78\x5f\x64\x72\x6f\x70\x70\x65\x64\0\x6d\x75\x6c\x74\x69\x63\x61\x73\x74\
\0\x5f\x5f\x6d\x75\x6c\x74\x69\x63\x61\x73\x74\0\x63\x6f\x6c\x6c\x69\x73\x69\
\x6f\x6e\x73\0\x5f\x5f\x63\x6f\x6c\x6c\x69\x73\x69\x6f\x6e\x73\0\x72\x78\x5f\
\x6c\x65\x6e\x67\x74\x68\x5f\x65\x72\x72\x6f\x72\x73\0\x5f\x5f\x72\x78\x5f\x6c\
\x65\x6e\x67\x74\x68\x5f\x65\x72\x72\x6f\x72\x73\0\x72\x78\x5f\x6f\x76\x65\x72\
\x5f\x65\x72\x72\x6f\x72\x73\0\x5f\x5f\x72\x78\x5f\x6f\x76\x65\x72\x5f\x65\x72\
\x72\x6f\x72\x73\0\x72\x78\x5f\x63\x72\x63\x5f\x65\x72\x72\x6f\x72\x73\0\x5f\
\x5f\x72\x78\x5f\x63\x72\x63\x5f\x65\x72\x72\x6f\x72\x73\0\x72\x78\x5f\x66\x72\
\x61\x6d\x65\x5f\x65\x72\x72\x6f\x72\x73\0\x5f\x5f\x72\x78\x5f\x66\x72\x61\x6d\
\x65\x5f\x65\x72\x72\x6f\x72\x73\0\x72\x78\x5f\x66\x69\x66\x6f\x5f\x65\x72\x72\
\x6f\x72\x73\0\x5f\x5f\x72\x78\x5f\x66\x69\x66\x6f\x5f\x65\x72\x72\x6f\x72\x73\
\0\x72\x78\x5f\x6d\x69\x73\x73\x65\x64\x5f\x65\x72\x72\x6f\x72\x73\0\x5f\x5f\
\x72\x78\x5f\x6d\x69\x73\x73\x65\x64\x5f\x65\x72\x72\x6f\x72\x73\0\x74\x78\x5f\
\x61\x62\x6f\x72\x74\x65\x64\x5f\x65\x72\x72\x6f\x72\x73\0\x5f\x5f\x74\x78\x5f\
\x61\x62\x6f\x72\x74\x65\x64\x5f\x65\x72\x72\x6f\x72\x73\0\x74\x78\x5f\x63\x61\
\x72\x72\x69\x65\x72\x5f\x65\x72\x72\x6f\x72\x73\0\x5f\x5f\x74\x78\x5f\x63\x61\
\x72\x72\x69\x65\x72\x5f\x65\x72\x72\x6f\x72\x73\0\x74\x78\x5f\x66\x69\x66\x6f\
\x5f\x65\x72\x72\x6f\x72\x73\0\x5f\x5f\x74\x78\x5f\x66\x69\x66\x6f\x5f\x65\x72\
\x72\x6f\x72\x73\0\x74\x78\x5f\x68\x65\x61\x72\x74\x62\x65\x61\x74\x5f\x65\x72\
\x72\x6f\x72\x73\0\x5f\x5f\x74\x78\x5f\x68\x65\x61\x72\x74\x62\x65\x61\x74\x5f\
\x65\x72\x72\x6f\x72\x73\0\x74\x78\x5f\x77\x69\x6e\x64\x6f\x77\x5f\x65\x72\x72\
\x6f\x72\x73\0\x5f\x5f\x74\x78\x5f\x77\x69\x6e\x64\x6f\x77\x5f\x65\x72\x72\x6f\
\x72\x73\0\x72\x78\x5f\x63\x6f\x6d\x70\x72\x65\x73\x73\x65\x64\0\x5f\x5f\x72\
\x78\x5f\x63\x6f\x6d\x70\x72\x65\x73\x73\x65\x64\0\x74\x78\x5f\x63\x6f\x6d\x70\
\x72\x65\x73\x73\x65\x64\0\x5f\x5f\x74\x78\x5f\x63\x6f\x6d\x70\x72\x65\x73\x73\
\x65\x64\0\x6e\x65\x74\x64\x65\x76\x5f\x68\x77\x5f\x61\x64\x64\x72\x5f\x6c\x69\
\x73\x74\0\x74\x72\x65\x65\0\x74\x69\x70\x63\x5f\x62\x65\x61\x72\x65\x72\0\x6d\
\x70\x6c\x73\x5f\x64\x65\x76\0\x68\x6c\x69\x73\x74\x5f\x6e\x6f\x64\x65\0\x70\
\x70\x72\x65\x76\0\x74\x69\x6d\x65\x72\x5f\x6c\x69\x73\x74\0\x65\x6e\x74\x72\
\x79\0\x66\x75\x6e\x63\x74\x69\x6f\x6e\0\x4e\x45\x54\x52\x45\x47\x5f\x55\x4e\
\x49\x4e\x49\x54\x49\x41\x4c\x49\x5a\x45\x44\0\x4e\x45\x54\x52\x45\x47\x5f\x52\
\x45\x47\x49\x53\x54\x45\x52\x45\x44\0\x4e\x45\x54\x52\x45\x47\x5f\x55\x4e\x52\
\x45\x47\x49\x53\x54\x45\x52\x49\x4e\x47\0\x4e\x45\x54\x52\x45\x47\x5f\x55\x4e\
\x52\x45\x47\x49\x53\x54\x45\x52\x45\x44\0\x4e\x45\x54\x52\x45\x47\x5f\x52\x45\
\x4c\x45\x41\x53\x45\x44\0\x4e\x45\x54\x52\x45\x47\x5f\x44\x55\x4d\x4d\x59\0\
\x52\x54\x4e\x4c\x5f\x4c\x49\x4e\x4b\x5f\x49\x4e\x49\x54\x49\x41\x4c\x49\x5a\
\x45\x44\0\x52\x54\x4e\x4c\x5f\x4c\x49\x4e\x4b\x5f\x49\x4e\x49\x54\x49\x41\x4c\
\x49\x5a\x49\x4e\x47\0\x6e\x65\x74\x64\x65\x76\x5f\x6d\x6c\x5f\x70\x72\x69\x76\
\x5f\x74\x79\x70\x65\0\x4d\x4c\x5f\x50\x52\x49\x56\x5f\x4e\x4f\x4e\x45\0\x4d\
\x4c\x5f\x50\x52\x49\x56\x5f\x43\x41\x4e\0\x6e\x65\x74\x64\x65\x76\x5f\x73\x74\
\x61\x74\x5f\x74\x79\x70\x65\0\x4e\x45\x54\x44\x45\x56\x5f\x50\x43\x50\x55\x5f\
\x53\x54\x41\x54\x5f\x4e\x4f\x4e\x45\0\x4e\x45\x54\x44\x45\x56\x5f\x50\x43\x50\
\x55\x5f\x53\x54\x41\x54\x5f\x4c\x53\x54\x41\x54\x53\0\x4e\x45\x54\x44\x45\x56\
\x5f\x50\x43\x50\x55\x5f\x53\x54\x41\x54\x5f\x54\x53\x54\x41\x54\x53\0\x4e\x45\
\x54\x44\x45\x56\x5f\x50\x43\x50\x55\x5f\x53\x54\x41\x54\x5f\x44\x53\x54\x41\
\x54\x53\0\x64\x65\x76\x69\x63\x65\0\x6b\x6f\x62\x6a\0\x70\0\x69\x6e\x69\x74\
\x5f\x6e\x61\x6d\x65\0\x62\x75\x73\0\x64\x72\x69\x76\x65\x72\0\x70\x6c\x61\x74\
\x66\x6f\x72\x6d\x5f\x64\x61\x74\x61\0\x64\x72\x69\x76\x65\x72\x5f\x64\x61\x74\
\x61\0\x64\x72\x69\x76\x65\x72\x5f\x6f\x76\x65\x72\x72\x69\x64\x65\0\x6c\x69\
\x6e\x6b\x73\0\x70\x6f\x77\x65\x72\0\x70\x6d\x5f\x64\x6f\x6d\x61\x69\x6e\0\x65\
\x6d\x5f\x70\x64\0\x70\x69\x6e\x73\0\x6d\x73\x69\0\x64\x6d\x61\x5f\x6f\x70\x73\
\0\x64\x6d\x61\x5f\x6d\x61\x73\x6b\0\x63\x6f\x68\x65\x72\x65\x6e\x74\x5f\x64\
\x6d\x61\x5f\x6d\x61\x73\x6b\0\x62\x75\x73\x5f\x64\x6d\x61\x5f\x6c\x69\x6d\x69\
\x74\0\x64\x6d\x61\x5f\x72\x61\x6e\x67\x65\x5f\x6d\x61\x70\0\x64\x6d\x61\x5f\
\x70\x61\x72\x6d\x73\0\x64\x6d\x61\x5f\x70\x6f\x6f\x6c\x73\0\x64\x6d\x61\x5f\
\x69\x6f\x5f\x74\x6c\x62\x5f\x6d\x65\x6d\0\x64\x6d\x61\x5f\x69\x6f\x5f\x74\x6c\
\x62\x5f\x70\x6f\x6f\x6c\x73\0\x64\x6d\x61\x5f\x69\x6f\x5f\x74\x6c\x62\x5f\x6c\
\x6f\x63\x6b\0\x64\x6d\x61\x5f\x75\x73\x65\x73\x5f\x69\x6f\x5f\x74\x6c\x62\0\
\x61\x72\x63\x68\x64\x61\x74\x61\0\x6f\x66\x5f\x6e\x6f\x64\x65\0\x66\x77\x6e\
\x6f\x64\x65\0\x6e\x75\x6d\x61\x5f\x6e\x6f\x64\x65\0\x64\x65\x76\x74\0\x69\x64\
\0\x64\x65\x76\x72\x65\x73\x5f\x6c\x6f\x63\x6b\0\x64\x65\x76\x72\x65\x73\x5f\
\x68\x65\x61\x64\0\x63\x6c\x61\x73\x73\0\x67\x72\x6f\x75\x70\x73\0\x72\x65\x6c\
\x65\x61\x73\x65\0\x69\x6f\x6d\x6d\x75\x5f\x67\x72\x6f\x75\x70\0\x69\x6f\x6d\
\x6d\x75\0\x70\x68\x79\x73\x69\x63\x61\x6c\x5f\x6c\x6f\x63\x61\x74\x69\x6f\x6e\
\0\x72\x65\x6d\x6f\x76\x61\x62\x6c\x65\0\x6f\x66\x66\x6c\x69\x6e\x65\x5f\x64\
\x69\x73\x61\x62\x6c\x65\x64\0\x6f\x66\x66\x6c\x69\x6e\x65\0\x6f\x66\x5f\x6e\
\x6f\x64\x65\x5f\x72\x65\x75\x73\x65\x64\0\x73\x74\x61\x74\x65\x5f\x73\x79\x6e\
\x63\x65\x64\0\x63\x61\x6e\x5f\x6d\x61\x74\x63\x68\0\x6b\x6f\x62\x6a\x65\x63\
\x74\0\x6b\x73\x65\x74\0\x6b\x74\x79\x70\x65\0\x73\x64\0\x6b\x72\x65\x66\0\x73\
\x74\x61\x74\x65\x5f\x69\x6e\x69\x74\x69\x61\x6c\x69\x7a\x65\x64\0\x73\x74\x61\
\x74\x65\x5f\x69\x6e\x5f\x73\x79\x73\x66\x73\0\x73\x74\x61\x74\x65\x5f\x61\x64\
\x64\x5f\x75\x65\x76\x65\x6e\x74\x5f\x73\x65\x6e\x74\0\x73\x74\x61\x74\x65\x5f\
\x72\x65\x6d\x6f\x76\x65\x5f\x75\x65\x76\x65\x6e\x74\x5f\x73\x65\x6e\x74\0\x75\
\x65\x76\x65\x6e\x74\x5f\x73\x75\x70\x70\x72\x65\x73\x73\0\x72\x65\x66\x63\x6f\
\x75\x6e\x74\0\x64\x65\x76\x5f\x6c\x69\x6e\x6b\x73\x5f\x69\x6e\x66\x6f\0\x73\
\x75\x70\x70\x6c\x69\x65\x72\x73\0\x63\x6f\x6e\x73\x75\x6d\x65\x72\x73\0\x64\
\x65\x66\x65\x72\x5f\x73\x79\x6e\x63\0\x73\x74\x61\x74\x75\x73\0\x64\x6c\x5f\
\x64\x65\x76\x5f\x73\x74\x61\x74\x65\0\x44\x4c\x5f\x44\x45\x56\x5f\x4e\x4f\x5f\
\x44\x52\x49\x56\x45\x52\0\x44\x4c\x5f\x44\x45\x56\x5f\x50\x52\x4f\x42\x49\x4e\
\x47\0\x44\x4c\x5f\x44\x45\x56\x5f\x44\x52\x49\x56\x45\x52\x5f\x42\x4f\x55\x4e\
\x44\0\x44\x4c\x5f\x44\x45\x56\x5f\x55\x4e\x42\x49\x4e\x44\x49\x4e\x47\0\x64\
\x65\x76\x5f\x70\x6d\x5f\x69\x6e\x66\x6f\0\x70\x6f\x77\x65\x72\x5f\x73\x74\x61\
\x74\x65\0\x63\x61\x6e\x5f\x77\x61\x6b\x65\x75\x70\0\x61\x73\x79\x6e\x63\x5f\
\x73\x75\x73\x70\x65\x6e\x64\0\x69\x6e\x5f\x64\x70\x6d\x5f\x6c\x69\x73\x74\0\
\x69\x73\x5f\x70\x72\x65\x70\x61\x72\x65\x64\0\x69\x73\x5f\x73\x75\x73\x70\x65\
\x6e\x64\x65\x64\0\x69\x73\x5f\x6e\x6f\x69\x72\x71\x5f\x73\x75\x73\x70\x65\x6e\
\x64\x65\x64\0\x69\x73\x5f\x6c\x61\x74\x65\x5f\x73\x75\x73\x70\x65\x6e\x64\x65\
\x64\0\x6e\x6f\x5f\x70\x6d\0\x65\x61\x72\x6c\x79\x5f\x69\x6e\x69\x74\0\x64\x69\
\x72\x65\x63\x74\x5f\x63\x6f\x6d\x70\x6c\x65\x74\x65\0\x64\x72\x69\x76\x65\x72\
\x5f\x66\x6c\x61\x67\x73\0\x63\x6f\x6d\x70\x6c\x65\x74\x69\x6f\x6e\0\x77\x61\
\x6b\x65\x75\x70\0\x77\x61\x6b\x65\x75\x70\x5f\x70\x61\x74\x68\0\x73\x79\x73\
\x63\x6f\x72\x65\0\x6e\x6f\x5f\x70\x6d\x5f\x63\x61\x6c\x6c\x62\x61\x63\x6b\x73\
\0\x61\x73\x79\x6e\x63\x5f\x69\x6e\x5f\x70\x72\x6f\x67\x72\x65\x73\x73\0\x6d\
\x75\x73\x74\x5f\x72\x65\x73\x75\x6d\x65\0\x6d\x61\x79\x5f\x73\x6b\x69\x70\x5f\
\x72\x65\x73\x75\x6d\x65\0\x73\x75\x73\x70\x65\x6e\x64\x5f\x74\x69\x6d\x65\x72\
\0\x74\x69\x6d\x65\x72\x5f\x65\x78\x70\x69\x72\x65\x73\0\x77\x6f\x72\x6b\0\x77\
\x61\x69\x74\x5f\x71\x75\x65\x75\x65\0\x77\x61\x6b\x65\x69\x72\x71\0\x75\x73\
\x61\x67\x65\x5f\x63\x6f\x75\x6e\x74\0\x63\x68\x69\x6c\x64\x5f\x63\x6f\x75\x6e\
\x74\0\x64\x69\x73\x61\x62\x6c\x65\x5f\x64\x65\x70\x74\x68\0\x69\x64\x6c\x65\
\x5f\x6e\x6f\x74\x69\x66\x69\x63\x61\x74\x69\x6f\x6e\0\x72\x65\x71\x75\x65\x73\
\x74\x5f\x70\x65\x6e\x64\x69\x6e\x67\0\x64\x65\x66\x65\x72\x72\x65\x64\x5f\x72\
\x65\x73\x75\x6d\x65\0\x6e\x65\x65\x64\x73\x5f\x66\x6f\x72\x63\x65\x5f\x72\x65\
\x73\x75\x6d\x65\0\x72\x75\x6e\x74\x69\x6d\x65\x5f\x61\x75\x74\x6f\0\x69\x67\
\x6e\x6f\x72\x65\x5f\x63\x68\x69\x6c\x64\x72\x65\x6e\0\x6e\x6f\x5f\x63\x61\x6c\
\x6c\x62\x61\x63\x6b\x73\0\x69\x72\x71\x5f\x73\x61\x66\x65\0\x75\x73\x65\x5f\
\x61\x75\x74\x6f\x73\x75\x73\x70\x65\x6e\x64\0\x74\x69\x6d\x65\x72\x5f\x61\x75\
\x74\x6f\x73\x75\x73\x70\x65\x6e\x64\x73\0\x6d\x65\x6d\x61\x6c\x6c\x6f\x63\x5f\
\x6e\x6f\x69\x6f\0\x6c\x69\x6e\x6b\x73\x5f\x63\x6f\x75\x6e\x74\0\x72\x65\x71\
\x75\x65\x73\x74\0\x72\x75\x6e\x74\x69\x6d\x65\x5f\x73\x74\x61\x74\x75\x73\0\
\x6c\x61\x73\x74\x5f\x73\x74\x61\x74\x75\x73\0\x72\x75\x6e\x74\x69\x6d\x65\x5f\
\x65\x72\x72\x6f\x72\0\x61\x75\x74\x6f\x73\x75\x73\x70\x65\x6e\x64\x5f\x64\x65\
\x6c\x61\x79\0\x6c\x61\x73\x74\x5f\x62\x75\x73\x79\0\x61\x63\x74\x69\x76\x65\
\x5f\x74\x69\x6d\x65\0\x73\x75\x73\x70\x65\x6e\x64\x65\x64\x5f\x74\x69\x6d\x65\
\0\x61\x63\x63\x6f\x75\x6e\x74\x69\x6e\x67\x5f\x74\x69\x6d\x65\x73\x74\x61\x6d\
\x70\0\x73\x75\x62\x73\x79\x73\x5f\x64\x61\x74\x61\0\x73\x65\x74\x5f\x6c\x61\
\x74\x65\x6e\x63\x79\x5f\x74\x6f\x6c\x65\x72\x61\x6e\x63\x65\0\x71\x6f\x73\0\
\x70\x6d\x5f\x6d\x65\x73\x73\x61\x67\x65\x5f\x74\0\x70\x6d\x5f\x6d\x65\x73\x73\
\x61\x67\x65\0\x65\x76\x65\x6e\x74\0\x64\x6f\x6e\x65\0\x77\x61\x69\x74\0\x73\
\x77\x61\x69\x74\x5f\x71\x75\x65\x75\x65\x5f\x68\x65\x61\x64\0\x74\x61\x73\x6b\
\x5f\x6c\x69\x73\x74\0\x68\x72\x74\x69\x6d\x65\x72\0\x5f\x73\x6f\x66\x74\x65\
\x78\x70\x69\x72\x65\x73\0\x62\x61\x73\x65\0\x69\x73\x5f\x72\x65\x6c\0\x69\x73\
\x5f\x73\x6f\x66\x74\0\x69\x73\x5f\x68\x61\x72\x64\0\x74\x69\x6d\x65\x72\x71\
\x75\x65\x75\x65\x5f\x6e\x6f\x64\x65\0\x68\x72\x74\x69\x6d\x65\x72\x5f\x72\x65\
\x73\x74\x61\x72\x74\0\x48\x52\x54\x49\x4d\x45\x52\x5f\x4e\x4f\x52\x45\x53\x54\
\x41\x52\x54\0\x48\x52\x54\x49\x4d\x45\x52\x5f\x52\x45\x53\x54\x41\x52\x54\0\
\x77\x6f\x72\x6b\x5f\x73\x74\x72\x75\x63\x74\0\x77\x6f\x72\x6b\x5f\x66\x75\x6e\
\x63\x5f\x74\0\x77\x61\x69\x74\x5f\x71\x75\x65\x75\x65\x5f\x68\x65\x61\x64\x5f\
\x74\0\x77\x61\x69\x74\x5f\x71\x75\x65\x75\x65\x5f\x68\x65\x61\x64\0\x72\x70\
\x6d\x5f\x72\x65\x71\x75\x65\x73\x74\0\x52\x50\x4d\x5f\x52\x45\x51\x5f\x4e\x4f\
\x4e\x45\0\x52\x50\x4d\x5f\x52\x45\x51\x5f\x49\x44\x4c\x45\0\x52\x50\x4d\x5f\
\x52\x45\x51\x5f\x53\x55\x53\x50\x45\x4e\x44\0\x52\x50\x4d\x5f\x52\x45\x51\x5f\
\x41\x55\x54\x4f\x53\x55\x53\x50\x45\x4e\x44\0\x52\x50\x4d\x5f\x52\x45\x51\x5f\
\x52\x45\x53\x55\x4d\x45\0\x72\x70\x6d\x5f\x73\x74\x61\x74\x75\x73\0\x52\x50\
\x4d\x5f\x49\x4e\x56\x41\x4c\x49\x44\0\x52\x50\x4d\x5f\x41\x43\x54\x49\x56\x45\
\0\x52\x50\x4d\x5f\x52\x45\x53\x55\x4d\x49\x4e\x47\0\x52\x50\x4d\x5f\x53\x55\
\x53\x50\x45\x4e\x44\x45\x44\0\x52\x50\x4d\x5f\x53\x55\x53\x50\x45\x4e\x44\x49\
\x4e\x47\0\x73\x33\x32\0\x5f\x5f\x73\x33\x32\0\x64\x65\x76\x5f\x6d\x73\x69\x5f\
\x69\x6e\x66\x6f\0\x64\x6f\x6d\x61\x69\x6e\0\x64\x65\x76\x5f\x61\x72\x63\x68\
\x64\x61\x74\x61\0\x64\x65\x76\x5f\x74\0\x5f\x5f\x6b\x65\x72\x6e\x65\x6c\x5f\
\x64\x65\x76\x5f\x74\0\x64\x65\x76\x69\x63\x65\x5f\x72\x65\x6d\x6f\x76\x61\x62\
\x6c\x65\0\x44\x45\x56\x49\x43\x45\x5f\x52\x45\x4d\x4f\x56\x41\x42\x4c\x45\x5f\
\x4e\x4f\x54\x5f\x53\x55\x50\x50\x4f\x52\x54\x45\x44\0\x44\x45\x56\x49\x43\x45\
\x5f\x52\x45\x4d\x4f\x56\x41\x42\x4c\x45\x5f\x55\x4e\x4b\x4e\x4f\x57\x4e\0\x44\
\x45\x56\x49\x43\x45\x5f\x46\x49\x58\x45\x44\0\x44\x45\x56\x49\x43\x45\x5f\x52\
\x45\x4d\x4f\x56\x41\x42\x4c\x45\0\x61\x74\x74\x72\x69\x62\x75\x74\x65\x5f\x67\
\x72\x6f\x75\x70\0\x69\x73\x5f\x76\x69\x73\x69\x62\x6c\x65\0\x69\x73\x5f\x62\
\x69\x6e\x5f\x76\x69\x73\x69\x62\x6c\x65\0\x61\x74\x74\x72\x73\0\x62\x69\x6e\
\x5f\x61\x74\x74\x72\x73\0\x75\x6d\x6f\x64\x65\x5f\x74\0\x61\x74\x74\x72\x69\
\x62\x75\x74\x65\0\x6d\x6f\x64\x65\0\x62\x69\x6e\x5f\x61\x74\x74\x72\x69\x62\
\x75\x74\x65\0\x61\x74\x74\x72\0\x73\x69\x7a\x65\0\x70\x72\x69\x76\x61\x74\x65\
\0\x66\x5f\x6d\x61\x70\x70\x69\x6e\x67\0\x72\x65\x61\x64\0\x77\x72\x69\x74\x65\
\0\x6c\x6c\x73\x65\x65\x6b\0\x6d\x6d\x61\x70\0\x73\x69\x7a\x65\x5f\x74\0\x5f\
\x5f\x6b\x65\x72\x6e\x65\x6c\x5f\x73\x69\x7a\x65\x5f\x74\0\x5f\x5f\x6b\x65\x72\
\x6e\x65\x6c\x5f\x75\x6c\x6f\x6e\x67\x5f\x74\0\x61\x64\x64\x72\x65\x73\x73\x5f\
\x73\x70\x61\x63\x65\0\x68\x6f\x73\x74\0\x69\x5f\x70\x61\x67\x65\x73\0\x69\x6e\
\x76\x61\x6c\x69\x64\x61\x74\x65\x5f\x6c\x6f\x63\x6b\0\x67\x66\x70\x5f\x6d\x61\
\x73\x6b\0\x69\x5f\x6d\x6d\x61\x70\x5f\x77\x72\x69\x74\x61\x62\x6c\x65\0\x69\
\x5f\x6d\x6d\x61\x70\0\x6e\x72\x70\x61\x67\x65\x73\0\x77\x72\x69\x74\x65\x62\
\x61\x63\x6b\x5f\x69\x6e\x64\x65\x78\0\x61\x5f\x6f\x70\x73\0\x69\x5f\x6d\x6d\
\x61\x70\x5f\x72\x77\x73\x65\x6d\0\x77\x62\x5f\x65\x72\x72\0\x69\x5f\x70\x72\
\x69\x76\x61\x74\x65\x5f\x6c\x6f\x63\x6b\0\x69\x5f\x70\x72\x69\x76\x61\x74\x65\
\x5f\x6c\x69\x73\x74\0\x69\x5f\x70\x72\x69\x76\x61\x74\x65\x5f\x64\x61\x74\x61\
\0\x72\x62\x5f\x72\x6f\x6f\x74\x5f\x63\x61\x63\x68\x65\x64\0\x72\x62\x5f\x6c\
\x65\x66\x74\x6d\x6f\x73\x74\0\x65\x72\x72\x73\x65\x71\x5f\x74\0\x73\x73\x69\
\x7a\x65\x5f\x74\0\x5f\x5f\x6b\x65\x72\x6e\x65\x6c\x5f\x73\x73\x69\x7a\x65\x5f\
\x74\0\x5f\x5f\x6b\x65\x72\x6e\x65\x6c\x5f\x6c\x6f\x6e\x67\x5f\x74\0\x6c\x6f\
\x6e\x67\0\x66\x69\x6c\x65\0\x66\x5f\x6c\x6f\x63\x6b\0\x66\x5f\x6d\x6f\x64\x65\
\0\x66\x5f\x63\x6f\x75\x6e\x74\0\x66\x5f\x70\x6f\x73\x5f\x6c\x6f\x63\x6b\0\x66\
\x5f\x70\x6f\x73\0\x66\x5f\x66\x6c\x61\x67\x73\0\x66\x5f\x6f\x77\x6e\x65\x72\0\
\x66\x5f\x63\x72\x65\x64\0\x66\x5f\x72\x61\0\x66\x5f\x70\x61\x74\x68\0\x66\x5f\
\x69\x6e\x6f\x64\x65\0\x66\x5f\x6f\x70\0\x66\x5f\x76\x65\x72\x73\x69\x6f\x6e\0\
\x66\x5f\x73\x65\x63\x75\x72\x69\x74\x79\0\x70\x72\x69\x76\x61\x74\x65\x5f\x64\
\x61\x74\x61\0\x66\x5f\x65\x70\0\x66\x5f\x77\x62\x5f\x65\x72\x72\0\x66\x5f\x73\
\x62\x5f\x65\x72\x72\0\x66\x5f\x74\x61\x73\x6b\x5f\x77\x6f\x72\x6b\0\x66\x5f\
\x6c\x6c\x69\x73\x74\0\x66\x5f\x69\x6f\x63\x62\x5f\x66\x6c\x61\x67\x73\0\x66\
\x6d\x6f\x64\x65\x5f\x74\0\x6c\x6f\x66\x66\x5f\x74\0\x5f\x5f\x6b\x65\x72\x6e\
\x65\x6c\x5f\x6c\x6f\x66\x66\x5f\x74\0\x66\x6f\x77\x6e\x5f\x73\x74\x72\x75\x63\
\x74\0\x70\x69\x64\0\x70\x69\x64\x5f\x74\x79\x70\x65\0\x75\x69\x64\0\x65\x75\
\x69\x64\0\x73\x69\x67\x6e\x75\x6d\0\x72\x77\x6c\x6f\x63\x6b\x5f\x74\0\x61\x72\
\x63\x68\x5f\x72\x77\x6c\x6f\x63\x6b\x5f\x74\0\x71\x72\x77\x6c\x6f\x63\x6b\0\
\x63\x6e\x74\x73\0\x77\x6c\x6f\x63\x6b\x65\x64\0\x5f\x5f\x6c\x73\x74\x61\x74\
\x65\0\x50\x49\x44\x54\x59\x50\x45\x5f\x50\x49\x44\0\x50\x49\x44\x54\x59\x50\
\x45\x5f\x54\x47\x49\x44\0\x50\x49\x44\x54\x59\x50\x45\x5f\x50\x47\x49\x44\0\
\x50\x49\x44\x54\x59\x50\x45\x5f\x53\x49\x44\0\x50\x49\x44\x54\x59\x50\x45\x5f\
\x4d\x41\x58\0\x6b\x75\x69\x64\x5f\x74\0\x75\x69\x64\x5f\x74\0\x5f\x5f\x6b\x65\
\x72\x6e\x65\x6c\x5f\x75\x69\x64\x33\x32\x5f\x74\0\x66\x69\x6c\x65\x5f\x72\x61\
\x5f\x73\x74\x61\x74\x65\0\x73\x74\x61\x72\x74\0\x61\x73\x79\x6e\x63\x5f\x73\
\x69\x7a\x65\0\x72\x61\x5f\x70\x61\x67\x65\x73\0\x6d\x6d\x61\x70\x5f\x6d\x69\
\x73\x73\0\x70\x72\x65\x76\x5f\x70\x6f\x73\0\x70\x61\x74\x68\0\x6d\x6e\x74\0\
\x64\x65\x6e\x74\x72\x79\0\x76\x6d\x5f\x61\x72\x65\x61\x5f\x73\x74\x72\x75\x63\
\x74\0\x76\x6d\x5f\x6d\x6d\0\x76\x6d\x5f\x70\x61\x67\x65\x5f\x70\x72\x6f\x74\0\
\x76\x6d\x5f\x6c\x6f\x63\x6b\x5f\x73\x65\x71\0\x76\x6d\x5f\x6c\x6f\x63\x6b\0\
\x64\x65\x74\x61\x63\x68\x65\x64\0\x73\x68\x61\x72\x65\x64\0\x61\x6e\x6f\x6e\
\x5f\x76\x6d\x61\x5f\x63\x68\x61\x69\x6e\0\x61\x6e\x6f\x6e\x5f\x76\x6d\x61\0\
\x76\x6d\x5f\x6f\x70\x73\0\x76\x6d\x5f\x70\x67\x6f\x66\x66\0\x76\x6d\x5f\x66\
\x69\x6c\x65\0\x76\x6d\x5f\x70\x72\x69\x76\x61\x74\x65\x5f\x64\x61\x74\x61\0\
\x61\x6e\x6f\x6e\x5f\x6e\x61\x6d\x65\0\x73\x77\x61\x70\x5f\x72\x65\x61\x64\x61\
\x68\x65\x61\x64\x5f\x69\x6e\x66\x6f\0\x76\x6d\x5f\x70\x6f\x6c\x69\x63\x79\0\
\x6e\x75\x6d\x61\x62\x5f\x73\x74\x61\x74\x65\0\x76\x6d\x5f\x75\x73\x65\x72\x66\
\x61\x75\x6c\x74\x66\x64\x5f\x63\x74\x78\0\x76\x6d\x5f\x72\x63\x75\0\x76\x6d\
\x5f\x73\x74\x61\x72\x74\0\x76\x6d\x5f\x65\x6e\x64\0\x70\x67\x70\x72\x6f\x74\
\x5f\x74\0\x70\x67\x70\x72\x6f\x74\0\x70\x67\x70\x72\x6f\x74\x76\x61\x6c\x5f\
\x74\0\x76\x6d\x5f\x66\x6c\x61\x67\x73\0\x5f\x5f\x76\x6d\x5f\x66\x6c\x61\x67\
\x73\0\x76\x6d\x5f\x66\x6c\x61\x67\x73\x5f\x74\0\x72\x62\0\x72\x62\x5f\x73\x75\
\x62\x74\x72\x65\x65\x5f\x6c\x61\x73\x74\0\x62\x70\x66\x5f\x78\x64\x70\x5f\x65\
\x6e\x74\x69\x74\x79\0\x70\x72\x6f\x67\0\x6c\x69\x6e\x6b\0\x73\x6f\x63\x6b\0\
\x5f\x5f\x73\x6b\x5f\x63\x6f\x6d\x6d\x6f\x6e\0\x73\x6b\x5f\x72\x78\x5f\x64\x73\
\x74\0\x73\x6b\x5f\x72\x78\x5f\x64\x73\x74\x5f\x69\x66\x69\x6e\x64\x65\x78\0\
\x73\x6b\x5f\x72\x78\x5f\x64\x73\x74\x5f\x63\x6f\x6f\x6b\x69\x65\0\x73\x6b\x5f\
\x6c\x6f\x63\x6b\0\x73\x6b\x5f\x64\x72\x6f\x70\x73\0\x73\x6b\x5f\x72\x63\x76\
\x6c\x6f\x77\x61\x74\0\x73\x6b\x5f\x65\x72\x72\x6f\x72\x5f\x71\x75\x65\x75\x65\
\0\x73\x6b\x5f\x72\x65\x63\x65\x69\x76\x65\x5f\x71\x75\x65\x75\x65\0\x73\x6b\
\x5f\x62\x61\x63\x6b\x6c\x6f\x67\0\x73\x6b\x5f\x66\x6f\x72\x77\x61\x72\x64\x5f\
\x61\x6c\x6c\x6f\x63\0\x73\x6b\x5f\x72\x65\x73\x65\x72\x76\x65\x64\x5f\x6d\x65\
\x6d\0\x73\x6b\x5f\x6c\x6c\x5f\x75\x73\x65\x63\0\x73\x6b\x5f\x6e\x61\x70\x69\
\x5f\x69\x64\0\x73\x6b\x5f\x72\x63\x76\x62\x75\x66\0\x73\x6b\x5f\x64\x69\x73\
\x63\x6f\x6e\x6e\x65\x63\x74\x73\0\x73\x6b\x5f\x66\x69\x6c\x74\x65\x72\0\x73\
\x6b\x5f\x70\x6f\x6c\x69\x63\x79\0\x73\x6b\x5f\x64\x73\x74\x5f\x63\x61\x63\x68\
\x65\0\x73\x6b\x5f\x6f\x6d\x65\x6d\x5f\x61\x6c\x6c\x6f\x63\0\x73\x6b\x5f\x73\
\x6e\x64\x62\x75\x66\0\x73\x6b\x5f\x77\x6d\x65\x6d\x5f\x71\x75\x65\x75\x65\x64\
\0\x73\x6b\x5f\x77\x6d\x65\x6d\x5f\x61\x6c\x6c\x6f\x63\0\x73\x6b\x5f\x74\x73\
\x71\x5f\x66\x6c\x61\x67\x73\0\x73\x6b\x5f\x77\x72\x69\x74\x65\x5f\x71\x75\x65\
\x75\x65\0\x73\x6b\x5f\x70\x65\x65\x6b\x5f\x6f\x66\x66\0\x73\x6b\x5f\x77\x72\
\x69\x74\x65\x5f\x70\x65\x6e\x64\x69\x6e\x67\0\x73\x6b\x5f\x64\x73\x74\x5f\x70\
\x65\x6e\x64\x69\x6e\x67\x5f\x63\x6f\x6e\x66\x69\x72\x6d\0\x73\x6b\x5f\x70\x61\
\x63\x69\x6e\x67\x5f\x73\x74\x61\x74\x75\x73\0\x73\x6b\x5f\x73\x6e\x64\x74\x69\
\x6d\x65\x6f\0\x73\x6b\x5f\x74\x69\x6d\x65\x72\0\x73\x6b\x5f\x70\x72\x69\x6f\
\x72\x69\x74\x79\0\x73\x6b\x5f\x6d\x61\x72\x6b\0\x73\x6b\x5f\x70\x61\x63\x69\
\x6e\x67\x5f\x72\x61\x74\x65\0\x73\x6b\x5f\x6d\x61\x78\x5f\x70\x61\x63\x69\x6e\
\x67\x5f\x72\x61\x74\x65\0\x73\x6b\x5f\x66\x72\x61\x67\0\x73\x6b\x5f\x72\x6f\
\x75\x74\x65\x5f\x63\x61\x70\x73\0\x73\x6b\x5f\x67\x73\x6f\x5f\x74\x79\x70\x65\
\0\x73\x6b\x5f\x67\x73\x6f\x5f\x6d\x61\x78\x5f\x73\x69\x7a\x65\0\x73\x6b\x5f\
\x61\x6c\x6c\x6f\x63\x61\x74\x69\x6f\x6e\0\x73\x6b\x5f\x74\x78\x68\x61\x73\x68\
\0\x73\x6b\x5f\x67\x73\x6f\x5f\x64\x69\x73\x61\x62\x6c\x65\x64\0\x73\x6b\x5f\
\x6b\x65\x72\x6e\x5f\x73\x6f\x63\x6b\0\x73\x6b\x5f\x6e\x6f\x5f\x63\x68\x65\x63\
\x6b\x5f\x74\x78\0\x73\x6b\x5f\x6e\x6f\x5f\x63\x68\x65\x63\x6b\x5f\x72\x78\0\
\x73\x6b\x5f\x75\x73\x65\x72\x6c\x6f\x63\x6b\x73\0\x73\x6b\x5f\x70\x61\x63\x69\
\x6e\x67\x5f\x73\x68\x69\x66\x74\0\x73\x6b\x5f\x74\x79\x70\x65\0\x73\x6b\x5f\
\x70\x72\x6f\x74\x6f\x63\x6f\x6c\0\x73\x6b\x5f\x67\x73\x6f\x5f\x6d\x61\x78\x5f\
\x73\x65\x67\x73\0\x73\x6b\x5f\x6c\x69\x6e\x67\x65\x72\x74\x69\x6d\x65\0\x73\
\x6b\x5f\x70\x72\x6f\x74\x5f\x63\x72\x65\x61\x74\x6f\x72\0\x73\x6b\x5f\x63\x61\
\x6c\x6c\x62\x61\x63\x6b\x5f\x6c\x6f\x63\x6b\0\x73\x6b\x5f\x65\x72\x72\0\x73\
\x6b\x5f\x65\x72\x72\x5f\x73\x6f\x66\x74\0\x73\x6b\x5f\x61\x63\x6b\x5f\x62\x61\
\x63\x6b\x6c\x6f\x67\0\x73\x6b\x5f\x6d\x61\x78\x5f\x61\x63\x6b\x5f\x62\x61\x63\
\x6b\x6c\x6f\x67\0\x73\x6b\x5f\x75\x69\x64\0\x73\x6b\x5f\x74\x78\x72\x65\x68\
\x61\x73\x68\0\x73\x6b\x5f\x70\x72\x65\x66\x65\x72\x5f\x62\x75\x73\x79\x5f\x70\
\x6f\x6c\x6c\0\x73\x6b\x5f\x62\x75\x73\x79\x5f\x70\x6f\x6c\x6c\x5f\x62\x75\x64\
\x67\x65\x74\0\x73\x6b\x5f\x70\x65\x65\x72\x5f\x6c\x6f\x63\x6b\0\x73\x6b\x5f\
\x62\x69\x6e\x64\x5f\x70\x68\x63\0\x73\x6b\x5f\x70\x65\x65\x72\x5f\x70\x69\x64\
\0\x73\x6b\x5f\x70\x65\x65\x72\x5f\x63\x72\x65\x64\0\x73\x6b\x5f\x72\x63\x76\
\x74\x69\x6d\x65\x6f\0\x73\x6b\x5f\x73\x74\x61\x6d\x70\0\x73\x6b\x5f\x74\x73\
\x6b\x65\x79\0\x73\x6b\x5f\x7a\x63\x6b\x65\x79\0\x73\x6b\x5f\x74\x73\x66\x6c\
\x61\x67\x73\0\x73\x6b\x5f\x73\x68\x75\x74\x64\x6f\x77\x6e\0\x73\x6b\x5f\x63\
\x6c\x6f\x63\x6b\x69\x64\0\x73\x6b\x5f\x74\x78\x74\x69\x6d\x65\x5f\x64\x65\x61\
\x64\x6c\x69\x6e\x65\x5f\x6d\x6f\x64\x65\0\x73\x6b\x5f\x74\x78\x74\x69\x6d\x65\
\x5f\x72\x65\x70\x6f\x72\x74\x5f\x65\x72\x72\x6f\x72\x73\0\x73\x6b\x5f\x74\x78\
\x74\x69\x6d\x65\x5f\x75\x6e\x75\x73\x65\x64\0\x73\x6b\x5f\x75\x73\x65\x5f\x74\
\x61\x73\x6b\x5f\x66\x72\x61\x67\0\x73\x6b\x5f\x73\x6f\x63\x6b\x65\x74\0\x73\
\x6b\x5f\x75\x73\x65\x72\x5f\x64\x61\x74\x61\0\x73\x6b\x5f\x73\x65\x63\x75\x72\
\x69\x74\x79\0\x73\x6b\x5f\x63\x67\x72\x70\x5f\x64\x61\x74\x61\0\x73\x6b\x5f\
\x6d\x65\x6d\x63\x67\0\x73\x6b\x5f\x73\x74\x61\x74\x65\x5f\x63\x68\x61\x6e\x67\
\x65\0\x73\x6b\x5f\x64\x61\x74\x61\x5f\x72\x65\x61\x64\x79\0\x73\x6b\x5f\x77\
\x72\x69\x74\x65\x5f\x73\x70\x61\x63\x65\0\x73\x6b\x5f\x65\x72\x72\x6f\x72\x5f\
\x72\x65\x70\x6f\x72\x74\0\x73\x6b\x5f\x62\x61\x63\x6b\x6c\x6f\x67\x5f\x72\x63\
\x76\0\x73\x6b\x5f\x76\x61\x6c\x69\x64\x61\x74\x65\x5f\x78\x6d\x69\x74\x5f\x73\
\x6b\x62\0\x73\x6b\x5f\x64\x65\x73\x74\x72\x75\x63\x74\0\x73\x6b\x5f\x72\x65\
\x75\x73\x65\x70\x6f\x72\x74\x5f\x63\x62\0\x73\x6b\x5f\x62\x70\x66\x5f\x73\x74\
\x6f\x72\x61\x67\x65\0\x73\x6b\x5f\x72\x63\x75\0\x6e\x73\x5f\x74\x72\x61\x63\
\x6b\x65\x72\0\x73\x6f\x63\x6b\x5f\x63\x6f\x6d\x6d\x6f\x6e\0\x73\x6b\x63\x5f\
\x66\x61\x6d\x69\x6c\x79\0\x73\x6b\x63\x5f\x73\x74\x61\x74\x65\0\x73\x6b\x63\
\x5f\x72\x65\x75\x73\x65\0\x73\x6b\x63\x5f\x72\x65\x75\x73\x65\x70\x6f\x72\x74\
\0\x73\x6b\x63\x5f\x69\x70\x76\x36\x6f\x6e\x6c\x79\0\x73\x6b\x63\x5f\x6e\x65\
\x74\x5f\x72\x65\x66\x63\x6e\x74\0\x73\x6b\x63\x5f\x62\x6f\x75\x6e\x64\x5f\x64\
\x65\x76\x5f\x69\x66\0\x73\x6b\x63\x5f\x70\x72\x6f\x74\0\x73\x6b\x63\x5f\x6e\
\x65\x74\0\x73\x6b\x63\x5f\x76\x36\x5f\x64\x61\x64\x64\x72\0\x73\x6b\x63\x5f\
\x76\x36\x5f\x72\x63\x76\x5f\x73\x61\x64\x64\x72\0\x73\x6b\x63\x5f\x63\x6f\x6f\
\x6b\x69\x65\0\x73\x6b\x63\x5f\x64\x6f\x6e\x74\x63\x6f\x70\x79\x5f\x62\x65\x67\
\x69\x6e\0\x73\x6b\x63\x5f\x74\x78\x5f\x71\x75\x65\x75\x65\x5f\x6d\x61\x70\x70\
\x69\x6e\x67\0\x73\x6b\x63\x5f\x72\x78\x5f\x71\x75\x65\x75\x65\x5f\x6d\x61\x70\
\x70\x69\x6e\x67\0\x73\x6b\x63\x5f\x72\x65\x66\x63\x6e\x74\0\x73\x6b\x63\x5f\
\x64\x6f\x6e\x74\x63\x6f\x70\x79\x5f\x65\x6e\x64\0\x73\x6b\x63\x5f\x61\x64\x64\
\x72\x70\x61\x69\x72\0\x5f\x5f\x61\x64\x64\x72\x70\x61\x69\x72\0\x73\x6b\x63\
\x5f\x64\x61\x64\x64\x72\0\x73\x6b\x63\x5f\x72\x63\x76\x5f\x73\x61\x64\x64\x72\
\0\x73\x6b\x63\x5f\x68\x61\x73\x68\0\x73\x6b\x63\x5f\x75\x31\x36\x68\x61\x73\
\x68\x65\x73\0\x73\x6b\x63\x5f\x70\x6f\x72\x74\x70\x61\x69\x72\0\x5f\x5f\x70\
\x6f\x72\x74\x70\x61\x69\x72\0\x73\x6b\x63\x5f\x64\x70\x6f\x72\x74\0\x73\x6b\
\x63\x5f\x6e\x75\x6d\0\x73\x6b\x63\x5f\x62\x69\x6e\x64\x5f\x6e\x6f\x64\x65\0\
\x73\x6b\x63\x5f\x70\x6f\x72\x74\x61\x64\x64\x72\x5f\x6e\x6f\x64\x65\0\x69\x6e\
\x36\x5f\x61\x64\x64\x72\0\x69\x6e\x36\x5f\x75\0\x75\x36\x5f\x61\x64\x64\x72\
\x38\0\x75\x36\x5f\x61\x64\x64\x72\x31\x36\0\x75\x36\x5f\x61\x64\x64\x72\x33\
\x32\0\x73\x6b\x63\x5f\x66\x6c\x61\x67\x73\0\x73\x6b\x63\x5f\x6c\x69\x73\x74\
\x65\x6e\x65\x72\0\x73\x6b\x63\x5f\x74\x77\x5f\x64\x72\0\x73\x6b\x63\x5f\x6e\
\x6f\x64\x65\0\x73\x6b\x63\x5f\x6e\x75\x6c\x6c\x73\x5f\x6e\x6f\x64\x65\0\x68\
\x6c\x69\x73\x74\x5f\x6e\x75\x6c\x6c\x73\x5f\x6e\x6f\x64\x65\0\x73\x6b\x63\x5f\
\x69\x6e\x63\x6f\x6d\x69\x6e\x67\x5f\x63\x70\x75\0\x73\x6b\x63\x5f\x72\x63\x76\
\x5f\x77\x6e\x64\0\x73\x6b\x63\x5f\x74\x77\x5f\x72\x63\x76\x5f\x6e\x78\x74\0\
\x73\x6b\x63\x5f\x72\x78\x68\x61\x73\x68\0\x73\x6b\x63\x5f\x77\x69\x6e\x64\x6f\
\x77\x5f\x63\x6c\x61\x6d\x70\0\x73\x6b\x63\x5f\x74\x77\x5f\x73\x6e\x64\x5f\x6e\
\x78\x74\0\x73\x6f\x63\x6b\x65\x74\x5f\x6c\x6f\x63\x6b\x5f\x74\0\x73\x6c\x6f\
\x63\x6b\0\x6f\x77\x6e\x65\x64\0\x77\x71\0\x73\x6b\x5f\x62\x75\x66\x66\x5f\x68\
\x65\x61\x64\0\x71\x6c\x65\x6e\0\x73\x6b\x5f\x62\x75\x66\x66\x5f\x6c\x69\x73\
\x74\0\x72\x6d\x65\x6d\x5f\x61\x6c\x6c\x6f\x63\0\x73\x6b\x5f\x77\x71\0\x73\x6b\
\x5f\x77\x71\x5f\x72\x61\x77\0\x78\x66\x72\x6d\x5f\x70\x6f\x6c\x69\x63\x79\0\
\x78\x70\x5f\x6e\x65\x74\0\x62\x79\x64\x73\x74\0\x62\x79\x69\x64\x78\0\x73\x74\
\x61\x74\x65\x5f\x63\x61\x63\x68\x65\x5f\x6c\x69\x73\x74\0\x70\x6f\x73\0\x74\
\x69\x6d\x65\x72\0\x67\x65\x6e\x69\x64\0\x69\x6e\x64\x65\x78\0\x69\x66\x5f\x69\
\x64\0\x73\x65\x6c\x65\x63\x74\x6f\x72\0\x6c\x66\x74\0\x63\x75\x72\x6c\x66\x74\
\0\x77\x61\x6c\x6b\0\x70\x6f\x6c\x71\0\x62\x79\x64\x73\x74\x5f\x72\x65\x69\x6e\
\x73\x65\x72\x74\0\x61\x63\x74\x69\x6f\x6e\0\x78\x66\x72\x6d\x5f\x6e\x72\0\x73\
\x65\x63\x75\x72\x69\x74\x79\0\x78\x66\x72\x6d\x5f\x76\x65\x63\0\x62\x79\x64\
\x73\x74\x5f\x69\x6e\x65\x78\x61\x63\x74\x5f\x6c\x69\x73\x74\0\x78\x64\x6f\0\
\x78\x66\x72\x6d\x5f\x6d\x61\x72\x6b\0\x76\0\x6d\0\x78\x66\x72\x6d\x5f\x73\x65\
\x6c\x65\x63\x74\x6f\x72\0\x64\x61\x64\x64\x72\0\x73\x61\x64\x64\x72\0\x64\x70\
\x6f\x72\x74\x5f\x6d\x61\x73\x6b\0\x73\x70\x6f\x72\x74\x5f\x6d\x61\x73\x6b\0\
\x70\x72\x65\x66\x69\x78\x6c\x65\x6e\x5f\x64\0\x70\x72\x65\x66\x69\x78\x6c\x65\
\x6e\x5f\x73\0\x70\x72\x6f\x74\x6f\0\x75\x73\x65\x72\0\x78\x66\x72\x6d\x5f\x61\
\x64\x64\x72\x65\x73\x73\x5f\x74\0\x61\x34\0\x61\x36\0\x69\x6e\x36\0\x78\x66\
\x72\x6d\x5f\x6c\x69\x66\x65\x74\x69\x6d\x65\x5f\x63\x66\x67\0\x73\x6f\x66\x74\
\x5f\x62\x79\x74\x65\x5f\x6c\x69\x6d\x69\x74\0\x68\x61\x72\x64\x5f\x62\x79\x74\
\x65\x5f\x6c\x69\x6d\x69\x74\0\x73\x6f\x66\x74\x5f\x70\x61\x63\x6b\x65\x74\x5f\
\x6c\x69\x6d\x69\x74\0\x68\x61\x72\x64\x5f\x70\x61\x63\x6b\x65\x74\x5f\x6c\x69\
\x6d\x69\x74\0\x73\x6f\x66\x74\x5f\x61\x64\x64\x5f\x65\x78\x70\x69\x72\x65\x73\
\x5f\x73\x65\x63\x6f\x6e\x64\x73\0\x68\x61\x72\x64\x5f\x61\x64\x64\x5f\x65\x78\
\x70\x69\x72\x65\x73\x5f\x73\x65\x63\x6f\x6e\x64\x73\0\x73\x6f\x66\x74\x5f\x75\
\x73\x65\x5f\x65\x78\x70\x69\x72\x65\x73\x5f\x73\x65\x63\x6f\x6e\x64\x73\0\x68\
\x61\x72\x64\x5f\x75\x73\x65\x5f\x65\x78\x70\x69\x72\x65\x73\x5f\x73\x65\x63\
\x6f\x6e\x64\x73\0\x78\x66\x72\x6d\x5f\x6c\x69\x66\x65\x74\x69\x6d\x65\x5f\x63\
\x75\x72\0\x62\x79\x74\x65\x73\0\x70\x61\x63\x6b\x65\x74\x73\0\x61\x64\x64\x5f\
\x74\x69\x6d\x65\0\x75\x73\x65\x5f\x74\x69\x6d\x65\0\x78\x66\x72\x6d\x5f\x70\
\x6f\x6c\x69\x63\x79\x5f\x77\x61\x6c\x6b\x5f\x65\x6e\x74\x72\x79\0\x61\x6c\x6c\
\0\x64\x65\x61\x64\0\x78\x66\x72\x6d\x5f\x70\x6f\x6c\x69\x63\x79\x5f\x71\x75\
\x65\x75\x65\0\x68\x6f\x6c\x64\x5f\x71\x75\x65\x75\x65\0\x68\x6f\x6c\x64\x5f\
\x74\x69\x6d\x65\x72\0\x74\x69\x6d\x65\x6f\x75\x74\0\x78\x66\x72\x6d\x5f\x74\
\x6d\x70\x6c\0\x65\x6e\x63\x61\x70\x5f\x66\x61\x6d\x69\x6c\x79\0\x72\x65\x71\
\x69\x64\0\x73\x68\x61\x72\x65\0\x6f\x70\x74\x69\x6f\x6e\x61\x6c\0\x61\x6c\x6c\
\x61\x6c\x67\x73\0\x61\x61\x6c\x67\x6f\x73\0\x65\x61\x6c\x67\x6f\x73\0\x63\x61\
\x6c\x67\x6f\x73\0\x78\x66\x72\x6d\x5f\x69\x64\0\x73\x70\x69\0\x78\x66\x72\x6d\
\x5f\x64\x65\x76\x5f\x6f\x66\x66\x6c\x6f\x61\x64\0\x72\x65\x61\x6c\x5f\x64\x65\
\x76\0\x6f\x66\x66\x6c\x6f\x61\x64\x5f\x68\x61\x6e\x64\x6c\x65\0\x73\x6b\x5f\
\x73\x65\x6e\x64\x5f\x68\x65\x61\x64\0\x74\x63\x70\x5f\x72\x74\x78\x5f\x71\x75\
\x65\x75\x65\0\x70\x61\x67\x65\x5f\x66\x72\x61\x67\0\x70\x61\x67\x65\0\x63\x72\
\x65\x64\0\x75\x73\x61\x67\x65\0\x67\x69\x64\0\x73\x75\x69\x64\0\x73\x67\x69\
\x64\0\x65\x67\x69\x64\0\x66\x73\x75\x69\x64\0\x66\x73\x67\x69\x64\0\x73\x65\
\x63\x75\x72\x65\x62\x69\x74\x73\0\x63\x61\x70\x5f\x69\x6e\x68\x65\x72\x69\x74\
\x61\x62\x6c\x65\0\x63\x61\x70\x5f\x70\x65\x72\x6d\x69\x74\x74\x65\x64\0\x63\
\x61\x70\x5f\x65\x66\x66\x65\x63\x74\x69\x76\x65\0\x63\x61\x70\x5f\x62\x73\x65\
\x74\0\x63\x61\x70\x5f\x61\x6d\x62\x69\x65\x6e\x74\0\x6a\x69\x74\x5f\x6b\x65\
\x79\x72\x69\x6e\x67\0\x73\x65\x73\x73\x69\x6f\x6e\x5f\x6b\x65\x79\x72\x69\x6e\
\x67\0\x70\x72\x6f\x63\x65\x73\x73\x5f\x6b\x65\x79\x72\x69\x6e\x67\0\x74\x68\
\x72\x65\x61\x64\x5f\x6b\x65\x79\x72\x69\x6e\x67\0\x72\x65\x71\x75\x65\x73\x74\
\x5f\x6b\x65\x79\x5f\x61\x75\x74\x68\0\x67\x72\x6f\x75\x70\x5f\x69\x6e\x66\x6f\
\0\x6b\x65\x72\x6e\x65\x6c\x5f\x63\x61\x70\x5f\x74\0\x6e\x6f\x6e\x5f\x72\x63\
\x75\0\x73\x6f\x63\x6b\x5f\x63\x67\x72\x6f\x75\x70\x5f\x64\x61\x74\x61\0\x63\
\x67\x72\x6f\x75\x70\0\x63\x6c\x61\x73\x73\x69\x64\0\x70\x72\x69\x6f\x69\x64\
\x78\0\x6e\x65\x74\x6e\x73\x5f\x74\x72\x61\x63\x6b\x65\x72\0\x6e\x65\x69\x67\
\x68\x62\x6f\x75\x72\0\x74\x62\x6c\0\x70\x61\x72\x6d\x73\0\x63\x6f\x6e\x66\x69\
\x72\x6d\x65\x64\0\x75\x70\x64\x61\x74\x65\x64\0\x61\x72\x70\x5f\x71\x75\x65\
\x75\x65\x5f\x6c\x65\x6e\x5f\x62\x79\x74\x65\x73\0\x61\x72\x70\x5f\x71\x75\x65\
\x75\x65\0\x70\x72\x6f\x62\x65\x73\0\x6e\x75\x64\x5f\x73\x74\x61\x74\x65\0\x68\
\x61\x5f\x6c\x6f\x63\x6b\0\x68\x61\0\x68\x68\0\x67\x63\x5f\x6c\x69\x73\x74\0\
\x6d\x61\x6e\x61\x67\x65\x64\x5f\x6c\x69\x73\x74\0\x70\x72\x69\x6d\x61\x72\x79\
\x5f\x6b\x65\x79\0\x68\x68\x5f\x63\x61\x63\x68\x65\0\x68\x68\x5f\x6c\x65\x6e\0\
\x68\x68\x5f\x6c\x6f\x63\x6b\0\x68\x68\x5f\x64\x61\x74\x61\0\x70\x65\x72\x63\
\x70\x75\x5f\x63\x6f\x75\x6e\x74\x65\x72\0\x63\x6f\x75\x6e\x74\x65\x72\x73\0\
\x6e\x65\x74\x6e\x73\x5f\x73\x79\x73\x63\x74\x6c\x5f\x69\x70\x76\x36\0\x68\x64\
\x72\0\x69\x63\x6d\x70\x5f\x68\x64\x72\0\x78\x66\x72\x6d\x36\x5f\x68\x64\x72\0\
\x66\x6c\x75\x73\x68\x5f\x64\x65\x6c\x61\x79\0\x69\x70\x36\x5f\x72\x74\x5f\x6d\
\x61\x78\x5f\x73\x69\x7a\x65\0\x69\x70\x36\x5f\x72\x74\x5f\x67\x63\x5f\x6d\x69\
\x6e\x5f\x69\x6e\x74\x65\x72\x76\x61\x6c\0\x69\x70\x36\x5f\x72\x74\x5f\x67\x63\
\x5f\x74\x69\x6d\x65\x6f\x75\x74\0\x69\x70\x36\x5f\x72\x74\x5f\x67\x63\x5f\x69\
\x6e\x74\x65\x72\x76\x61\x6c\0\x69\x70\x36\x5f\x72\x74\x5f\x67\x63\x5f\x65\x6c\
\x61\x73\x74\x69\x63\x69\x74\x79\0\x69\x70\x36\x5f\x72\x74\x5f\x6d\x74\x75\x5f\
\x65\x78\x70\x69\x72\x65\x73\0\x69\x70\x36\x5f\x72\x74\x5f\x6d\x69\x6e\x5f\x61\
\x64\x76\x6d\x73\x73\0\x6d\x75\x6c\x74\x69\x70\x61\x74\x68\x5f\x68\x61\x73\x68\
\x5f\x66\x69\x65\x6c\x64\x73\0\x6d\x75\x6c\x74\x69\x70\x61\x74\x68\x5f\x68\x61\
\x73\x68\x5f\x70\x6f\x6c\x69\x63\x79\0\x62\x69\x6e\x64\x76\x36\x6f\x6e\x6c\x79\
\0\x66\x6c\x6f\x77\x6c\x61\x62\x65\x6c\x5f\x63\x6f\x6e\x73\x69\x73\x74\x65\x6e\
\x63\x79\0\x61\x75\x74\x6f\x5f\x66\x6c\x6f\x77\x6c\x61\x62\x65\x6c\x73\0\x69\
\x63\x6d\x70\x76\x36\x5f\x74\x69\x6d\x65\0\x69\x63\x6d\x70\x76\x36\x5f\x65\x63\
\x68\x6f\x5f\x69\x67\x6e\x6f\x72\x65\x5f\x61\x6c\x6c\0\x69\x63\x6d\x70\x76\x36\
\x5f\x65\x63\x68\x6f\x5f\x69\x67\x6e\x6f\x72\x65\x5f\x6d\x75\x6c\x74\x69\x63\
\x61\x73\x74\0\x69\x63\x6d\x70\x76\x36\x5f\x65\x63\x68\x6f\x5f\x69\x67\x6e\x6f\
\x72\x65\x5f\x61\x6e\x79\x63\x61\x73\x74\0\x69\x63\x6d\x70\x76\x36\x5f\x72\x61\
\x74\x65\x6d\x61\x73\x6b\0\x69\x63\x6d\x70\x76\x36\x5f\x72\x61\x74\x65\x6d\x61\
\x73\x6b\x5f\x70\x74\x72\0\x61\x6e\x79\x63\x61\x73\x74\x5f\x73\x72\x63\x5f\x65\
\x63\x68\x6f\x5f\x72\x65\x70\x6c\x79\0\x69\x70\x5f\x6e\x6f\x6e\x6c\x6f\x63\x61\
\x6c\x5f\x62\x69\x6e\x64\0\x66\x77\x6d\x61\x72\x6b\x5f\x72\x65\x66\x6c\x65\x63\
\x74\0\x66\x6c\x6f\x77\x6c\x61\x62\x65\x6c\x5f\x73\x74\x61\x74\x65\x5f\x72\x61\
\x6e\x67\x65\x73\0\x69\x64\x67\x65\x6e\x5f\x72\x65\x74\x72\x69\x65\x73\0\x69\
\x64\x67\x65\x6e\x5f\x64\x65\x6c\x61\x79\0\x66\x6c\x6f\x77\x6c\x61\x62\x65\x6c\
\x5f\x72\x65\x66\x6c\x65\x63\x74\0\x6d\x61\x78\x5f\x64\x73\x74\x5f\x6f\x70\x74\
\x73\x5f\x63\x6e\x74\0\x6d\x61\x78\x5f\x68\x62\x68\x5f\x6f\x70\x74\x73\x5f\x63\
\x6e\x74\0\x6d\x61\x78\x5f\x64\x73\x74\x5f\x6f\x70\x74\x73\x5f\x6c\x65\x6e\0\
\x6d\x61\x78\x5f\x68\x62\x68\x5f\x6f\x70\x74\x73\x5f\x6c\x65\x6e\0\x73\x65\x67\
\x36\x5f\x66\x6c\x6f\x77\x6c\x61\x62\x65\x6c\0\x69\x6f\x61\x6d\x36\x5f\x69\x64\
\0\x69\x6f\x61\x6d\x36\x5f\x69\x64\x5f\x77\x69\x64\x65\0\x73\x6b\x69\x70\x5f\
\x6e\x6f\x74\x69\x66\x79\x5f\x6f\x6e\x5f\x64\x65\x76\x5f\x64\x6f\x77\x6e\0\x66\
\x69\x62\x5f\x6e\x6f\x74\x69\x66\x79\x5f\x6f\x6e\x5f\x66\x6c\x61\x67\x5f\x63\
\x68\x61\x6e\x67\x65\0\x69\x63\x6d\x70\x76\x36\x5f\x65\x72\x72\x6f\x72\x5f\x61\
\x6e\x79\x63\x61\x73\x74\x5f\x61\x73\x5f\x75\x6e\x69\x63\x61\x73\x74\0\x64\x65\
\x6c\x61\x79\x65\x64\x5f\x77\x6f\x72\x6b\0\x63\x70\x75\0\x6e\x65\x74\x6e\x73\
\x5f\x69\x65\x65\x65\x38\x30\x32\x31\x35\x34\x5f\x6c\x6f\x77\x70\x61\x6e\0\x6e\
\x65\x74\x6e\x73\x5f\x73\x79\x73\x63\x74\x6c\x5f\x6c\x6f\x77\x70\x61\x6e\0\x6e\
\x65\x74\x6e\x73\x5f\x73\x63\x74\x70\0\x73\x63\x74\x70\x5f\x73\x74\x61\x74\x69\
\x73\x74\x69\x63\x73\0\x70\x72\x6f\x63\x5f\x6e\x65\x74\x5f\x73\x63\x74\x70\0\
\x73\x79\x73\x63\x74\x6c\x5f\x68\x65\x61\x64\x65\x72\0\x63\x74\x6c\x5f\x73\x6f\
\x63\x6b\0\x75\x64\x70\x34\x5f\x73\x6f\x63\x6b\0\x75\x64\x70\x36\x5f\x73\x6f\
\x63\x6b\0\x75\x64\x70\x5f\x70\x6f\x72\x74\0\x65\x6e\x63\x61\x70\x5f\x70\x6f\
\x72\x74\0\x6c\x6f\x63\x61\x6c\x5f\x61\x64\x64\x72\x5f\x6c\x69\x73\x74\0\x61\
\x64\x64\x72\x5f\x77\x61\x69\x74\x71\0\x61\x64\x64\x72\x5f\x77\x71\x5f\x74\x69\
\x6d\x65\x72\0\x61\x75\x74\x6f\x5f\x61\x73\x63\x6f\x6e\x66\x5f\x73\x70\x6c\x69\
\x73\x74\0\x61\x64\x64\x72\x5f\x77\x71\x5f\x6c\x6f\x63\x6b\0\x6c\x6f\x63\x61\
\x6c\x5f\x61\x64\x64\x72\x5f\x6c\x6f\x63\x6b\0\x72\x74\x6f\x5f\x69\x6e\x69\x74\
\x69\x61\x6c\0\x72\x74\x6f\x5f\x6d\x69\x6e\0\x72\x74\x6f\x5f\x6d\x61\x78\0\x72\
\x74\x6f\x5f\x61\x6c\x70\x68\x61\0\x72\x74\x6f\x5f\x62\x65\x74\x61\0\x6d\x61\
\x78\x5f\x62\x75\x72\x73\x74\0\x63\x6f\x6f\x6b\x69\x65\x5f\x70\x72\x65\x73\x65\
\x72\x76\x65\x5f\x65\x6e\x61\x62\x6c\x65\0\x73\x63\x74\x70\x5f\x68\x6d\x61\x63\
\x5f\x61\x6c\x67\0\x76\x61\x6c\x69\x64\x5f\x63\x6f\x6f\x6b\x69\x65\x5f\x6c\x69\
\x66\x65\0\x73\x61\x63\x6b\x5f\x74\x69\x6d\x65\x6f\x75\x74\0\x68\x62\x5f\x69\
\x6e\x74\x65\x72\x76\x61\x6c\0\x70\x72\x6f\x62\x65\x5f\x69\x6e\x74\x65\x72\x76\
\x61\x6c\0\x6d\x61\x78\x5f\x72\x65\x74\x72\x61\x6e\x73\x5f\x61\x73\x73\x6f\x63\
\x69\x61\x74\x69\x6f\x6e\0\x6d\x61\x78\x5f\x72\x65\x74\x72\x61\x6e\x73\x5f\x70\
\x61\x74\x68\0\x6d\x61\x78\x5f\x72\x65\x74\x72\x61\x6e\x73\x5f\x69\x6e\x69\x74\
\0\x70\x66\x5f\x72\x65\x74\x72\x61\x6e\x73\0\x70\x73\x5f\x72\x65\x74\x72\x61\
\x6e\x73\0\x70\x66\x5f\x65\x6e\x61\x62\x6c\x65\0\x70\x66\x5f\x65\x78\x70\x6f\
\x73\x65\0\x73\x6e\x64\x62\x75\x66\x5f\x70\x6f\x6c\x69\x63\x79\0\x72\x63\x76\
\x62\x75\x66\x5f\x70\x6f\x6c\x69\x63\x79\0\x64\x65\x66\x61\x75\x6c\x74\x5f\x61\
\x75\x74\x6f\x5f\x61\x73\x63\x6f\x6e\x66\0\x61\x64\x64\x69\x70\x5f\x65\x6e\x61\
\x62\x6c\x65\0\x61\x64\x64\x69\x70\x5f\x6e\x6f\x61\x75\x74\x68\0\x70\x72\x73\
\x63\x74\x70\x5f\x65\x6e\x61\x62\x6c\x65\0\x72\x65\x63\x6f\x6e\x66\x5f\x65\x6e\
\x61\x62\x6c\x65\0\x61\x75\x74\x68\x5f\x65\x6e\x61\x62\x6c\x65\0\x69\x6e\x74\
\x6c\x5f\x65\x6e\x61\x62\x6c\x65\0\x65\x63\x6e\x5f\x65\x6e\x61\x62\x6c\x65\0\
\x73\x63\x6f\x70\x65\x5f\x70\x6f\x6c\x69\x63\x79\0\x72\x77\x6e\x64\x5f\x75\x70\
\x64\x5f\x73\x68\x69\x66\x74\0\x6d\x61\x78\x5f\x61\x75\x74\x6f\x63\x6c\x6f\x73\
\x65\0\x6c\x33\x6d\x64\x65\x76\x5f\x61\x63\x63\x65\x70\x74\0\x73\x63\x74\x70\
\x5f\x6d\x69\x62\0\x6e\x65\x74\x6e\x73\x5f\x6e\x66\0\x70\x72\x6f\x63\x5f\x6e\
\x65\x74\x66\x69\x6c\x74\x65\x72\0\x6e\x66\x5f\x6c\x6f\x67\x67\x65\x72\x73\0\
\x6e\x66\x5f\x6c\x6f\x67\x5f\x64\x69\x72\x5f\x68\x65\x61\x64\x65\x72\0\x6e\x66\
\x5f\x6c\x77\x74\x6e\x6c\x5f\x64\x69\x72\x5f\x68\x65\x61\x64\x65\x72\0\x68\x6f\
\x6f\x6b\x73\x5f\x69\x70\x76\x34\0\x68\x6f\x6f\x6b\x73\x5f\x69\x70\x76\x36\0\
\x68\x6f\x6f\x6b\x73\x5f\x61\x72\x70\0\x68\x6f\x6f\x6b\x73\x5f\x62\x72\x69\x64\
\x67\x65\0\x64\x65\x66\x72\x61\x67\x5f\x69\x70\x76\x34\x5f\x75\x73\x65\x72\x73\
\0\x64\x65\x66\x72\x61\x67\x5f\x69\x70\x76\x36\x5f\x75\x73\x65\x72\x73\0\x6e\
\x66\x5f\x6c\x6f\x67\x67\x65\x72\0\x6c\x6f\x67\x66\x6e\0\x6d\x65\0\x6e\x66\x5f\
\x6c\x6f\x67\x5f\x74\x79\x70\x65\0\x4e\x46\x5f\x4c\x4f\x47\x5f\x54\x59\x50\x45\
\x5f\x4c\x4f\x47\0\x4e\x46\x5f\x4c\x4f\x47\x5f\x54\x59\x50\x45\x5f\x55\x4c\x4f\
\x47\0\x4e\x46\x5f\x4c\x4f\x47\x5f\x54\x59\x50\x45\x5f\x4d\x41\x58\0\x6e\x66\
\x5f\x6c\x6f\x67\x66\x6e\0\x75\x5f\x69\x6e\x74\x38\x5f\x74\0\x6e\x66\x5f\x6c\
\x6f\x67\x69\x6e\x66\x6f\0\x75\0\x75\x6c\x6f\x67\0\x6c\x6f\x67\0\x63\x6f\x70\
\x79\x5f\x6c\x65\x6e\0\x71\x74\x68\x72\x65\x73\x68\x6f\x6c\x64\0\x75\x5f\x69\
\x6e\x74\x33\x32\x5f\x74\0\x75\x5f\x69\x6e\x74\x31\x36\x5f\x74\0\x6c\x65\x76\
\x65\x6c\0\x6c\x6f\x67\x66\x6c\x61\x67\x73\0\x6e\x66\x5f\x68\x6f\x6f\x6b\x5f\
\x65\x6e\x74\x72\x69\x65\x73\0\x6e\x75\x6d\x5f\x68\x6f\x6f\x6b\x5f\x65\x6e\x74\
\x72\x69\x65\x73\0\x68\x6f\x6f\x6b\x73\0\x6e\x66\x5f\x68\x6f\x6f\x6b\x5f\x65\
\x6e\x74\x72\x79\0\x70\x72\x69\x76\0\x6e\x66\x5f\x68\x6f\x6f\x6b\x66\x6e\0\x6e\
\x65\x74\x6e\x73\x5f\x63\x74\0\x65\x63\x61\x63\x68\x65\x5f\x64\x77\x6f\x72\x6b\
\x5f\x70\x65\x6e\x64\x69\x6e\x67\0\x73\x79\x73\x63\x74\x6c\x5f\x6c\x6f\x67\x5f\
\x69\x6e\x76\x61\x6c\x69\x64\0\x73\x79\x73\x63\x74\x6c\x5f\x65\x76\x65\x6e\x74\
\x73\0\x73\x79\x73\x63\x74\x6c\x5f\x61\x63\x63\x74\0\x73\x79\x73\x63\x74\x6c\
\x5f\x74\x73\x74\x61\x6d\x70\0\x73\x79\x73\x63\x74\x6c\x5f\x63\x68\x65\x63\x6b\
\x73\x75\x6d\0\x73\x74\x61\x74\0\x6e\x66\x5f\x63\x6f\x6e\x6e\x74\x72\x61\x63\
\x6b\x5f\x65\x76\x65\x6e\x74\x5f\x63\x62\0\x6e\x66\x5f\x63\x74\x5f\x70\x72\x6f\
\x74\x6f\0\x6c\x61\x62\x65\x6c\x73\x5f\x75\x73\x65\x64\0\x6e\x66\x5f\x69\x70\
\x5f\x6e\x65\x74\0\x67\x65\x6e\x65\x72\x69\x63\0\x74\x63\x70\0\x75\x64\x70\0\
\x69\x63\x6d\x70\0\x69\x63\x6d\x70\x76\x36\0\x64\x63\x63\x70\0\x67\x72\x65\0\
\x6e\x66\x5f\x67\x65\x6e\x65\x72\x69\x63\x5f\x6e\x65\x74\0\x6e\x66\x5f\x74\x63\
\x70\x5f\x6e\x65\x74\0\x74\x69\x6d\x65\x6f\x75\x74\x73\0\x74\x63\x70\x5f\x6c\
\x6f\x6f\x73\x65\0\x74\x63\x70\x5f\x62\x65\x5f\x6c\x69\x62\x65\x72\x61\x6c\0\
\x74\x63\x70\x5f\x6d\x61\x78\x5f\x72\x65\x74\x72\x61\x6e\x73\0\x74\x63\x70\x5f\
\x69\x67\x6e\x6f\x72\x65\x5f\x69\x6e\x76\x61\x6c\x69\x64\x5f\x72\x73\x74\0\x6f\
\x66\x66\x6c\x6f\x61\x64\x5f\x74\x69\x6d\x65\x6f\x75\x74\0\x6e\x66\x5f\x75\x64\
\x70\x5f\x6e\x65\x74\0\x6e\x66\x5f\x69\x63\x6d\x70\x5f\x6e\x65\x74\0\x6e\x66\
\x5f\x64\x63\x63\x70\x5f\x6e\x65\x74\0\x64\x63\x63\x70\x5f\x6c\x6f\x6f\x73\x65\
\0\x64\x63\x63\x70\x5f\x74\x69\x6d\x65\x6f\x75\x74\0\x6e\x66\x5f\x73\x63\x74\
\x70\x5f\x6e\x65\x74\0\x6e\x66\x5f\x67\x72\x65\x5f\x6e\x65\x74\0\x6b\x65\x79\
\x6d\x61\x70\x5f\x6c\x69\x73\x74\0\x6e\x65\x74\x6e\x73\x5f\x6e\x66\x74\x61\x62\
\x6c\x65\x73\0\x62\x61\x73\x65\x5f\x73\x65\x71\0\x67\x65\x6e\x63\x75\x72\x73\
\x6f\x72\0\x6e\x65\x74\x6e\x73\x5f\x66\x74\0\x6e\x65\x74\x6e\x73\x5f\x62\x70\
\x66\0\x72\x75\x6e\x5f\x61\x72\x72\x61\x79\0\x70\x72\x6f\x67\x73\0\x62\x70\x66\
\x5f\x70\x72\x6f\x67\x5f\x61\x72\x72\x61\x79\0\x69\x74\x65\x6d\x73\0\x62\x70\
\x66\x5f\x70\x72\x6f\x67\x5f\x61\x72\x72\x61\x79\x5f\x69\x74\x65\x6d\0\x63\x67\
\x72\x6f\x75\x70\x5f\x73\x74\x6f\x72\x61\x67\x65\0\x62\x70\x66\x5f\x63\x6f\x6f\
\x6b\x69\x65\0\x62\x70\x66\x5f\x63\x67\x72\x6f\x75\x70\x5f\x73\x74\x6f\x72\x61\
\x67\x65\0\x6d\x61\x70\0\x6c\x69\x73\x74\x5f\x6d\x61\x70\0\x6c\x69\x73\x74\x5f\
\x63\x67\0\x62\x75\x66\0\x70\x65\x72\x63\x70\x75\x5f\x62\x75\x66\0\x62\x70\x66\
\x5f\x63\x67\x72\x6f\x75\x70\x5f\x73\x74\x6f\x72\x61\x67\x65\x5f\x6b\x65\x79\0\
\x63\x67\x72\x6f\x75\x70\x5f\x69\x6e\x6f\x64\x65\x5f\x69\x64\0\x61\x74\x74\x61\
\x63\x68\x5f\x74\x79\x70\x65\0\x62\x70\x66\x5f\x70\x72\x6f\x67\0\x70\x61\x67\
\x65\x73\0\x6a\x69\x74\x65\x64\0\x6a\x69\x74\x5f\x72\x65\x71\x75\x65\x73\x74\
\x65\x64\0\x67\x70\x6c\x5f\x63\x6f\x6d\x70\x61\x74\x69\x62\x6c\x65\0\x63\x62\
\x5f\x61\x63\x63\x65\x73\x73\0\x64\x73\x74\x5f\x6e\x65\x65\x64\x65\x64\0\x62\
\x6c\x69\x6e\x64\x69\x6e\x67\x5f\x72\x65\x71\x75\x65\x73\x74\x65\x64\0\x62\x6c\
\x69\x6e\x64\x65\x64\0\x69\x73\x5f\x66\x75\x6e\x63\0\x6b\x70\x72\x6f\x62\x65\
\x5f\x6f\x76\x65\x72\x72\x69\x64\x65\0\x68\x61\x73\x5f\x63\x61\x6c\x6c\x63\x68\
\x61\x69\x6e\x5f\x62\x75\x66\0\x65\x6e\x66\x6f\x72\x63\x65\x5f\x65\x78\x70\x65\
\x63\x74\x65\x64\x5f\x61\x74\x74\x61\x63\x68\x5f\x74\x79\x70\x65\0\x63\x61\x6c\
\x6c\x5f\x67\x65\x74\x5f\x73\x74\x61\x63\x6b\0\x63\x61\x6c\x6c\x5f\x67\x65\x74\
\x5f\x66\x75\x6e\x63\x5f\x69\x70\0\x74\x73\x74\x61\x6d\x70\x5f\x74\x79\x70\x65\
\x5f\x61\x63\x63\x65\x73\x73\0\x65\x78\x70\x65\x63\x74\x65\x64\x5f\x61\x74\x74\
\x61\x63\x68\x5f\x74\x79\x70\x65\0\x6a\x69\x74\x65\x64\x5f\x6c\x65\x6e\0\x74\
\x61\x67\0\x61\x63\x74\x69\x76\x65\0\x62\x70\x66\x5f\x66\x75\x6e\x63\0\x61\x75\
\x78\0\x6f\x72\x69\x67\x5f\x70\x72\x6f\x67\0\x62\x70\x66\x5f\x70\x72\x6f\x67\
\x5f\x74\x79\x70\x65\0\x42\x50\x46\x5f\x50\x52\x4f\x47\x5f\x54\x59\x50\x45\x5f\
\x55\x4e\x53\x50\x45\x43\0\x42\x50\x46\x5f\x50\x52\x4f\x47\x5f\x54\x59\x50\x45\
\x5f\x53\x4f\x43\x4b\x45\x54\x5f\x46\x49\x4c\x54\x45\x52\0\x42\x50\x46\x5f\x50\
\x52\x4f\x47\x5f\x54\x59\x50\x45\x5f\x4b\x50\x52\x4f\x42\x45\0\x42\x50\x46\x5f\
\x50\x52\x4f\x47\x5f\x54\x59\x50\x45\x5f\x53\x43\x48\x45\x44\x5f\x43\x4c\x53\0\
\x42\x50\x46\x5f\x50\x52\x4f\x47\x5f\x54\x59\x50\x45\x5f\x53\x43\x48\x45\x44\
\x5f\x41\x43\x54\0\x42\x50\x46\x5f\x50\x52\x4f\x47\x5f\x54\x59\x50\x45\x5f\x54\
\x52\x41\x43\x45\x50\x4f\x49\x4e\x54\0\x42\x50\x46\x5f\x50\x52\x4f\x47\x5f\x54\
\x59\x50\x45\x5f\x58\x44\x50\0\x42\x50\x46\x5f\x50\x52\x4f\x47\x5f\x54\x59\x50\
\x45\x5f\x50\x45\x52\x46\x5f\x45\x56\x45\x4e\x54\0\x42\x50\x46\x5f\x50\x52\x4f\
\x47\x5f\x54\x59\x50\x45\x5f\x43\x47\x52\x4f\x55\x50\x5f\x53\x4b\x42\0\x42\x50\
\x46\x5f\x50\x52\x4f\x47\x5f\x54\x59\x50\x45\x5f\x43\x47\x52\x4f\x55\x50\x5f\
\x53\x4f\x43\x4b\0\x42\x50\x46\x5f\x50\x52\x4f\x47\x5f\x54\x59\x50\x45\x5f\x4c\
\x57\x54\x5f\x49\x4e\0\x42\x50\x46\x5f\x50\x52\x4f\x47\x5f\x54\x59\x50\x45\x5f\
\x4c\x57\x54\x5f\x4f\x55\x54\0\x42\x50\x46\x5f\x50\x52\x4f\x47\x5f\x54\x59\x50\
\x45\x5f\x4c\x57\x54\x5f\x58\x4d\x49\x54\0\x42\x50\x46\x5f\x50\x52\x4f\x47\x5f\
\x54\x59\x50\x45\x5f\x53\x4f\x43\x4b\x5f\x4f\x50\x53\0\x42\x50\x46\x5f\x50\x52\
\x4f\x47\x5f\x54\x59\x50\x45\x5f\x53\x4b\x5f\x53\x4b\x42\0\x42\x50\x46\x5f\x50\
\x52\x4f\x47\x5f\x54\x59\x50\x45\x5f\x43\x47\x52\x4f\x55\x50\x5f\x44\x45\x56\
\x49\x43\x45\0\x42\x50\x46\x5f\x50\x52\x4f\x47\x5f\x54\x59\x50\x45\x5f\x53\x4b\
\x5f\x4d\x53\x47\0\x42\x50\x46\x5f\x50\x52\x4f\x47\x5f\x54\x59\x50\x45\x5f\x52\
\x41\x57\x5f\x54\x52\x41\x43\x45\x50\x4f\x49\x4e\x54\0\x42\x50\x46\x5f\x50\x52\
\x4f\x47\x5f\x54\x59\x50\x45\x5f\x43\x47\x52\x4f\x55\x50\x5f\x53\x4f\x43\x4b\
\x5f\x41\x44\x44\x52\0\x42\x50\x46\x5f\x50\x52\x4f\x47\x5f\x54\x59\x50\x45\x5f\
\x4c\x57\x54\x5f\x53\x45\x47\x36\x4c\x4f\x43\x41\x4c\0\x42\x50\x46\x5f\x50\x52\
\x4f\x47\x5f\x54\x59\x50\x45\x5f\x4c\x49\x52\x43\x5f\x4d\x4f\x44\x45\x32\0\x42\
\x50\x46\x5f\x50\x52\x4f\x47\x5f\x54\x59\x50\x45\x5f\x53\x4b\x5f\x52\x45\x55\
\x53\x45\x50\x4f\x52\x54\0\x42\x50\x46\x5f\x50\x52\x4f\x47\x5f\x54\x59\x50\x45\
\x5f\x46\x4c\x4f\x57\x5f\x44\x49\x53\x53\x45\x43\x54\x4f\x52\0\x42\x50\x46\x5f\
\x50\x52\x4f\x47\x5f\x54\x59\x50\x45\x5f\x43\x47\x52\x4f\x55\x50\x5f\x53\x59\
\x53\x43\x54\x4c\0\x42\x50\x46\x5f\x50\x52\x4f\x47\x5f\x54\x59\x50\x45\x5f\x52\
\x41\x57\x5f\x54\x52\x41\x43\x45\x50\x4f\x49\x4e\x54\x5f\x57\x52\x49\x54\x41\
\x42\x4c\x45\0\x42\x50\x46\x5f\x50\x52\x4f\x47\x5f\x54\x59\x50\x45\x5f\x43\x47\
\x52\x4f\x55\x50\x5f\x53\x4f\x43\x4b\x4f\x50\x54\0\x42\x50\x46\x5f\x50\x52\x4f\
\x47\x5f\x54\x59\x50\x45\x5f\x54\x52\x41\x43\x49\x4e\x47\0\x42\x50\x46\x5f\x50\
\x52\x4f\x47\x5f\x54\x59\x50\x45\x5f\x53\x54\x52\x55\x43\x54\x5f\x4f\x50\x53\0\
\x42\x50\x46\x5f\x50\x52\x4f\x47\x5f\x54\x59\x50\x45\x5f\x45\x58\x54\0\x42\x50\
\x46\x5f\x50\x52\x4f\x47\x5f\x54\x59\x50\x45\x5f\x4c\x53\x4d\0\x42\x50\x46\x5f\
\x50\x52\x4f\x47\x5f\x54\x59\x50\x45\x5f\x53\x4b\x5f\x4c\x4f\x4f\x4b\x55\x50\0\
\x42\x50\x46\x5f\x50\x52\x4f\x47\x5f\x54\x59\x50\x45\x5f\x53\x59\x53\x43\x41\
\x4c\x4c\0\x42\x50\x46\x5f\x50\x52\x4f\x47\x5f\x54\x59\x50\x45\x5f\x4e\x45\x54\
\x46\x49\x4c\x54\x45\x52\0\x5f\x5f\x4d\x41\x58\x5f\x42\x50\x46\x5f\x50\x52\x4f\
\x47\x5f\x54\x59\x50\x45\0\x62\x70\x66\x5f\x61\x74\x74\x61\x63\x68\x5f\x74\x79\
\x70\x65\0\x42\x50\x46\x5f\x43\x47\x52\x4f\x55\x50\x5f\x49\x4e\x45\x54\x5f\x49\
\x4e\x47\x52\x45\x53\x53\0\x42\x50\x46\x5f\x43\x47\x52\x4f\x55\x50\x5f\x49\x4e\
\x45\x54\x5f\x45\x47\x52\x45\x53\x53\0\x42\x50\x46\x5f\x43\x47\x52\x4f\x55\x50\
\x5f\x49\x4e\x45\x54\x5f\x53\x4f\x43\x4b\x5f\x43\x52\x45\x41\x54\x45\0\x42\x50\
\x46\x5f\x43\x47\x52\x4f\x55\x50\x5f\x53\x4f\x43\x4b\x5f\x4f\x50\x53\0\x42\x50\
\x46\x5f\x53\x4b\x5f\x53\x4b\x42\x5f\x53\x54\x52\x45\x41\x4d\x5f\x50\x41\x52\
\x53\x45\x52\0\x42\x50\x46\x5f\x53\x4b\x5f\x53\x4b\x42\x5f\x53\x54\x52\x45\x41\
\x4d\x5f\x56\x45\x52\x44\x49\x43\x54\0\x42\x50\x46\x5f\x43\x47\x52\x4f\x55\x50\
\x5f\x44\x45\x56\x49\x43\x45\0\x42\x50\x46\x5f\x53\x4b\x5f\x4d\x53\x47\x5f\x56\
\x45\x52\x44\x49\x43\x54\0\x42\x50\x46\x5f\x43\x47\x52\x4f\x55\x50\x5f\x49\x4e\
\x45\x54\x34\x5f\x42\x49\x4e\x44\0\x42\x50\x46\x5f\x43\x47\x52\x4f\x55\x50\x5f\
\x49\x4e\x45\x54\x36\x5f\x42\x49\x4e\x44\0\x42\x50\x46\x5f\x43\x47\x52\x4f\x55\
\x50\x5f\x49\x4e\x45\x54\x34\x5f\x43\x4f\x4e\x4e\x45\x43\x54\0\x42\x50\x46\x5f\
\x43\x47\x52\x4f\x55\x50\x5f\x49\x4e\x45\x54\x36\x5f\x43\x4f\x4e\x4e\x45\x43\
\x54\0\x42\x50\x46\x5f\x43\x47\x52\x4f\x55\x50\x5f\x49\x4e\x45\x54\x34\x5f\x50\
\x4f\x53\x54\x5f\x42\x49\x4e\x44\0\x42\x50\x46\x5f\x43\x47\x52\x4f\x55\x50\x5f\
\x49\x4e\x45\x54\x36\x5f\x50\x4f\x53\x54\x5f\x42\x49\x4e\x44\0\x42\x50\x46\x5f\
\x43\x47\x52\x4f\x55\x50\x5f\x55\x44\x50\x34\x5f\x53\x45\x4e\x44\x4d\x53\x47\0\
\x42\x50\x46\x5f\x43\x47\x52\x4f\x55\x50\x5f\x55\x44\x50\x36\x5f\x53\x45\x4e\
\x44\x4d\x53\x47\0\x42\x50\x46\x5f\x4c\x49\x52\x43\x5f\x4d\x4f\x44\x45\x32\0\
\x42\x50\x46\x5f\x46\x4c\x4f\x57\x5f\x44\x49\x53\x53\x45\x43\x54\x4f\x52\0\x42\
\x50\x46\x5f\x43\x47\x52\x4f\x55\x50\x5f\x53\x59\x53\x43\x54\x4c\0\x42\x50\x46\
\x5f\x43\x47\x52\x4f\x55\x50\x5f\x55\x44\x50\x34\x5f\x52\x45\x43\x56\x4d\x53\
\x47\0\x42\x50\x46\x5f\x43\x47\x52\x4f\x55\x50\x5f\x55\x44\x50\x36\x5f\x52\x45\
\x43\x56\x4d\x53\x47\0\x42\x50\x46\x5f\x43\x47\x52\x4f\x55\x50\x5f\x47\x45\x54\
\x53\x4f\x43\x4b\x4f\x50\x54\0\x42\x50\x46\x5f\x43\x47\x52\x4f\x55\x50\x5f\x53\
\x45\x54\x53\x4f\x43\x4b\x4f\x50\x54\0\x42\x50\x46\x5f\x54\x52\x41\x43\x45\x5f\
\x52\x41\x57\x5f\x54\x50\0\x42\x50\x46\x5f\x54\x52\x41\x43\x45\x5f\x46\x45\x4e\
\x54\x52\x59\0\x42\x50\x46\x5f\x54\x52\x41\x43\x45\x5f\x46\x45\x58\x49\x54\0\
\x42\x50\x46\x5f\x4d\x4f\x44\x49\x46\x59\x5f\x52\x45\x54\x55\x52\x4e\0\x42\x50\
\x46\x5f\x4c\x53\x4d\x5f\x4d\x41\x43\0\x42\x50\x46\x5f\x54\x52\x41\x43\x45\x5f\
\x49\x54\x45\x52\0\x42\x50\x46\x5f\x43\x47\x52\x4f\x55\x50\x5f\x49\x4e\x45\x54\
\x34\x5f\x47\x45\x54\x50\x45\x45\x52\x4e\x41\x4d\x45\0\x42\x50\x46\x5f\x43\x47\
\x52\x4f\x55\x50\x5f\x49\x4e\x45\x54\x36\x5f\x47\x45\x54\x50\x45\x45\x52\x4e\
\x41\x4d\x45\0\x42\x50\x46\x5f\x43\x47\x52\x4f\x55\x50\x5f\x49\x4e\x45\x54\x34\
\x5f\x47\x45\x54\x53\x4f\x43\x4b\x4e\x41\x4d\x45\0\x42\x50\x46\x5f\x43\x47\x52\
\x4f\x55\x50\x5f\x49\x4e\x45\x54\x36\x5f\x47\x45\x54\x53\x4f\x43\x4b\x4e\x41\
\x4d\x45\0\x42\x50\x46\x5f\x58\x44\x50\x5f\x44\x45\x56\x4d\x41\x50\0\x42\x50\
\x46\x5f\x43\x47\x52\x4f\x55\x50\x5f\x49\x4e\x45\x54\x5f\x53\x4f\x43\x4b\x5f\
\x52\x45\x4c\x45\x41\x53\x45\0\x42\x50\x46\x5f\x58\x44\x50\x5f\x43\x50\x55\x4d\
\x41\x50\0\x42\x50\x46\x5f\x53\x4b\x5f\x4c\x4f\x4f\x4b\x55\x50\0\x42\x50\x46\
\x5f\x58\x44\x50\0\x42\x50\x46\x5f\x53\x4b\x5f\x53\x4b\x42\x5f\x56\x45\x52\x44\
\x49\x43\x54\0\x42\x50\x46\x5f\x53\x4b\x5f\x52\x45\x55\x53\x45\x50\x4f\x52\x54\
\x5f\x53\x45\x4c\x45\x43\x54\0\x42\x50\x46\x5f\x53\x4b\x5f\x52\x45\x55\x53\x45\
\x50\x4f\x52\x54\x5f\x53\x45\x4c\x45\x43\x54\x5f\x4f\x52\x5f\x4d\x49\x47\x52\
\x41\x54\x45\0\x42\x50\x46\x5f\x50\x45\x52\x46\x5f\x45\x56\x45\x4e\x54\0\x42\
\x50\x46\x5f\x54\x52\x41\x43\x45\x5f\x4b\x50\x52\x4f\x42\x45\x5f\x4d\x55\x4c\
\x54\x49\0\x42\x50\x46\x5f\x4c\x53\x4d\x5f\x43\x47\x52\x4f\x55\x50\0\x42\x50\
\x46\x5f\x53\x54\x52\x55\x43\x54\x5f\x4f\x50\x53\0\x42\x50\x46\x5f\x4e\x45\x54\
\x46\x49\x4c\x54\x45\x52\0\x42\x50\x46\x5f\x54\x43\x58\x5f\x49\x4e\x47\x52\x45\
\x53\x53\0\x42\x50\x46\x5f\x54\x43\x58\x5f\x45\x47\x52\x45\x53\x53\0\x42\x50\
\x46\x5f\x54\x52\x41\x43\x45\x5f\x55\x50\x52\x4f\x42\x45\x5f\x4d\x55\x4c\x54\
\x49\0\x42\x50\x46\x5f\x43\x47\x52\x4f\x55\x50\x5f\x55\x4e\x49\x58\x5f\x43\x4f\
\x4e\x4e\x45\x43\x54\0\x42\x50\x46\x5f\x43\x47\x52\x4f\x55\x50\x5f\x55\x4e\x49\
\x58\x5f\x53\x45\x4e\x44\x4d\x53\x47\0\x42\x50\x46\x5f\x43\x47\x52\x4f\x55\x50\
\x5f\x55\x4e\x49\x58\x5f\x52\x45\x43\x56\x4d\x53\x47\0\x42\x50\x46\x5f\x43\x47\
\x52\x4f\x55\x50\x5f\x55\x4e\x49\x58\x5f\x47\x45\x54\x50\x45\x45\x52\x4e\x41\
\x4d\x45\0\x42\x50\x46\x5f\x43\x47\x52\x4f\x55\x50\x5f\x55\x4e\x49\x58\x5f\x47\
\x45\x54\x53\x4f\x43\x4b\x4e\x41\x4d\x45\0\x42\x50\x46\x5f\x4e\x45\x54\x4b\x49\
\x54\x5f\x50\x52\x49\x4d\x41\x52\x59\0\x42\x50\x46\x5f\x4e\x45\x54\x4b\x49\x54\
\x5f\x50\x45\x45\x52\0\x5f\x5f\x4d\x41\x58\x5f\x42\x50\x46\x5f\x41\x54\x54\x41\
\x43\x48\x5f\x54\x59\x50\x45\0\x62\x70\x66\x5f\x69\x6e\x73\x6e\0\x63\x6f\x64\
\x65\0\x64\x73\x74\x5f\x72\x65\x67\0\x73\x72\x63\x5f\x72\x65\x67\0\x6f\x66\x66\
\0\x69\x6d\x6d\0\x5f\x5f\x65\x6d\x70\x74\x79\x5f\x69\x6e\x73\x6e\x73\0\x69\x6e\
\x73\x6e\x73\0\x73\x6f\x63\x6b\x5f\x66\x69\x6c\x74\x65\x72\0\x6a\x74\0\x6a\x66\
\0\x6b\0\x5f\x5f\x65\x6d\x70\x74\x79\x5f\x69\x6e\x73\x6e\x73\x69\0\x69\x6e\x73\
\x6e\x73\x69\0\x6e\x65\x74\x6e\x73\x5f\x78\x66\x72\x6d\0\x73\x74\x61\x74\x65\
\x5f\x61\x6c\x6c\0\x73\x74\x61\x74\x65\x5f\x62\x79\x64\x73\x74\0\x73\x74\x61\
\x74\x65\x5f\x62\x79\x73\x72\x63\0\x73\x74\x61\x74\x65\x5f\x62\x79\x73\x70\x69\
\0\x73\x74\x61\x74\x65\x5f\x62\x79\x73\x65\x71\0\x73\x74\x61\x74\x65\x5f\x63\
\x61\x63\x68\x65\x5f\x69\x6e\x70\x75\x74\0\x73\x74\x61\x74\x65\x5f\x68\x6d\x61\
\x73\x6b\0\x73\x74\x61\x74\x65\x5f\x6e\x75\x6d\0\x73\x74\x61\x74\x65\x5f\x68\
\x61\x73\x68\x5f\x77\x6f\x72\x6b\0\x70\x6f\x6c\x69\x63\x79\x5f\x61\x6c\x6c\0\
\x70\x6f\x6c\x69\x63\x79\x5f\x62\x79\x69\x64\x78\0\x70\x6f\x6c\x69\x63\x79\x5f\
\x69\x64\x78\x5f\x68\x6d\x61\x73\x6b\0\x69\x64\x78\x5f\x67\x65\x6e\x65\x72\x61\
\x74\x6f\x72\0\x70\x6f\x6c\x69\x63\x79\x5f\x69\x6e\x65\x78\x61\x63\x74\0\x70\
\x6f\x6c\x69\x63\x79\x5f\x62\x79\x64\x73\x74\0\x70\x6f\x6c\x69\x63\x79\x5f\x63\
\x6f\x75\x6e\x74\0\x70\x6f\x6c\x69\x63\x79\x5f\x68\x61\x73\x68\x5f\x77\x6f\x72\
\x6b\0\x70\x6f\x6c\x69\x63\x79\x5f\x68\x74\x68\x72\x65\x73\x68\0\x69\x6e\x65\
\x78\x61\x63\x74\x5f\x62\x69\x6e\x73\0\x6e\x6c\x73\x6b\0\x6e\x6c\x73\x6b\x5f\
\x73\x74\x61\x73\x68\0\x73\x79\x73\x63\x74\x6c\x5f\x61\x65\x76\x65\x6e\x74\x5f\
\x65\x74\x69\x6d\x65\0\x73\x79\x73\x63\x74\x6c\x5f\x61\x65\x76\x65\x6e\x74\x5f\
\x72\x73\x65\x71\x74\x68\0\x73\x79\x73\x63\x74\x6c\x5f\x6c\x61\x72\x76\x61\x6c\
\x5f\x64\x72\x6f\x70\0\x73\x79\x73\x63\x74\x6c\x5f\x61\x63\x71\x5f\x65\x78\x70\
\x69\x72\x65\x73\0\x70\x6f\x6c\x69\x63\x79\x5f\x64\x65\x66\x61\x75\x6c\x74\0\
\x78\x66\x72\x6d\x34\x5f\x64\x73\x74\x5f\x6f\x70\x73\0\x78\x66\x72\x6d\x36\x5f\
\x64\x73\x74\x5f\x6f\x70\x73\0\x78\x66\x72\x6d\x5f\x73\x74\x61\x74\x65\x5f\x6c\
\x6f\x63\x6b\0\x78\x66\x72\x6d\x5f\x73\x74\x61\x74\x65\x5f\x68\x61\x73\x68\x5f\
\x67\x65\x6e\x65\x72\x61\x74\x69\x6f\x6e\0\x78\x66\x72\x6d\x5f\x70\x6f\x6c\x69\
\x63\x79\x5f\x68\x61\x73\x68\x5f\x67\x65\x6e\x65\x72\x61\x74\x69\x6f\x6e\0\x78\
\x66\x72\x6d\x5f\x70\x6f\x6c\x69\x63\x79\x5f\x6c\x6f\x63\x6b\0\x78\x66\x72\x6d\
\x5f\x63\x66\x67\x5f\x6d\x75\x74\x65\x78\0\x78\x66\x72\x6d\x5f\x70\x6f\x6c\x69\
\x63\x79\x5f\x68\x61\x73\x68\0\x68\x6d\x61\x73\x6b\0\x64\x62\x69\x74\x73\x34\0\
\x73\x62\x69\x74\x73\x34\0\x64\x62\x69\x74\x73\x36\0\x73\x62\x69\x74\x73\x36\0\
\x78\x66\x72\x6d\x5f\x70\x6f\x6c\x69\x63\x79\x5f\x68\x74\x68\x72\x65\x73\x68\0\
\x6c\x62\x69\x74\x73\x34\0\x72\x62\x69\x74\x73\x34\0\x6c\x62\x69\x74\x73\x36\0\
\x72\x62\x69\x74\x73\x36\0\x6e\x65\x74\x6e\x73\x5f\x69\x70\x76\x73\0\x6e\x65\
\x74\x6e\x73\x5f\x6d\x70\x6c\x73\0\x69\x70\x5f\x74\x74\x6c\x5f\x70\x72\x6f\x70\
\x61\x67\x61\x74\x65\0\x64\x65\x66\x61\x75\x6c\x74\x5f\x74\x74\x6c\0\x70\x6c\
\x61\x74\x66\x6f\x72\x6d\x5f\x6c\x61\x62\x65\x6c\x73\0\x70\x6c\x61\x74\x66\x6f\
\x72\x6d\x5f\x6c\x61\x62\x65\x6c\0\x6d\x70\x6c\x73\x5f\x72\x6f\x75\x74\x65\0\
\x6e\x65\x74\x6e\x73\x5f\x63\x61\x6e\0\x70\x72\x6f\x63\x5f\x64\x69\x72\0\x70\
\x64\x65\x5f\x73\x74\x61\x74\x73\0\x70\x64\x65\x5f\x72\x65\x73\x65\x74\x5f\x73\
\x74\x61\x74\x73\0\x70\x64\x65\x5f\x72\x63\x76\x6c\x69\x73\x74\x5f\x61\x6c\x6c\
\0\x70\x64\x65\x5f\x72\x63\x76\x6c\x69\x73\x74\x5f\x66\x69\x6c\0\x70\x64\x65\
\x5f\x72\x63\x76\x6c\x69\x73\x74\x5f\x69\x6e\x76\0\x70\x64\x65\x5f\x72\x63\x76\
\x6c\x69\x73\x74\x5f\x73\x66\x66\0\x70\x64\x65\x5f\x72\x63\x76\x6c\x69\x73\x74\
\x5f\x65\x66\x66\0\x70\x64\x65\x5f\x72\x63\x76\x6c\x69\x73\x74\x5f\x65\x72\x72\
\0\x62\x63\x6d\x70\x72\x6f\x63\x5f\x64\x69\x72\0\x72\x78\x5f\x61\x6c\x6c\x64\
\x65\x76\x5f\x6c\x69\x73\x74\0\x72\x63\x76\x6c\x69\x73\x74\x73\x5f\x6c\x6f\x63\
\x6b\0\x73\x74\x61\x74\x74\x69\x6d\x65\x72\0\x70\x6b\x67\x5f\x73\x74\x61\x74\
\x73\0\x72\x63\x76\x5f\x6c\x69\x73\x74\x73\x5f\x73\x74\x61\x74\x73\0\x63\x67\
\x77\x5f\x6c\x69\x73\x74\0\x63\x61\x6e\x5f\x64\x65\x76\x5f\x72\x63\x76\x5f\x6c\
\x69\x73\x74\x73\0\x63\x61\x6e\x5f\x70\x6b\x67\x5f\x73\x74\x61\x74\x73\0\x63\
\x61\x6e\x5f\x72\x63\x76\x5f\x6c\x69\x73\x74\x73\x5f\x73\x74\x61\x74\x73\0\x6e\
\x65\x74\x6e\x73\x5f\x78\x64\x70\0\x6e\x65\x74\x6e\x73\x5f\x6d\x63\x74\x70\0\
\x72\x6f\x75\x74\x65\x73\0\x62\x69\x6e\x64\x5f\x6c\x6f\x63\x6b\0\x62\x69\x6e\
\x64\x73\0\x6b\x65\x79\x73\x5f\x6c\x6f\x63\x6b\0\x64\x65\x66\x61\x75\x6c\x74\
\x5f\x6e\x65\x74\0\x6e\x65\x69\x67\x68\x5f\x6c\x6f\x63\x6b\0\x6e\x65\x69\x67\
\x68\x62\x6f\x75\x72\x73\0\x6e\x65\x74\x6e\x73\x5f\x73\x6d\x63\0\x73\x6d\x63\
\x5f\x73\x74\x61\x74\x73\0\x6d\x75\x74\x65\x78\x5f\x66\x62\x61\x63\x6b\x5f\x72\
\x73\x6e\0\x66\x62\x61\x63\x6b\x5f\x72\x73\x6e\0\x6c\x69\x6d\x69\x74\x5f\x73\
\x6d\x63\x5f\x68\x73\0\x73\x6d\x63\x5f\x68\x64\x72\0\x73\x79\x73\x63\x74\x6c\
\x5f\x61\x75\x74\x6f\x63\x6f\x72\x6b\x69\x6e\x67\x5f\x73\x69\x7a\x65\0\x73\x79\
\x73\x63\x74\x6c\x5f\x73\x6d\x63\x72\x5f\x62\x75\x66\x5f\x74\x79\x70\x65\0\x73\
\x79\x73\x63\x74\x6c\x5f\x73\x6d\x63\x72\x5f\x74\x65\x73\x74\x6c\x69\x6e\x6b\
\x5f\x74\x69\x6d\x65\0\x73\x79\x73\x63\x74\x6c\x5f\x77\x6d\x65\x6d\0\x73\x79\
\x73\x63\x74\x6c\x5f\x72\x6d\x65\x6d\0\x73\x79\x73\x63\x74\x6c\x5f\x6d\x61\x78\
\x5f\x6c\x69\x6e\x6b\x73\x5f\x70\x65\x72\x5f\x6c\x67\x72\0\x73\x79\x73\x63\x74\
\x6c\x5f\x6d\x61\x78\x5f\x63\x6f\x6e\x6e\x73\x5f\x70\x65\x72\x5f\x6c\x67\x72\0\
\x73\x6d\x63\x5f\x73\x74\x61\x74\x73\x5f\x72\x73\x6e\0\x73\x79\x6e\x61\x63\x6b\
\x5f\x69\x6e\0\x4c\x49\x43\x45\x4e\x53\x45\0\x6e\x65\x74\x5f\x64\x65\x76\x69\
\x63\x65\x5f\x6f\x70\x73\0\x69\x77\x5f\x70\x75\x62\x6c\x69\x63\x5f\x64\x61\x74\
\x61\0\x6e\x66\x5f\x66\x6c\x6f\x77\x5f\x74\x61\x62\x6c\x65\x5f\x73\x74\x61\x74\
\0\x6e\x65\x74\x5f\x67\x65\x6e\x65\x72\x69\x63\0\x61\x78\x32\x35\x5f\x64\x65\
\x76\0\x77\x69\x72\x65\x6c\x65\x73\x73\x5f\x64\x65\x76\0\x77\x70\x61\x6e\x5f\
\x64\x65\x76\0\x6d\x63\x74\x70\x5f\x64\x65\x76\0\x63\x70\x75\x5f\x72\x6d\x61\
\x70\0\x78\x64\x70\x5f\x64\x65\x76\x5f\x62\x75\x6c\x6b\x5f\x71\x75\x65\x75\x65\
\0\x76\x66\x73\x6d\x6f\x75\x6e\x74\0\x69\x6e\x6f\x64\x65\0\x6b\x6f\x62\x6a\x5f\
\x74\x79\x70\x65\0\x6d\x6f\x64\x75\x6c\x65\0\x6d\x6d\x5f\x73\x74\x72\x75\x63\
\x74\0\x64\x65\x76\x69\x63\x65\x5f\x74\x79\x70\x65\0\x64\x65\x76\x5f\x70\x69\
\x6e\x5f\x69\x6e\x66\x6f\0\x69\x72\x71\x5f\x64\x6f\x6d\x61\x69\x6e\0\x76\x6d\
\x61\x5f\x6c\x6f\x63\x6b\0\x76\x6d\x5f\x6f\x70\x65\x72\x61\x74\x69\x6f\x6e\x73\
\x5f\x73\x74\x72\x75\x63\x74\0\x62\x70\x66\x5f\x73\x74\x6f\x72\x61\x67\x65\x5f\
\x62\x75\x66\x66\x65\x72\0\x6d\x65\x6d\x70\x6f\x6c\x69\x63\x79\0\x61\x6e\x6f\
\x6e\x5f\x76\x6d\x61\x5f\x6e\x61\x6d\x65\0\x76\x6d\x61\x5f\x6e\x75\x6d\x61\x62\
\x5f\x73\x74\x61\x74\x65\0\x75\x73\x65\x72\x66\x61\x75\x6c\x74\x66\x64\x5f\x63\
\x74\x78\0\x6b\x65\x72\x6e\x66\x73\x5f\x6e\x6f\x64\x65\0\x77\x6f\x72\x6b\x71\
\x75\x65\x75\x65\x5f\x73\x74\x72\x75\x63\x74\0\x63\x70\x75\x6d\x61\x73\x6b\0\
\x64\x65\x76\x69\x63\x65\x5f\x70\x72\x69\x76\x61\x74\x65\0\x64\x65\x76\x69\x63\
\x65\x5f\x64\x72\x69\x76\x65\x72\0\x62\x75\x73\x5f\x74\x79\x70\x65\0\x6d\x65\
\x6d\x5f\x63\x67\x72\x6f\x75\x70\0\x77\x61\x6b\x65\x75\x70\x5f\x73\x6f\x75\x72\
\x63\x65\0\x77\x61\x6b\x65\x5f\x69\x72\x71\0\x68\x72\x74\x69\x6d\x65\x72\x5f\
\x63\x6c\x6f\x63\x6b\x5f\x62\x61\x73\x65\0\x70\x6d\x5f\x73\x75\x62\x73\x79\x73\
\x5f\x64\x61\x74\x61\0\x64\x65\x76\x5f\x70\x6d\x5f\x71\x6f\x73\0\x6e\x6f\x74\
\x69\x66\x69\x65\x72\x5f\x62\x6c\x6f\x63\x6b\0\x64\x65\x76\x5f\x70\x6d\x5f\x64\
\x6f\x6d\x61\x69\x6e\0\x65\x6d\x5f\x70\x65\x72\x66\x5f\x64\x6f\x6d\x61\x69\x6e\
\0\x62\x70\x66\x5f\x6c\x6f\x63\x61\x6c\x5f\x73\x74\x6f\x72\x61\x67\x65\0\x64\
\x65\x76\x69\x63\x65\x5f\x6e\x6f\x64\x65\0\x66\x77\x6e\x6f\x64\x65\x5f\x68\x61\
\x6e\x64\x6c\x65\0\x70\x72\x6f\x63\x5f\x64\x69\x72\x5f\x65\x6e\x74\x72\x79\0\
\x66\x69\x6c\x65\x5f\x6f\x70\x65\x72\x61\x74\x69\x6f\x6e\x73\0\x6b\x6d\x65\x6d\
\x5f\x63\x61\x63\x68\x65\0\x62\x70\x66\x5f\x70\x72\x6f\x67\x5f\x73\x74\x61\x74\
\x73\0\x62\x70\x66\x5f\x70\x72\x6f\x67\x5f\x61\x75\x78\0\x78\x66\x72\x6d\x5f\
\x73\x65\x63\x5f\x63\x74\x78\0\x66\x69\x62\x5f\x74\x61\x62\x6c\x65\0\x69\x6e\
\x65\x74\x5f\x70\x65\x65\x72\x5f\x62\x61\x73\x65\0\x74\x63\x70\x5f\x63\x6f\x6e\
\x67\x65\x73\x74\x69\x6f\x6e\x5f\x6f\x70\x73\0\x74\x63\x70\x5f\x66\x61\x73\x74\
\x6f\x70\x65\x6e\x5f\x63\x6f\x6e\x74\x65\x78\x74\0\x78\x66\x72\x6d\x5f\x73\x74\
\x61\x74\x65\0\x66\x69\x62\x5f\x6e\x6f\x74\x69\x66\x69\x65\x72\x5f\x6f\x70\x73\
\0\x75\x73\x65\x72\x5f\x73\x74\x72\x75\x63\x74\0\x73\x6f\x63\x6b\x5f\x66\x70\
\x72\x6f\x67\x5f\x6b\x65\x72\x6e\0\x69\x6f\x5f\x74\x6c\x62\x5f\x6d\x65\x6d\0\
\x62\x70\x66\x5f\x63\x67\x72\x6f\x75\x70\x5f\x73\x74\x6f\x72\x61\x67\x65\x5f\
\x6d\x61\x70\0\x6c\x6f\x63\x6b\x5f\x63\x6c\x61\x73\x73\x5f\x6b\x65\x79\0\x6b\
\x65\x79\x5f\x74\x61\x67\0\x75\x73\x65\x72\x5f\x6e\x61\x6d\x65\x73\x70\x61\x63\
\x65\0\x70\x72\x6f\x63\x5f\x6e\x73\x5f\x6f\x70\x65\x72\x61\x74\x69\x6f\x6e\x73\
\0\x63\x74\x6c\x5f\x74\x61\x62\x6c\x65\x5f\x72\x6f\x6f\x74\0\x63\x74\x6c\x5f\
\x6e\x6f\x64\x65\0\x69\x70\x73\x74\x61\x74\x73\x5f\x6d\x69\x62\0\x74\x63\x70\
\x5f\x6d\x69\x62\0\x6c\x69\x6e\x75\x78\x5f\x6d\x69\x62\0\x75\x64\x70\x5f\x6d\
\x69\x62\0\x6c\x69\x6e\x75\x78\x5f\x78\x66\x72\x6d\x5f\x6d\x69\x62\0\x6c\x69\
\x6e\x75\x78\x5f\x74\x6c\x73\x5f\x6d\x69\x62\0\x6d\x70\x74\x63\x70\x5f\x6d\x69\
\x62\0\x69\x63\x6d\x70\x5f\x6d\x69\x62\0\x69\x63\x6d\x70\x6d\x73\x67\x5f\x6d\
\x69\x62\0\x69\x63\x6d\x70\x76\x36\x5f\x6d\x69\x62\0\x69\x63\x6d\x70\x76\x36\
\x6d\x73\x67\x5f\x6d\x69\x62\0\x69\x6e\x65\x74\x5f\x68\x61\x73\x68\x69\x6e\x66\
\x6f\0\x69\x70\x76\x34\x5f\x64\x65\x76\x63\x6f\x6e\x66\0\x69\x70\x5f\x72\x61\
\x5f\x63\x68\x61\x69\x6e\0\x66\x69\x62\x5f\x72\x75\x6c\x65\x73\x5f\x6f\x70\x73\
\0\x75\x6e\x63\x61\x63\x68\x65\x64\x5f\x6c\x69\x73\x74\0\x6c\x77\x74\x75\x6e\
\x6e\x65\x6c\x5f\x73\x74\x61\x74\x65\0\x6e\x65\x69\x67\x68\x5f\x74\x61\x62\x6c\
\x65\0\x6e\x65\x69\x67\x68\x5f\x70\x61\x72\x6d\x73\0\x6e\x65\x69\x67\x68\x5f\
\x6f\x70\x73\0\x69\x70\x76\x36\x5f\x64\x65\x76\x63\x6f\x6e\x66\0\x66\x69\x62\
\x36\x5f\x69\x6e\x66\x6f\0\x66\x69\x62\x36\x5f\x74\x61\x62\x6c\x65\0\x72\x74\
\x36\x5f\x69\x6e\x66\x6f\0\x69\x6e\x65\x74\x36\x5f\x64\x65\x76\0\x72\x74\x36\
\x5f\x73\x74\x61\x74\x69\x73\x74\x69\x63\x73\0\x73\x65\x67\x36\x5f\x70\x65\x72\
\x6e\x65\x74\x5f\x64\x61\x74\x61\0\x69\x6f\x61\x6d\x36\x5f\x70\x65\x72\x6e\x65\
\x74\x5f\x64\x61\x74\x61\0\x69\x70\x5f\x63\x6f\x6e\x6e\x74\x72\x61\x63\x6b\x5f\
\x73\x74\x61\x74\0\x6e\x66\x5f\x63\x74\x5f\x65\x76\x65\x6e\x74\x5f\x6e\x6f\x74\
\x69\x66\x69\x65\x72\0\x62\x70\x66\x5f\x6d\x70\x72\x6f\x67\x5f\x65\x6e\x74\x72\
\x79\0\x70\x63\x70\x75\x5f\x6c\x73\x74\x61\x74\x73\0\x70\x63\x70\x75\x5f\x73\
\x77\x5f\x6e\x65\x74\x73\x74\x61\x74\x73\0\x70\x63\x70\x75\x5f\x64\x73\x74\x61\
\x74\x73\0\x6e\x65\x74\x64\x65\x76\x5f\x72\x78\x5f\x71\x75\x65\x75\x65\0\x6e\
\x65\x74\x64\x65\x76\x5f\x6e\x61\x6d\x65\x5f\x6e\x6f\x64\x65\0\x64\x65\x76\x5f\
\x69\x66\x61\x6c\x69\x61\x73\0\x6e\x65\x74\x5f\x64\x65\x76\x69\x63\x65\x5f\x63\
\x6f\x72\x65\x5f\x73\x74\x61\x74\x73\0\x69\x77\x5f\x68\x61\x6e\x64\x6c\x65\x72\
\x5f\x64\x65\x66\0\x69\x6e\x5f\x64\x65\x76\x69\x63\x65\0\x64\x73\x61\x5f\x70\
\x6f\x72\x74\0\x70\x68\x79\x5f\x64\x65\x76\x69\x63\x65\0\x6d\x73\x69\x5f\x64\
\x65\x76\x69\x63\x65\x5f\x64\x61\x74\x61\0\x64\x6d\x61\x5f\x6d\x61\x70\x5f\x6f\
\x70\x73\0\x62\x75\x73\x5f\x64\x6d\x61\x5f\x72\x65\x67\x69\x6f\x6e\0\x64\x65\
\x76\x69\x63\x65\x5f\x64\x6d\x61\x5f\x70\x61\x72\x61\x6d\x65\x74\x65\x72\x73\0\
\x64\x65\x76\x5f\x69\x6f\x6d\x6d\x75\0\x64\x65\x76\x69\x63\x65\x5f\x70\x68\x79\
\x73\x69\x63\x61\x6c\x5f\x6c\x6f\x63\x61\x74\x69\x6f\x6e\0\x61\x64\x64\x72\x65\
\x73\x73\x5f\x73\x70\x61\x63\x65\x5f\x6f\x70\x65\x72\x61\x74\x69\x6f\x6e\x73\0\
\x73\x6f\x63\x6b\x65\x74\0\x73\x6f\x63\x6b\x65\x74\x5f\x77\x71\0\x73\x6f\x63\
\x6b\x5f\x72\x65\x75\x73\x65\x70\x6f\x72\x74\0\x73\x6b\x62\x5f\x65\x78\x74\0\
\x6e\x65\x74\x70\x6f\x6c\x6c\x5f\x69\x6e\x66\x6f\0\x6e\x65\x74\x64\x65\x76\x5f\
\x71\x75\x65\x75\x65\0\x51\x64\x69\x73\x63\0\x64\x6d\x5f\x68\x77\x5f\x73\x74\
\x61\x74\x5f\x64\x65\x6c\x74\x61\0\x64\x63\x62\x6e\x6c\x5f\x72\x74\x6e\x6c\x5f\
\x6f\x70\x73\0\x6e\x65\x74\x70\x72\x69\x6f\x5f\x6d\x61\x70\0\x62\x70\x66\x5f\
\x78\x64\x70\x5f\x6c\x69\x6e\x6b\0\x72\x74\x6e\x6c\x5f\x68\x77\x5f\x73\x74\x61\
\x74\x73\x36\x34\0\x2e\x2f\x62\x70\x66\x2f\x6e\x67\x78\x5f\x65\x62\x70\x66\x2e\
\x62\x70\x66\x2e\x63\0\x73\x79\x6e\x61\x63\x6b\x5f\x6f\x75\x74\x28\x73\x74\x72\
\x75\x63\x74\x20\x62\x70\x66\x5f\x6e\x66\x5f\x63\x74\x78\x20\x2a\x63\x74\x78\
\x29\0\x20\x20\x20\x20\x73\x74\x72\x75\x63\x74\x20\x73\x79\x6e\x61\x63\x6b\x5f\
\x6b\x65\x79\x20\x20\x20\x20\x20\x20\x20\x20\x20\x20\x20\x20\x70\x61\x63\x6b\
\x65\x74\x20\x3d\x20\x7b\x7d\x2c\x20\x77\x69\x72\x65\x20\x3d\x20\x7b\x7d\x2c\
\x20\x6f\x72\x69\x67\x69\x6e\x61\x6c\x20\x3d\x20\x7b\x7d\x3b\0\x20\x20\x20\x20\
\x73\x6b\x20\x3d\x20\x63\x74\x78\x2d\x3e\x73\x74\x61\x74\x65\x2d\x3e\x73\x6b\
\x3b\0\x20\x20\x20\x20\x69\x66\x20\x28\x73\x6b\x20\x3d\x3d\x20\x4e\x55\x4c\x4c\
\x29\x20\x7b\0\x20\x20\x20\x20\x20\x20\x20\x20\x73\x6b\x20\x3d\x20\x63\x74\x78\
\x2d\x3e\x73\x6b\x62\x2d\x3e\x73\x6b\x3b\0\x20\x20\x20\x20\x73\x74\x61\x74\x65\
\x20\x3d\x20\x73\x6b\x2d\x3e\x5f\x5f\x73\x6b\x5f\x63\x6f\x6d\x6d\x6f\x6e\x2e\
\x73\x6b\x63\x5f\x73\x74\x61\x74\x65\x3b\0\x20\x20\x20\x20\x69\x66\x20\x28\x73\
\x74\x61\x74\x65\x20\x21\x3d\x20\x54\x43\x50\x5f\x53\x59\x4e\x5f\x53\x45\x4e\
\x54\x20\x26\x26\x20\x73\x74\x61\x74\x65\x20\x21\x3d\x20\x54\x43\x50\x5f\x43\
\x4c\x4f\x53\x45\x29\x20\x7b\0\x20\x20\x20\x20\x63\x6f\x6f\x6b\x69\x65\x20\x3d\
\x20\x73\x6b\x2d\x3e\x5f\x5f\x73\x6b\x5f\x63\x6f\x6d\x6d\x6f\x6e\x2e\x73\x6b\
\x63\x5f\x63\x6f\x6f\x6b\x69\x65\x2e\x63\x6f\x75\x6e\x74\x65\x72\x3b\0\x20\x20\
\x20\x20\x69\x66\x20\x28\x63\x6f\x6f\x6b\x69\x65\x20\x3d\x3d\x20\x30\x29\x20\
\x7b\0\x20\x20\x20\x20\x63\x20\x3d\x20\x62\x70\x66\x5f\x6d\x61\x70\x5f\x6c\x6f\
\x6f\x6b\x75\x70\x5f\x65\x6c\x65\x6d\x28\x26\x73\x79\x6e\x61\x63\x6b\x5f\x63\
\x6f\x6e\x6e\x2c\x20\x26\x63\x6f\x6f\x6b\x69\x65\x29\x3b\0\x20\x20\x20\x20\x69\
\x66\x20\x28\x63\x20\x3d\x3d\x20\x4e\x55\x4c\x4c\x20\x7c\x7c\x20\x63\x2d\x3e\
\x70\x68\x61\x73\x65\x20\x21\x3d\x20\x53\x59\x4e\x41\x43\x4b\x5f\x50\x45\x4e\
\x44\x49\x4e\x47\x29\x20\x7b\0\x20\x20\x20\x20\x66\x6c\x61\x67\x73\x20\x3d\x20\
\x73\x79\x6e\x61\x63\x6b\x5f\x70\x61\x72\x73\x65\x5f\x70\x61\x63\x6b\x65\x74\
\x28\x63\x74\x78\x2d\x3e\x73\x6b\x62\x2c\x20\x26\x70\x61\x63\x6b\x65\x74\x2c\
\x20\x26\x6c\x65\x6e\x67\x74\x68\x2c\x20\x26\x73\x65\x71\x29\x3b\0\x20\x20\x20\
\x20\x68\x65\x61\x64\x20\x3d\x20\x73\x6b\x62\x2d\x3e\x68\x65\x61\x64\x3b\0\x20\
\x20\x20\x20\x64\x61\x74\x61\x5f\x6f\x66\x66\x73\x65\x74\x20\x3d\x20\x73\x6b\
\x62\x2d\x3e\x64\x61\x74\x61\x20\x2d\x20\x68\x65\x61\x64\x3b\0\x20\x20\x20\x20\
\x70\x61\x63\x6b\x65\x74\x5f\x6c\x65\x6e\x67\x74\x68\x20\x3d\x20\x73\x6b\x62\
\x2d\x3e\x6c\x65\x6e\x3b\0\x20\x20\x20\x20\x6f\x66\x66\x73\x65\x74\x20\x3d\x20\
\x73\x6b\x62\x2d\x3e\x6e\x65\x74\x77\x6f\x72\x6b\x5f\x68\x65\x61\x64\x65\x72\
\x3b\0\x20\x20\x20\x20\x74\x61\x69\x6c\x20\x3d\x20\x73\x6b\x62\x2d\x3e\x74\x61\
\x69\x6c\x3b\0\x20\x20\x20\x20\x20\x20\x20\x20\x7c\x7c\x20\x74\x61\x69\x6c\x20\
\x2d\x20\x6f\x66\x66\x73\x65\x74\x20\x3c\x20\x32\x30\0\x20\x20\x20\x20\x20\x20\
\x20\x20\x7c\x7c\x20\x64\x61\x74\x61\x5f\x6f\x66\x66\x73\x65\x74\x20\x3e\x20\
\x74\x61\x69\x6c\0\x20\x20\x20\x20\x20\x20\x20\x20\x7c\x7c\x20\x70\x61\x63\x6b\
\x65\x74\x5f\x6c\x65\x6e\x67\x74\x68\x20\x2b\x20\x64\x61\x74\x61\x5f\x6f\x66\
\x66\x73\x65\x74\x20\x3c\x20\x6f\x66\x66\x73\x65\x74\x29\0\x20\x20\x20\x20\x69\
\x66\x20\x28\x6f\x66\x66\x73\x65\x74\x20\x3e\x20\x74\x61\x69\x6c\0\x20\x20\x20\
\x20\x69\x66\x20\x28\x62\x70\x66\x5f\x70\x72\x6f\x62\x65\x5f\x72\x65\x61\x64\
\x5f\x6b\x65\x72\x6e\x65\x6c\x28\x69\x70\x2c\x20\x32\x30\x2c\x20\x68\x65\x61\
\x64\x20\x2b\x20\x6f\x66\x66\x73\x65\x74\x29\x29\x20\x7b\0\x20\x20\x20\x20\x69\
\x66\x20\x28\x69\x70\x5b\x30\x5d\x20\x3e\x3e\x20\x34\x20\x3d\x3d\x20\x34\x29\
\x20\x7b\0\x20\x20\x20\x20\x20\x20\x20\x20\x6f\x66\x66\x20\x3d\x20\x28\x69\x70\
\x5b\x30\x5d\x20\x26\x20\x30\x78\x30\x66\x29\x20\x2a\x20\x34\x3b\0\x20\x20\x20\
\x20\x20\x20\x20\x20\x69\x66\x20\x28\x6f\x66\x66\x20\x3c\x20\x32\x30\x20\x7c\
\x7c\x20\x69\x70\x5b\x39\x5d\x20\x21\x3d\x20\x49\x50\x50\x52\x4f\x54\x4f\x5f\
\x54\x43\x50\x20\x7c\x7c\x20\x28\x69\x70\x5b\x36\x5d\x20\x26\x20\x30\x78\x33\
\x66\x29\x20\x7c\x7c\x20\x69\x70\x5b\x37\x5d\x29\x20\x7b\0\x20\x20\x20\x20\x20\
\x20\x20\x20\x5f\x5f\x62\x75\x69\x6c\x74\x69\x6e\x5f\x6d\x65\x6d\x63\x70\x79\
\x28\x6b\x65\x79\x2d\x3e\x64\x73\x74\x2c\x20\x69\x70\x20\x2b\x20\x31\x36\x2c\
\x20\x34\x29\x3b\0\x20\x20\x20\x20\x20\x20\x20\x20\x5f\x5f\x62\x75\x69\x6c\x74\
\x69\x6e\x5f\x6d\x65\x6d\x63\x70\x79\x28\x6b\x65\x79\x2d\x3e\x73\x72\x63\x2c\
\x20\x69\x70\x20\x2b\x20\x31\x32\x2c\x20\x34\x29\x3b\0\x20\x20\x20\x20\x7d\x20\
\x65\x6c\x73\x65\x20\x69\x66\x20\x28\x69\x70\x5b\x30\x5d\x20\x3e\x3e\x20\x34\
\x20\x3d\x3d\x20\x36\x29\x20\x7b\0\x20\x20\x20\x20\x20\x20\x20\x20\x20\x20\x20\
\x20\x7c\x7c\x20\x62\x70\x66\x5f\x70\x72\x6f\x62\x65\x5f\x72\x65\x61\x64\x5f\
\x6b\x65\x72\x6e\x65\x6c\x28\x69\x70\x2c\x20\x34\x30\x2c\x20\x68\x65\x61\x64\
\x20\x2b\x20\x6f\x66\x66\x73\x65\x74\x29\x29\0\x20\x20\x20\x20\x20\x20\x20\x20\
\x69\x66\x20\x28\x74\x61\x69\x6c\x20\x2d\x20\x6f\x66\x66\x73\x65\x74\x20\x3c\
\x20\x34\x30\0\x20\x20\x20\x20\x20\x20\x20\x20\x74\x6f\x74\x61\x6c\x20\x3d\x20\
\x28\x28\x5f\x5f\x75\x33\x32\x29\x20\x69\x70\x5b\x34\x5d\x20\x3c\x3c\x20\x38\
\x29\x20\x7c\x20\x69\x70\x5b\x35\x5d\x3b\0\x20\x20\x20\x20\x20\x20\x20\x20\x69\
\x66\x20\x28\x74\x6f\x74\x61\x6c\x20\x3d\x3d\x20\x30\x29\x20\x7b\0\x20\x20\x20\
\x20\x20\x20\x20\x20\x5f\x5f\x62\x75\x69\x6c\x74\x69\x6e\x5f\x6d\x65\x6d\x63\
\x70\x79\x28\x6b\x65\x79\x2d\x3e\x64\x73\x74\x2c\x20\x69\x70\x20\x2b\x20\x32\
\x34\x2c\x20\x31\x36\x29\x3b\0\x20\x20\x20\x20\x20\x20\x20\x20\x5f\x5f\x62\x75\
\x69\x6c\x74\x69\x6e\x5f\x6d\x65\x6d\x63\x70\x79\x28\x6b\x65\x79\x2d\x3e\x73\
\x72\x63\x2c\x20\x69\x70\x20\x2b\x20\x38\x2c\x20\x31\x36\x29\x3b\0\x20\x20\x20\
\x20\x20\x20\x20\x20\x74\x6f\x74\x61\x6c\x20\x2b\x3d\x20\x34\x30\x3b\0\x20\x20\
\x20\x20\x20\x20\x20\x20\x6e\x65\x78\x74\x20\x3d\x20\x69\x70\x5b\x36\x5d\x3b\0\
\x20\x20\x20\x20\x20\x20\x20\x20\x66\x6f\x72\x20\x28\x69\x20\x3d\x20\x30\x3b\0\
\x20\x20\x20\x20\x20\x20\x20\x20\x20\x20\x20\x20\x7d\x20\x65\x6c\x73\x65\x20\
\x69\x66\x20\x28\x6e\x65\x78\x74\x20\x3d\x3d\x20\x53\x59\x4e\x41\x43\x4b\x5f\
\x49\x50\x56\x36\x5f\x41\x48\x20\x26\x26\x20\x65\x78\x74\x5b\x31\x5d\x20\x3e\
\x3d\x20\x31\x29\x20\x7b\0\x20\x20\x20\x20\x20\x20\x20\x20\x20\x20\x20\x20\x6e\
\x65\x78\x74\x20\x3d\x20\x65\x78\x74\x5b\x30\x5d\x3b\0\x20\x20\x20\x20\x20\x20\
\x20\x20\x20\x20\x20\x20\x6f\x66\x66\x20\x2b\x3d\x20\x73\x74\x65\x70\x3b\0\x20\
\x20\x20\x20\x20\x20\x20\x20\x69\x66\x20\x28\x6e\x65\x78\x74\x20\x21\x3d\x20\
\x49\x50\x50\x52\x4f\x54\x4f\x5f\x54\x43\x50\x29\x20\x7b\0\x20\x20\x20\x20\x20\
\x20\x20\x20\x7c\x7c\x20\x6f\x66\x66\x20\x3e\x20\x53\x59\x4e\x41\x43\x4b\x5f\
\x4d\x41\x58\x5f\x54\x43\x50\x5f\x4f\x46\x46\x53\x45\x54\0\x20\x20\x20\x20\x20\
\x20\x20\x20\x7c\x7c\x20\x6f\x66\x66\x20\x2b\x20\x32\x30\x20\x3e\x20\x74\x61\
\x69\x6c\x20\x2d\x20\x6f\x66\x66\x73\x65\x74\0\x20\x20\x20\x20\x20\x20\x20\x20\
\x7c\x7c\x20\x6f\x66\x66\x20\x2b\x20\x32\x30\x20\x3e\x20\x74\x6f\x74\x61\x6c\
\x29\0\x20\x20\x20\x20\x69\x66\x20\x28\x62\x70\x66\x5f\x70\x72\x6f\x62\x65\x5f\
\x72\x65\x61\x64\x5f\x6b\x65\x72\x6e\x65\x6c\x28\x74\x63\x70\x2c\x20\x32\x30\
\x2c\x20\x68\x65\x61\x64\x20\x2b\x20\x6f\x66\x66\x73\x65\x74\x20\x2b\x20\x6f\
\x66\x66\x29\x29\x20\x7b\0\x20\x20\x20\x20\x74\x63\x70\x5f\x6c\x65\x6e\x20\x3d\
\x20\x28\x74\x63\x70\x5b\x31\x32\x5d\x20\x3e\x3e\x20\x34\x29\x20\x2a\x20\x34\
\x3b\0\x20\x20\x20\x20\x20\x20\x20\x20\x7c\x7c\x20\x6f\x66\x66\x20\x2b\x20\x74\
\x63\x70\x5f\x6c\x65\x6e\x20\x3e\x20\x53\x59\x4e\x41\x43\x4b\x5f\x4d\x41\x58\
\x5f\x48\x45\x41\x44\x45\x52\x53\0\x20\x20\x20\x20\x20\x20\x20\x20\x7c\x7c\x20\
\x6f\x66\x66\x20\x2b\x20\x74\x63\x70\x5f\x6c\x65\x6e\x20\x3e\x20\x74\x6f\x74\
\x61\x6c\0\x20\x20\x20\x20\x20\x20\x20\x20\x20\x20\x20\x20\x20\x20\x20\x20\x7c\
\x7c\x20\x6f\x66\x66\x20\x2b\x20\x32\x20\x3e\x20\x74\x61\x69\x6c\x20\x2d\x20\
\x6f\x66\x66\x73\x65\x74\0\x20\x20\x20\x20\x20\x20\x20\x20\x20\x20\x20\x20\x69\
\x66\x20\x28\x62\x70\x66\x5f\x70\x72\x6f\x62\x65\x5f\x72\x65\x61\x64\x5f\x6b\
\x65\x72\x6e\x65\x6c\x28\x65\x78\x74\x2c\x20\x32\x2c\x20\x68\x65\x61\x64\x20\
\x2b\x20\x6f\x66\x66\x73\x65\x74\x20\x2b\x20\x6f\x66\x66\x29\x29\x20\x7b\0\x20\
\x20\x20\x20\x20\x20\x20\x20\x20\x20\x20\x20\x20\x20\x20\x20\x7c\x7c\x20\x6e\
\x65\x78\x74\x20\x3d\x3d\x20\x53\x59\x4e\x41\x43\x4b\x5f\x49\x50\x56\x36\x5f\
\x52\x4f\x55\x54\x49\x4e\x47\0\x20\x20\x20\x20\x20\x20\x20\x20\x20\x20\x20\x20\
\x20\x20\x20\x20\x73\x74\x65\x70\x20\x3d\x20\x28\x28\x5f\x5f\x75\x33\x32\x29\
\x20\x65\x78\x74\x5b\x31\x5d\x20\x2b\x20\x31\x29\x20\x2a\x20\x38\x3b\0\x20\x20\
\x20\x20\x72\x65\x74\x75\x72\x6e\x20\x74\x63\x70\x5b\x31\x33\x5d\x3b\0\x20\x20\
\x20\x20\x69\x66\x20\x28\x28\x66\x6c\x61\x67\x73\x20\x26\x20\x53\x59\x4e\x41\
\x43\x4b\x5f\x54\x43\x50\x5f\x46\x4c\x41\x47\x53\x29\x20\x21\x3d\x20\x53\x59\
\x4e\x41\x43\x4b\x5f\x54\x43\x50\x5f\x53\x59\x4e\x29\x20\x7b\0\x20\x20\x20\x20\
\x5f\x5f\x62\x75\x69\x6c\x74\x69\x6e\x5f\x6d\x65\x6d\x63\x70\x79\x28\x77\x69\
\x72\x65\x2e\x73\x72\x63\x2c\x20\x70\x61\x63\x6b\x65\x74\x2e\x64\x73\x74\x2c\
\x20\x31\x36\x29\x3b\0\x20\x20\x20\x20\x77\x69\x72\x65\x2e\x70\x72\x6f\x74\x6f\
\x63\x6f\x6c\x20\x3d\x20\x49\x50\x50\x52\x4f\x54\x4f\x5f\x54\x43\x50\x3b\0\x20\
\x20\x20\x20\x77\x69\x72\x65\x2e\x66\x61\x6d\x69\x6c\x79\x20\x3d\x20\x70\x61\
\x63\x6b\x65\x74\x2e\x66\x61\x6d\x69\x6c\x79\x3b\0\x20\x20\x20\x20\x5f\x5f\x62\
\x75\x69\x6c\x74\x69\x6e\x5f\x6d\x65\x6d\x63\x70\x79\x28\x77\x69\x72\x65\x2e\
\x64\x73\x74\x2c\x20\x70\x61\x63\x6b\x65\x74\x2e\x73\x72\x63\x2c\x20\x31\x36\
\x29\x3b\0\x20\x20\x20\x20\x77\x69\x72\x65\x2e\x64\x70\x6f\x72\x74\x20\x3d\x20\
\x70\x61\x63\x6b\x65\x74\x2e\x73\x70\x6f\x72\x74\x3b\0\x20\x20\x20\x20\x77\x69\
\x72\x65\x2e\x73\x70\x6f\x72\x74\x20\x3d\x20\x70\x61\x63\x6b\x65\x74\x2e\x64\
\x70\x6f\x72\x74\x3b\0\x20\x20\x20\x20\x6f\x72\x69\x67\x69\x6e\x61\x6c\x20\x3d\
\x20\x77\x69\x72\x65\x3b\0\x20\x20\x20\x20\x77\x69\x72\x65\x2e\x61\x63\x6b\x20\
\x3d\x20\x62\x70\x66\x5f\x68\x74\x6f\x6e\x6c\x28\x62\x70\x66\x5f\x6e\x74\x6f\
\x68\x6c\x28\x73\x65\x71\x29\x20\x2b\x20\x31\x29\x3b\0\x20\x20\x20\x20\x69\x66\
\x20\x28\x70\x61\x63\x6b\x65\x74\x2e\x66\x61\x6d\x69\x6c\x79\x20\x3d\x3d\x20\
\x53\x59\x4e\x41\x43\x4b\x5f\x41\x46\x5f\x49\x4e\x45\x54\x29\x20\x7b\0\x20\x20\
\x20\x20\x20\x20\x20\x20\x6c\x6f\x63\x61\x6c\x20\x3d\x20\x42\x50\x46\x5f\x43\
\x4f\x52\x45\x5f\x52\x45\x41\x44\x28\x73\x6b\x2c\x20\x5f\x5f\x73\x6b\x5f\x63\
\x6f\x6d\x6d\x6f\x6e\x2e\x73\x6b\x63\x5f\x72\x63\x76\x5f\x73\x61\x64\x64\x72\
\x29\x3b\0\x20\x20\x20\x20\x20\x20\x20\x20\x72\x65\x6d\x6f\x74\x65\x20\x3d\x20\
\x42\x50\x46\x5f\x43\x4f\x52\x45\x5f\x52\x45\x41\x44\x28\x73\x6b\x2c\x20\x5f\
\x5f\x73\x6b\x5f\x63\x6f\x6d\x6d\x6f\x6e\x2e\x73\x6b\x63\x5f\x64\x61\x64\x64\
\x72\x29\x3b\0\x20\x20\x20\x20\x20\x20\x20\x20\x5f\x5f\x62\x75\x69\x6c\x74\x69\
\x6e\x5f\x6d\x65\x6d\x63\x70\x79\x28\x6f\x72\x69\x67\x69\x6e\x61\x6c\x2e\x64\
\x73\x74\x2c\x20\x26\x6c\x6f\x63\x61\x6c\x2c\x20\x34\x29\x3b\0\x20\x20\x20\x20\
\x20\x20\x20\x20\x5f\x5f\x62\x75\x69\x6c\x74\x69\x6e\x5f\x6d\x65\x6d\x63\x70\
\x79\x28\x6f\x72\x69\x67\x69\x6e\x61\x6c\x2e\x73\x72\x63\x2c\x20\x26\x72\x65\
\x6d\x6f\x74\x65\x2c\x20\x34\x29\x3b\0\x20\x20\x20\x20\x20\x20\x20\x20\x42\x50\
\x46\x5f\x43\x4f\x52\x45\x5f\x52\x45\x41\x44\x5f\x49\x4e\x54\x4f\x28\x26\x6f\
\x72\x69\x67\x69\x6e\x61\x6c\x2e\x73\x72\x63\x2c\x20\x73\x6b\x2c\x20\x5f\x5f\
\x73\x6b\x5f\x63\x6f\x6d\x6d\x6f\x6e\x2e\x73\x6b\x63\x5f\x76\x36\x5f\x64\x61\
\x64\x64\x72\x29\x3b\0\x20\x20\x20\x20\x20\x20\x20\x20\x42\x50\x46\x5f\x43\x4f\
\x52\x45\x5f\x52\x45\x41\x44\x5f\x49\x4e\x54\x4f\x28\x26\x6f\x72\x69\x67\x69\
\x6e\x61\x6c\x2e\x64\x73\x74\x2c\x20\x73\x6b\x2c\x20\x5f\x5f\x73\x6b\x5f\x63\
\x6f\x6d\x6d\x6f\x6e\x2e\x73\x6b\x63\x5f\x76\x36\x5f\x72\x63\x76\x5f\x73\x61\
\x64\x64\x72\x29\x3b\0\x20\x20\x20\x20\x6f\x72\x69\x67\x69\x6e\x61\x6c\x2e\x73\
\x70\x6f\x72\x74\x20\x3d\x20\x42\x50\x46\x5f\x43\x4f\x52\x45\x5f\x52\x45\x41\
\x44\x28\x73\x6b\x2c\x20\x5f\x5f\x73\x6b\x5f\x63\x6f\x6d\x6d\x6f\x6e\x2e\x73\
\x6b\x63\x5f\x64\x70\x6f\x72\x74\x29\x3b\0\x20\x20\x20\x20\x6f\x72\x69\x67\x69\
\x6e\x61\x6c\x2e\x64\x70\x6f\x72\x74\x20\x3d\x20\x62\x70\x66\x5f\x68\x74\x6f\
\x6e\x73\x28\x42\x50\x46\x5f\x43\x4f\x52\x45\x5f\x52\x45\x41\x44\x28\x73\x6b\
\x2c\x20\x5f\x5f\x73\x6b\x5f\x63\x6f\x6d\x6d\x6f\x6e\x2e\x73\x6b\x63\x5f\x6e\
\x75\x6d\x29\x29\x3b\0\x20\x20\x20\x20\x73\x79\x6e\x61\x63\x6b\x5f\x61\x64\x64\
\x5f\x65\x78\x70\x65\x63\x74\x61\x74\x69\x6f\x6e\x28\x26\x77\x69\x72\x65\x2c\
\x20\x63\x6f\x6f\x6b\x69\x65\x2c\x20\x63\x29\x3b\0\x20\x20\x20\x20\x73\x74\x72\
\x75\x63\x74\x20\x73\x79\x6e\x61\x63\x6b\x5f\x65\x78\x70\x65\x63\x74\x61\x74\
\x69\x6f\x6e\x20\x20\x2a\x65\x2c\x20\x76\x61\x6c\x75\x65\x20\x3d\x20\x7b\0\x20\
\x20\x20\x20\x69\x66\x20\x28\x63\x2d\x3e\x70\x68\x61\x73\x65\x20\x21\x3d\x20\
\x53\x59\x4e\x41\x43\x4b\x5f\x50\x45\x4e\x44\x49\x4e\x47\x29\x20\x7b\0\x20\x20\
\x20\x20\x20\x20\x20\x20\x20\x20\x20\x20\x26\x26\x20\x5f\x5f\x62\x75\x69\x6c\
\x74\x69\x6e\x5f\x6d\x65\x6d\x63\x6d\x70\x28\x26\x63\x2d\x3e\x6b\x65\x79\x73\
\x5b\x69\x5d\x2c\x20\x6b\x65\x79\x2c\x20\x73\x69\x7a\x65\x6f\x66\x28\x2a\x6b\
\x65\x79\x29\x29\x20\x3d\x3d\x20\x30\x29\0\x20\x20\x20\x20\x20\x20\x20\x20\x69\
\x66\x20\x28\x69\x20\x3c\x20\x63\x2d\x3e\x63\x6f\x75\x6e\x74\0\x20\x20\x20\x20\
\x6e\x20\x3d\x20\x62\x70\x66\x5f\x6d\x61\x70\x5f\x6c\x6f\x6f\x6b\x75\x70\x5f\
\x65\x6c\x65\x6d\x28\x26\x73\x79\x6e\x61\x63\x6b\x5f\x73\x74\x61\x74\x73\x2c\
\x20\x26\x69\x64\x29\x3b\0\x20\x20\x20\x20\x69\x66\x20\x28\x6e\x29\x20\x7b\0\
\x20\x20\x20\x20\x20\x20\x20\x20\x5f\x5f\x73\x79\x6e\x63\x5f\x66\x65\x74\x63\
\x68\x5f\x61\x6e\x64\x5f\x61\x64\x64\x28\x6e\x2c\x20\x31\x29\x3b\0\x20\x20\x20\
\x20\x73\x79\x6e\x61\x63\x6b\x5f\x61\x64\x64\x5f\x65\x78\x70\x65\x63\x74\x61\
\x74\x69\x6f\x6e\x28\x26\x6f\x72\x69\x67\x69\x6e\x61\x6c\x2c\x20\x63\x6f\x6f\
\x6b\x69\x65\x2c\x20\x63\x29\x3b\0\x20\x20\x20\x20\x65\x20\x3d\x20\x62\x70\x66\
\x5f\x6d\x61\x70\x5f\x6c\x6f\x6f\x6b\x75\x70\x5f\x65\x6c\x65\x6d\x28\x26\x73\
\x79\x6e\x61\x63\x6b\x5f\x65\x78\x70\x65\x63\x74\x2c\x20\x6b\x65\x79\x29\x3b\0\
\x20\x20\x20\x20\x20\x20\x20\x20\x26\x26\x20\x62\x70\x66\x5f\x6d\x61\x70\x5f\
\x75\x70\x64\x61\x74\x65\x5f\x65\x6c\x65\x6d\x28\x26\x73\x79\x6e\x61\x63\x6b\
\x5f\x65\x78\x70\x65\x63\x74\x2c\x20\x6b\x65\x79\x2c\x20\x26\x76\x61\x6c\x75\
\x65\x2c\x20\x42\x50\x46\x5f\x4e\x4f\x45\x58\x49\x53\x54\x29\x29\0\x20\x20\x20\
\x20\x69\x66\x20\x28\x65\x20\x3d\x3d\x20\x4e\x55\x4c\x4c\0\x20\x20\x20\x20\x20\
\x20\x20\x20\x65\x20\x3d\x20\x62\x70\x66\x5f\x6d\x61\x70\x5f\x6c\x6f\x6f\x6b\
\x75\x70\x5f\x65\x6c\x65\x6d\x28\x26\x73\x79\x6e\x61\x63\x6b\x5f\x65\x78\x70\
\x65\x63\x74\x2c\x20\x6b\x65\x79\x29\x3b\0\x20\x20\x20\x20\x20\x20\x20\x20\x69\
\x66\x20\x28\x65\x20\x3d\x3d\x20\x4e\x55\x4c\x4c\x29\x20\x7b\0\x20\x20\x20\x20\
\x69\x66\x20\x28\x65\x20\x26\x26\x20\x65\x2d\x3e\x63\x6f\x6f\x6b\x69\x65\x20\
\x21\x3d\x20\x63\x6f\x6f\x6b\x69\x65\x29\x20\x7b\0\x20\x20\x20\x20\x72\x65\x74\
\x75\x72\x6e\x20\x62\x70\x66\x5f\x6d\x61\x70\x5f\x6c\x6f\x6f\x6b\x75\x70\x5f\
\x65\x6c\x65\x6d\x28\x26\x73\x79\x6e\x61\x63\x6b\x5f\x63\x6f\x6e\x6e\x2c\x20\
\x26\x63\x6f\x6f\x6b\x69\x65\x29\x20\x21\x3d\x20\x4e\x55\x4c\x4c\x3b\0\x20\x20\
\x20\x20\x20\x20\x20\x20\x69\x66\x20\x28\x73\x79\x6e\x61\x63\x6b\x5f\x6f\x77\
\x6e\x65\x72\x5f\x61\x6c\x69\x76\x65\x28\x65\x2d\x3e\x63\x6f\x6f\x6b\x69\x65\
\x29\x29\x20\x7b\0\x20\x20\x20\x20\x20\x20\x20\x20\x20\x20\x20\x20\x5f\x5f\x73\
\x79\x6e\x63\x5f\x6c\x6f\x63\x6b\x5f\x74\x65\x73\x74\x5f\x61\x6e\x64\x5f\x73\
\x65\x74\x28\x26\x65\x2d\x3e\x61\x6d\x62\x69\x67\x75\x6f\x75\x73\x2c\x20\x31\
\x29\x3b\0\x20\x20\x20\x20\x20\x20\x20\x20\x65\x2d\x3e\x63\x6f\x6f\x6b\x69\x65\
\x20\x3d\x20\x63\x6f\x6f\x6b\x69\x65\x3b\0\x20\x20\x20\x20\x20\x20\x20\x20\x5f\
\x5f\x73\x79\x6e\x63\x5f\x6c\x6f\x63\x6b\x5f\x74\x65\x73\x74\x5f\x61\x6e\x64\
\x5f\x73\x65\x74\x28\x26\x65\x2d\x3e\x61\x6d\x62\x69\x67\x75\x6f\x75\x73\x2c\
\x20\x30\x29\x3b\0\x20\x20\x20\x20\x69\x66\x20\x28\x73\x6c\x6f\x74\x20\x3d\x3d\
\x20\x53\x59\x4e\x41\x43\x4b\x5f\x4d\x41\x58\x5f\x41\x4c\x49\x41\x53\x45\x53\
\x29\x20\x7b\0\x20\x20\x20\x20\x20\x20\x20\x20\x73\x6c\x6f\x74\x20\x3d\x20\x63\
\x2d\x3e\x63\x6f\x75\x6e\x74\x3b\0\x20\x20\x20\x20\x20\x20\x20\x20\x69\x66\x20\
\x28\x73\x6c\x6f\x74\x20\x3c\x20\x53\x59\x4e\x41\x43\x4b\x5f\x4d\x41\x58\x5f\
\x41\x4c\x49\x41\x53\x45\x53\x29\x20\x7b\0\x20\x20\x20\x20\x20\x20\x20\x20\x20\
\x20\x20\x20\x63\x2d\x3e\x6b\x65\x79\x73\x5b\x73\x6c\x6f\x74\x5d\x20\x3d\x20\
\x2a\x6b\x65\x79\x3b\0\x20\x20\x20\x20\x20\x20\x20\x20\x20\x20\x20\x20\x63\x2d\
\x3e\x63\x6f\x75\x6e\x74\x20\x3d\x20\x73\x6c\x6f\x74\x20\x2b\x20\x31\x3b\0\x20\
\x20\x20\x20\x69\x66\x20\x28\x65\x20\x26\x26\x20\x65\x2d\x3e\x63\x6f\x6f\x6b\
\x69\x65\x20\x3d\x3d\x20\x63\x6f\x6f\x6b\x69\x65\x20\x26\x26\x20\x21\x65\x2d\
\x3e\x61\x6d\x62\x69\x67\x75\x6f\x75\x73\x29\x20\x7b\0\x20\x20\x20\x20\x20\x20\
\x20\x20\x62\x70\x66\x5f\x6d\x61\x70\x5f\x64\x65\x6c\x65\x74\x65\x5f\x65\x6c\
\x65\x6d\x28\x26\x73\x79\x6e\x61\x63\x6b\x5f\x65\x78\x70\x65\x63\x74\x2c\x20\
\x6b\x65\x79\x29\x3b\0\x7d\0\x73\x79\x6e\x61\x63\x6b\x5f\x69\x6e\x28\x73\x74\
\x72\x75\x63\x74\x20\x62\x70\x66\x5f\x6e\x66\x5f\x63\x74\x78\x20\x2a\x63\x74\
\x78\x29\0\x20\x20\x20\x20\x7a\x65\x72\x6f\x20\x3d\x20\x30\x3b\0\x20\x20\x20\
\x20\x73\x74\x72\x75\x63\x74\x20\x73\x79\x6e\x61\x63\x6b\x5f\x6b\x65\x79\x20\
\x20\x20\x20\x20\x20\x20\x20\x20\x20\x20\x20\x6b\x65\x79\x20\x3d\x20\x7b\x7d\
\x3b\0\x20\x20\x20\x20\x66\x6c\x61\x67\x73\x20\x3d\x20\x73\x79\x6e\x61\x63\x6b\
\x5f\x70\x61\x72\x73\x65\x5f\x70\x61\x63\x6b\x65\x74\x28\x63\x74\x78\x2d\x3e\
\x73\x6b\x62\x2c\x20\x26\x6b\x65\x79\x2c\x20\x26\x6c\x65\x6e\x67\x74\x68\x2c\
\x20\x26\x73\x65\x71\x29\x3b\0\x20\x20\x20\x20\x20\x20\x20\x20\x6b\x65\x79\x2d\
\x3e\x66\x61\x6d\x69\x6c\x79\x20\x3d\x20\x53\x59\x4e\x41\x43\x4b\x5f\x41\x46\
\x5f\x49\x4e\x45\x54\x3b\0\x20\x20\x20\x20\x20\x20\x20\x20\x6b\x65\x79\x2d\x3e\
\x66\x61\x6d\x69\x6c\x79\x20\x3d\x20\x53\x59\x4e\x41\x43\x4b\x5f\x41\x46\x5f\
\x49\x4e\x45\x54\x36\x3b\0\x20\x20\x20\x20\x6b\x65\x79\x2d\x3e\x70\x72\x6f\x74\
\x6f\x63\x6f\x6c\x20\x3d\x20\x49\x50\x50\x52\x4f\x54\x4f\x5f\x54\x43\x50\x3b\0\
\x20\x20\x20\x20\x5f\x5f\x62\x75\x69\x6c\x74\x69\x6e\x5f\x6d\x65\x6d\x63\x70\
\x79\x28\x26\x6b\x65\x79\x2d\x3e\x73\x70\x6f\x72\x74\x2c\x20\x74\x63\x70\x2c\
\x20\x32\x29\x3b\0\x20\x20\x20\x20\x5f\x5f\x62\x75\x69\x6c\x74\x69\x6e\x5f\x6d\
\x65\x6d\x63\x70\x79\x28\x26\x6b\x65\x79\x2d\x3e\x64\x70\x6f\x72\x74\x2c\x20\
\x74\x63\x70\x20\x2b\x20\x32\x2c\x20\x32\x29\x3b\0\x20\x20\x20\x20\x5f\x5f\x62\
\x75\x69\x6c\x74\x69\x6e\x5f\x6d\x65\x6d\x63\x70\x79\x28\x26\x6b\x65\x79\x2d\
\x3e\x61\x63\x6b\x2c\x20\x74\x63\x70\x20\x2b\x20\x38\x2c\x20\x34\x29\x3b\0\x20\
\x20\x20\x20\x69\x66\x20\x28\x28\x66\x6c\x61\x67\x73\x20\x26\x20\x53\x59\x4e\
\x41\x43\x4b\x5f\x54\x43\x50\x5f\x46\x4c\x41\x47\x53\x29\x20\x21\x3d\x20\x28\
\x53\x59\x4e\x41\x43\x4b\x5f\x54\x43\x50\x5f\x53\x59\x4e\x7c\x53\x59\x4e\x41\
\x43\x4b\x5f\x54\x43\x50\x5f\x41\x43\x4b\x29\x29\x20\x7b\0\x20\x20\x20\x20\x65\
\x20\x3d\x20\x62\x70\x66\x5f\x6d\x61\x70\x5f\x6c\x6f\x6f\x6b\x75\x70\x5f\x65\
\x6c\x65\x6d\x28\x26\x73\x79\x6e\x61\x63\x6b\x5f\x65\x78\x70\x65\x63\x74\x2c\
\x20\x26\x6b\x65\x79\x29\x3b\0\x20\x20\x20\x20\x69\x66\x20\x28\x65\x20\x3d\x3d\
\x20\x4e\x55\x4c\x4c\x20\x7c\x7c\x20\x65\x2d\x3e\x61\x6d\x62\x69\x67\x75\x6f\
\x75\x73\x29\x20\x7b\0\x20\x20\x20\x20\x74\x6d\x70\x20\x3d\x20\x62\x70\x66\x5f\
\x6d\x61\x70\x5f\x6c\x6f\x6f\x6b\x75\x70\x5f\x65\x6c\x65\x6d\x28\x26\x73\x79\
\x6e\x61\x63\x6b\x5f\x73\x63\x72\x61\x74\x63\x68\x2c\x20\x26\x7a\x65\x72\x6f\
\x29\x3b\0\x20\x20\x20\x20\x69\x66\x20\x28\x74\x6d\x70\x20\x3d\x3d\x20\x4e\x55\
\x4c\x4c\x29\x20\x7b\0\x20\x20\x20\x20\x5f\x5f\x62\x75\x69\x6c\x74\x69\x6e\x5f\
\x6d\x65\x6d\x73\x65\x74\x28\x74\x6d\x70\x2c\x20\x30\x2c\x20\x73\x69\x7a\x65\
\x6f\x66\x28\x2a\x74\x6d\x70\x29\x29\x3b\0\x20\x20\x20\x20\x69\x66\x20\x28\x73\
\x79\x6e\x61\x63\x6b\x5f\x63\x6f\x70\x79\x5f\x68\x65\x61\x64\x65\x72\x73\x28\
\x63\x74\x78\x2d\x3e\x73\x6b\x62\x2c\x20\x74\x6d\x70\x2d\x3e\x68\x65\x61\x64\
\x65\x72\x73\x2c\x20\x6c\x65\x6e\x67\x74\x68\x29\x29\x20\x7b\0\x20\x20\x20\x20\
\x68\x65\x61\x64\x20\x3d\x20\x73\x6b\x62\x2d\x3e\x68\x65\x61\x64\x20\x2b\x20\
\x73\x6b\x62\x2d\x3e\x6e\x65\x74\x77\x6f\x72\x6b\x5f\x68\x65\x61\x64\x65\x72\
\x3b\0\x20\x20\x20\x20\x61\x73\x6d\x20\x76\x6f\x6c\x61\x74\x69\x6c\x65\x28\x22\
\x22\x20\x3a\x20\x22\x2b\x72\x22\x28\x72\x65\x61\x64\x5f\x6c\x65\x6e\x29\x29\
\x3b\0\x20\x20\x20\x20\x69\x66\x20\x28\x72\x65\x61\x64\x5f\x6c\x65\x6e\x20\x3d\
\x3d\x20\x30\x20\x7c\x7c\x20\x72\x65\x61\x64\x5f\x6c\x65\x6e\x20\x3e\x20\x53\
\x59\x4e\x41\x43\x4b\x5f\x4d\x41\x58\x5f\x48\x45\x41\x44\x45\x52\x53\x29\x20\
\x7b\0\x20\x20\x20\x20\x72\x65\x74\x75\x72\x6e\x20\x62\x70\x66\x5f\x70\x72\x6f\
\x62\x65\x5f\x72\x65\x61\x64\x5f\x6b\x65\x72\x6e\x65\x6c\x28\x62\x79\x74\x65\
\x73\x2c\x20\x72\x65\x61\x64\x5f\x6c\x65\x6e\x2c\x20\x68\x65\x61\x64\x29\x20\
\x3f\x20\x2d\x31\x20\x3a\x20\x30\x3b\0\x20\x20\x20\x20\x63\x6f\x6f\x6b\x69\x65\
\x20\x3d\x20\x65\x2d\x3e\x63\x6f\x6f\x6b\x69\x65\x3b\0\x20\x20\x20\x20\x69\x66\
\x20\x28\x63\x20\x3d\x3d\x20\x4e\x55\x4c\x4c\x29\x20\x7b\0\x20\x20\x20\x20\x69\
\x66\x20\x28\x5f\x5f\x73\x79\x6e\x63\x5f\x76\x61\x6c\x5f\x63\x6f\x6d\x70\x61\
\x72\x65\x5f\x61\x6e\x64\x5f\x73\x77\x61\x70\x28\x26\x63\x2d\x3e\x70\x68\x61\
\x73\x65\x2c\x20\x53\x59\x4e\x41\x43\x4b\x5f\x50\x45\x4e\x44\x49\x4e\x47\x2c\
\x20\x53\x59\x4e\x41\x43\x4b\x5f\x43\x4c\x41\x49\x4d\x45\x44\x29\0\x20\x20\x20\
\x20\x69\x66\x20\x28\x65\x2d\x3e\x61\x6d\x62\x69\x67\x75\x6f\x75\x73\x20\x7c\
\x7c\x20\x65\x2d\x3e\x63\x6f\x6f\x6b\x69\x65\x20\x21\x3d\x20\x63\x6f\x6f\x6b\
\x69\x65\x29\x20\x7b\0\x20\x20\x20\x20\x20\x20\x20\x20\x5f\x5f\x73\x79\x6e\x63\
\x5f\x6c\x6f\x63\x6b\x5f\x74\x65\x73\x74\x5f\x61\x6e\x64\x5f\x73\x65\x74\x28\
\x26\x63\x2d\x3e\x70\x68\x61\x73\x65\x2c\x20\x53\x59\x4e\x41\x43\x4b\x5f\x50\
\x45\x4e\x44\x49\x4e\x47\x29\x3b\0\x20\x20\x20\x20\x74\x6d\x70\x2d\x3e\x6c\x65\
\x6e\x67\x74\x68\x20\x3d\x20\x6c\x65\x6e\x67\x74\x68\x3b\0\x20\x20\x20\x20\x74\
\x6d\x70\x2d\x3e\x76\x65\x72\x73\x69\x6f\x6e\x20\x3d\x20\x53\x59\x4e\x41\x43\
\x4b\x5f\x56\x45\x52\x53\x49\x4f\x4e\x3b\0\x20\x20\x20\x20\x69\x66\x20\x28\x62\
\x70\x66\x5f\x6d\x61\x70\x5f\x75\x70\x64\x61\x74\x65\x5f\x65\x6c\x65\x6d\x28\
\x26\x73\x79\x6e\x61\x63\x6b\x5f\x63\x61\x70\x74\x75\x72\x65\x2c\x20\x26\x63\
\x6f\x6f\x6b\x69\x65\x2c\x20\x74\x6d\x70\x2c\x20\x42\x50\x46\x5f\x4e\x4f\x45\
\x58\x49\x53\x54\x29\x29\x20\x7b\0\x20\x20\x20\x20\x5f\x5f\x73\x79\x6e\x63\x5f\
\x6c\x6f\x63\x6b\x5f\x74\x65\x73\x74\x5f\x61\x6e\x64\x5f\x73\x65\x74\x28\x26\
\x63\x2d\x3e\x70\x68\x61\x73\x65\x2c\x20\x53\x59\x4e\x41\x43\x4b\x5f\x43\x4f\
\x4d\x50\x4c\x45\x54\x45\x29\x3b\0\x20\x20\x20\x20\x20\x20\x20\x20\x69\x66\x20\
\x28\x69\x20\x3c\x20\x63\x2d\x3e\x63\x6f\x75\x6e\x74\x29\x20\x7b\0\x20\x20\x20\
\x20\x20\x20\x20\x20\x20\x20\x20\x20\x73\x79\x6e\x61\x63\x6b\x5f\x72\x65\x6d\
\x6f\x76\x65\x5f\x6f\x77\x6e\x65\x64\x28\x26\x63\x2d\x3e\x6b\x65\x79\x73\x5b\
\x69\x5d\x2c\x20\x63\x6f\x6f\x6b\x69\x65\x29\x3b\0\x20\x20\x20\x20\x62\x70\x66\
\x5f\x6d\x61\x70\x5f\x64\x65\x6c\x65\x74\x65\x5f\x65\x6c\x65\x6d\x28\x26\x73\
\x79\x6e\x61\x63\x6b\x5f\x63\x6f\x6e\x6e\x2c\x20\x26\x63\x6f\x6f\x6b\x69\x65\
\x29\x3b\0\x30\x3a\x30\0\x30\x3a\x34\0\x30\x3a\x31\0\x30\x3a\x30\x3a\x34\0\x30\
\x3a\x30\x3a\x31\x35\x3a\x30\0\x30\x3a\x32\x33\0\x30\x3a\x32\x34\0\x30\x3a\x36\
\0\x30\x3a\x32\x30\x3a\x30\x3a\x34\x39\0\x30\x3a\x32\x31\0\x30\x3a\x30\x3a\x30\
\x3a\x31\x3a\x31\0\x30\x3a\x30\x3a\x30\x3a\x31\x3a\x30\0\x30\x3a\x30\x3a\x31\
\x33\0\x30\x3a\x30\x3a\x31\x34\0\x30\x3a\x30\x3a\x32\x3a\x31\x3a\x30\0\x30\x3a\
\x30\x3a\x32\x3a\x31\x3a\x31\0\x2e\x6d\x61\x70\x73\0\x6c\x69\x63\x65\x6e\x73\
\x65\0\x6e\x65\x74\x66\x69\x6c\x74\x65\x72\0\0\0\0\0\0\0\x9f\xeb\x01\0\x20\0\0\
\0\0\0\0\0\x1c\0\0\0\x1c\0\0\0\xec\x17\0\0\x08\x18\0\0\xbc\x01\0\0\x08\0\0\0\
\x24\x7d\0\0\x02\0\0\0\0\0\0\0\x3a\0\0\0\xb8\x27\0\0\x0d\x03\0\0\x10\0\0\0\x24\
\x7d\0\0\x7e\x01\0\0\0\0\0\0\x7c\x66\0\0\x91\x66\0\0\0\x3c\x06\0\x08\0\0\0\x7c\
\x66\0\0\xb4\x66\0\0\x22\x58\x06\0\x30\0\0\0\x7c\x66\0\0\xb4\x66\0\0\x2f\x58\
\x06\0\x60\0\0\0\x7c\x66\0\0\xb4\x66\0\0\x3a\x58\x06\0\x90\0\0\0\x7c\x66\0\0\
\xfc\x66\0\0\x0f\x7c\x06\0\x98\0\0\0\x7c\x66\0\0\xfc\x66\0\0\x16\x7c\x06\0\xa0\
\0\0\0\x7c\x66\0\0\x15\x67\0\0\x09\x80\x06\0\xa8\0\0\0\x7c\x66\0\0\x2b\x67\0\0\
\x13\x84\x06\0\xb0\0\0\0\x7c\x66\0\0\x2b\x67\0\0\x18\x84\x06\0\xb8\0\0\0\x7c\
\x66\0\0\x15\x67\0\0\x09\x90\x06\0\xc0\0\0\0\x7c\x66\0\0\x46\x67\0\0\x1d\xc4\
\x06\0\xc8\0\0\0\x7c\x66\0\0\x6d\x67\0\0\x1f\xc8\x06\0\xd8\0\0\0\x7c\x66\0\0\
\xa4\x67\0\0\x29\xe0\x06\0\xe0\0\0\0\x7c\x66\0\0\xa4\x67\0\0\x0c\xe0\x06\0\xe8\
\0\0\0\x7c\x66\0\0\xd5\x67\0\0\x09\xe4\x06\0\xf8\0\0\0\x7c\x66\0\0\xec\x67\0\0\
\x09\xf4\x06\0\x28\x01\0\0\x7c\x66\0\0\x20\x68\0\0\x13\xfc\x06\0\x30\x01\0\0\
\x7c\x66\0\0\x20\x68\0\0\x19\xfc\x06\0\x38\x01\0\0\x7c\x66\0\0\x20\x68\0\0\x09\
\xfc\x06\0\x40\x01\0\0\x7c\x66\0\0\x53\x68\0\0\x26\x18\x07\0\x48\x01\0\0\x7c\
\x66\0\0\x96\x68\0\0\x11\x14\x01\0\x50\x01\0\0\x7c\x66\0\0\xac\x68\0\0\x18\x20\
\x01\0\x58\x01\0\0\x7c\x66\0\0\xd0\x68\0\0\x1a\x24\x01\0\x60\x01\0\0\x7c\x66\0\
\0\xee\x68\0\0\x13\x18\x01\0\x68\x01\0\0\x7c\x66\0\0\x10\x69\0\0\x11\x1c\x01\0\
\x70\x01\0\0\x7c\x66\0\0\x26\x69\0\0\x09\x44\x01\0\x78\x01\0\0\x7c\x66\0\0\x26\
\x69\0\0\x11\x44\x01\0\x88\x01\0\0\x7c\x66\0\0\x44\x69\0\0\x09\x48\x01\0\xa0\
\x01\0\0\x7c\x66\0\0\x62\x69\0\0\x1a\x4c\x01\0\xb0\x01\0\0\x7c\x66\0\0\x93\x69\
\0\0\x09\x40\x01\0\xb8\x01\0\0\x7c\x66\0\0\xa9\x69\0\0\x2c\x68\x01\0\xc0\x01\0\
\0\x7c\x66\0\0\xa9\x69\0\0\x09\x68\x01\0\xd0\x01\0\0\x7c\x66\0\0\0\0\0\0\0\0\0\
\0\xd8\x01\0\0\x7c\x66\0\0\xa9\x69\0\0\x09\x68\x01\0\x10\x02\0\0\x7c\x66\0\0\
\xa9\x69\0\0\x09\x68\x01\0\x18\x02\0\0\x7c\x66\0\0\xe1\x69\0\0\x09\x78\x01\0\
\x30\x02\0\0\x7c\x66\0\0\xe1\x69\0\0\x09\x78\x01\0\x40\x02\0\0\x7c\x66\0\0\xfc\
\x69\0\0\x1e\x7c\x01\0\x58\x02\0\0\x7c\x66\0\0\x1e\x6a\0\0\x16\x90\x01\0\x70\
\x02\0\0\x7c\x66\0\0\x1e\x6a\0\0\x32\x90\x01\0\x78\x02\0\0\x7c\x66\0\0\x1e\x6a\
\0\0\x38\x90\x01\0\x98\x02\0\0\x7c\x66\0\0\x1e\x6a\0\0\x40\x90\x01\0\xc0\x02\0\
\0\x7c\x66\0\0\x69\x6a\0\0\x09\xa8\x01\0\x18\x03\0\0\x7c\x66\0\0\x99\x6a\0\0\
\x09\xa4\x01\0\x88\x03\0\0\x7c\x66\0\0\xc9\x6a\0\0\x05\xb0\x01\0\x98\x03\0\0\
\x7c\x66\0\0\xeb\x6a\0\0\x0d\xbc\x01\0\xa8\x03\0\0\x7c\x66\0\0\xeb\x6a\0\0\x10\
\xbc\x01\0\xc8\x03\0\0\x7c\x66\0\0\x28\x6b\0\0\x0d\xb8\x01\0\xd0\x03\0\0\x7c\
\x66\0\0\x47\x6b\0\0\x1a\xd0\x01\0\xd8\x03\0\0\x7c\x66\0\0\x47\x6b\0\0\x20\xd0\
\x01\0\xe0\x03\0\0\x7c\x66\0\0\x47\x6b\0\0\x28\xd0\x01\0\xe8\x03\0\0\x7c\x66\0\
\0\x47\x6b\0\0\x26\xd0\x01\0\xf0\x03\0\0\x7c\x66\0\0\x75\x6b\0\0\x0d\xd8\x01\0\
\xf8\x03\0\0\x7c\x66\0\0\x8f\x6b\0\0\x09\xf8\x01\0\xa8\x04\0\0\x7c\x66\0\0\xc0\
\x6b\0\0\x09\xf4\x01\0\x58\x05\0\0\x7c\x66\0\0\x8f\x6b\0\0\x09\xf8\x01\0\x88\
\x05\0\0\x7c\x66\0\0\xc0\x6b\0\0\x09\xf4\x01\0\xe0\x05\0\0\x7c\x66\0\0\x8f\x6b\
\0\0\x09\xf8\x01\0\x58\x06\0\0\x7c\x66\0\0\xc0\x6b\0\0\x09\xf4\x01\0\x70\x06\0\
\0\x7c\x66\0\0\x8f\x6b\0\0\x09\xf8\x01\0\x78\x06\0\0\x7c\x66\0\0\xc0\x6b\0\0\
\x09\xf4\x01\0\xd8\x06\0\0\x7c\x66\0\0\x8f\x6b\0\0\x09\xf8\x01\0\x30\x07\0\0\
\x7c\x66\0\0\xc0\x6b\0\0\x09\xf4\x01\0\x40\x07\0\0\x7c\x66\0\0\x8f\x6b\0\0\x09\
\xf8\x01\0\x50\x07\0\0\x7c\x66\0\0\xc0\x6b\0\0\x09\xf4\x01\0\x60\x07\0\0\x7c\
\x66\0\0\x8f\x6b\0\0\x09\xf8\x01\0\x88\x07\0\0\x7c\x66\0\0\xc0\x6b\0\0\x09\xf4\
\x01\0\xc8\x07\0\0\x7c\x66\0\0\xf0\x6b\0\0\x0f\xe8\x01\0\xd8\x07\0\0\x7c\x66\0\
\0\x05\x6c\0\0\x10\0\x02\0\xe8\x07\0\0\x7c\x66\0\0\x1b\x6c\0\0\x09\x0c\x02\0\
\x18\x08\0\0\x7c\x66\0\0\x2f\x6c\0\0\x1d\x60\x02\0\x20\x08\0\0\x7c\x66\0\0\x2f\
\x6c\0\0\x2f\x60\x02\0\x40\x08\0\0\x7c\x66\0\0\0\0\0\0\0\0\0\0\x58\x08\0\0\x7c\
\x66\0\0\x6f\x6c\0\0\x14\x80\x02\0\x60\x08\0\0\x7c\x66\0\0\x8a\x6c\0\0\x11\x7c\
\x02\0\x78\x08\0\0\x7c\x66\0\0\x1b\x6c\0\0\x09\x0c\x02\0\x80\x08\0\0\x7c\x66\0\
\0\0\0\0\0\0\0\0\0\x88\x08\0\0\x7c\x66\0\0\x1b\x6c\0\0\x09\x0c\x02\0\x98\x08\0\
\0\x7c\x66\0\0\xa3\x6c\0\0\x0d\x8c\x02\0\xa8\x08\0\0\x7c\x66\0\0\0\0\0\0\0\0\0\
\0\xb8\x08\0\0\x7c\x66\0\0\xc6\x6c\0\0\x09\xb0\x02\0\xd0\x08\0\0\x7c\x66\0\0\
\xed\x6c\0\0\x10\xb4\x02\0\xe0\x08\0\0\x7c\x66\0\0\x11\x6d\0\0\x09\xb8\x02\0\
\xf0\x08\0\0\x7c\x66\0\0\x2e\x6d\0\0\x36\xcc\x02\0\x10\x09\0\0\x7c\x66\0\0\x2e\
\x6d\0\0\x09\xcc\x02\0\x30\x09\0\0\x7c\x66\0\0\x2e\x6d\0\0\x09\xcc\x02\0\x38\
\x09\0\0\x7c\x66\0\0\x6d\x6d\0\0\x10\xdc\x02\0\x40\x09\0\0\x7c\x66\0\0\x6d\x6d\
\0\0\x1e\xdc\x02\0\x50\x09\0\0\x7c\x66\0\0\x8f\x6d\0\0\x09\xe8\x02\0\x60\x09\0\
\0\x7c\x66\0\0\x8f\x6d\0\0\x10\xe8\x02\0\x70\x09\0\0\x7c\x66\0\0\xbd\x6d\0\0\
\x09\xec\x02\0\xa0\x09\0\0\x7c\x66\0\0\xde\x6d\0\0\x11\x20\x02\0\xd0\x09\0\0\
\x7c\x66\0\0\x09\x6e\0\0\x3d\x38\x02\0\xf8\x09\0\0\x7c\x66\0\0\x09\x6e\0\0\x11\
\x38\x02\0\x20\x0a\0\0\x7c\x66\0\0\x09\x6e\0\0\x11\x38\x02\0\x40\x0a\0\0\x7c\
\x66\0\0\x4f\x6e\0\0\x11\x4c\x02\0\x60\x0a\0\0\x7c\x66\0\0\x7e\x6e\0\0\x21\x58\
\x02\0\x70\x0a\0\0\x7c\x66\0\0\xaf\x6e\0\0\x0c\x24\x03\0\x78\x0a\0\0\x7c\x66\0\
\0\xc3\x6e\0\0\x10\x20\x07\0\x80\x0a\0\0\x7c\x66\0\0\xc3\x6e\0\0\x09\x20\x07\0\
\x88\x0a\0\0\x7c\x66\0\0\0\0\0\0\0\0\0\0\xb8\x0a\0\0\x7c\x66\0\0\xfb\x6e\0\0\
\x05\x48\x07\0\xd0\x0a\0\0\x7c\x66\0\0\x2b\x6f\0\0\x13\x44\x07\0\xd8\x0a\0\0\
\x7c\x66\0\0\x4c\x6f\0\0\x11\x40\x07\0\xe8\x0a\0\0\x7c\x66\0\0\xfb\x6e\0\0\x05\
\x48\x07\0\xf8\x0a\0\0\x7c\x66\0\0\x6d\x6f\0\0\x05\x4c\x07\0\x18\x0b\0\0\x7c\
\x66\0\0\x9d\x6f\0\0\x10\x54\x07\0\x20\x0b\0\0\x7c\x66\0\0\xbc\x6f\0\0\x10\x50\
\x07\0\x28\x0b\0\0\x7c\x66\0\0\xfb\x6e\0\0\x05\x48\x07\0\x38\x0b\0\0\x7c\x66\0\
\0\xdb\x6f\0\0\x10\x68\x07\0\x40\x0b\0\0\x7c\x66\0\0\x6d\x6f\0\0\x05\x4c\x07\0\
\x50\x0b\0\0\x7c\x66\0\0\xdb\x6f\0\0\x10\x68\x07\0\x88\x0b\0\0\x7c\x66\0\0\xf0\
\x6f\0\0\x10\x58\x07\0\xa0\x0b\0\0\x7c\x66\0\0\xf0\x6f\0\0\x0e\x58\x07\0\xa8\
\x0b\0\0\x7c\x66\0\0\xdb\x6f\0\0\x10\x68\x07\0\xb0\x0b\0\0\x7c\x66\0\0\x1e\x70\
\0\0\x09\x70\x07\0\xe0\x0b\0\0\x7c\x66\0\0\x49\x70\0\0\x11\x74\x07\0\x10\x0c\0\
\0\x7c\x66\0\0\x49\x70\0\0\x11\x74\x07\0\x20\x0c\0\0\x7c\x66\0\0\x49\x70\0\0\
\x11\x74\x07\0\x28\x0c\0\0\x7c\x66\0\0\x87\x70\0\0\x12\x78\x07\0\x38\x0c\0\0\
\x7c\x66\0\0\xc2\x70\0\0\x09\x80\x07\0\x40\x0c\0\0\x7c\x66\0\0\x87\x70\0\0\x12\
\x78\x07\0\x48\x0c\0\0\x7c\x66\0\0\xf5\x70\0\0\x09\x7c\x07\0\x70\x0c\0\0\x7c\
\x66\0\0\x29\x71\0\0\x09\x8c\x07\0\xa8\x0c\0\0\x7c\x66\0\0\x72\x71\0\0\x09\x90\
\x07\0\xe8\x0c\0\0\x7c\x66\0\0\xbf\x71\0\0\x16\x9c\x07\0\0\x0d\0\0\x7c\x66\0\0\
\xbf\x71\0\0\x16\x9c\x07\0\x08\x0d\0\0\x7c\x66\0\0\xbf\x71\0\0\x14\x9c\x07\0\
\x28\x0d\0\0\x7c\x66\0\0\xbf\x71\0\0\x16\x9c\x07\0\x30\x0d\0\0\x7c\x66\0\0\xfe\
\x71\0\0\x16\xa0\x07\0\x48\x0d\0\0\x7c\x66\0\0\xfe\x71\0\0\x16\xa0\x07\0\x58\
\x0d\0\0\x7c\x66\0\0\xfe\x71\0\0\x14\xa0\x07\0\x60\x0d\0\0\x7c\x66\0\0\x46\x72\
\0\0\x23\xa8\x07\0\x70\x0d\0\0\x7c\x66\0\0\x74\x72\0\0\x2c\x04\x05\0\x80\x0d\0\
\0\x7c\x66\0\0\xa1\x72\0\0\x0c\x14\x05\0\x90\x0d\0\0\x7c\x66\0\0\xa1\x72\0\0\
\x09\x14\x05\0\xb0\x0d\0\0\x7c\x66\0\0\xc7\x72\0\0\x0d\x34\x05\0\xc0\x0d\0\0\
\x7c\x66\0\0\xc7\x72\0\0\x10\x34\x05\0\x28\x12\0\0\x7c\x66\0\0\x0d\x73\0\0\x0d\
\x30\x05\0\x38\x12\0\0\x7c\x66\0\0\xc7\x72\0\0\x0d\x34\x05\0\x48\x12\0\0\x7c\
\x66\0\0\xc7\x72\0\0\x10\x34\x05\0\xb0\x16\0\0\x7c\x66\0\0\x0d\x73\0\0\x0d\x30\
\x05\0\xd0\x16\0\0\x7c\x66\0\0\0\0\0\0\0\0\0\0\xd8\x16\0\0\x7c\x66\0\0\x26\x73\
\0\0\x09\x68\x04\0\xf0\x16\0\0\x7c\x66\0\0\x57\x73\0\0\x09\x6c\x04\0\0\x17\0\0\
\x7c\x66\0\0\x64\x73\0\0\x09\x70\x04\0\x08\x17\0\0\x7c\x66\0\0\x88\x73\0\0\x27\
\xac\x07\0\x10\x17\0\0\x7c\x66\0\0\x74\x72\0\0\x2c\x04\x05\0\x20\x17\0\0\x7c\
\x66\0\0\xa1\x72\0\0\x0c\x14\x05\0\x30\x17\0\0\x7c\x66\0\0\xa1\x72\0\0\x09\x14\
\x05\0\x50\x17\0\0\x7c\x66\0\0\xc7\x72\0\0\x0d\x34\x05\0\x60\x17\0\0\x7c\x66\0\
\0\xc7\x72\0\0\x10\x34\x05\0\x38\x18\0\0\x7c\x66\0\0\xba\x73\0\0\x09\x64\x05\0\
\x60\x18\0\0\x7c\x66\0\0\xec\x73\0\0\x09\x70\x05\0\x70\x18\0\0\x7c\x66\0\0\xec\
\x73\0\0\x0c\x70\x05\0\xa8\x18\0\0\x7c\x66\0\0\x36\x74\0\0\x09\x6c\x05\0\xb8\
\x18\0\0\x7c\x66\0\0\x48\x74\0\0\x0d\x80\x05\0\xe0\x18\0\0\x7c\x66\0\0\x7e\x74\
\0\0\x0d\x84\x05\0\0\x19\0\0\x7c\x66\0\0\0\0\0\0\0\0\0\0\x08\x19\0\0\x7c\x66\0\
\0\x26\x73\0\0\x09\x68\x04\0\x20\x19\0\0\x7c\x66\0\0\x57\x73\0\0\x09\x6c\x04\0\
\x30\x19\0\0\x7c\x66\0\0\x97\x74\0\0\x11\x9c\x05\0\x38\x19\0\0\x7c\x66\0\0\x97\
\x74\0\0\x09\x9c\x05\0\x50\x19\0\0\x7c\x66\0\0\0\0\0\0\0\0\0\0\x58\x19\0\0\x7c\
\x66\0\0\xbb\x74\0\0\x0c\xe0\x04\0\x70\x19\0\0\x7c\x66\0\0\xfa\x74\0\0\x0d\xa4\
\x05\0\x80\x19\0\0\x7c\x66\0\0\x27\x75\0\0\x0d\xb4\x05\0\xa8\x19\0\0\x7c\x66\0\
\0\x26\x73\0\0\x09\x68\x04\0\xc0\x19\0\0\x7c\x66\0\0\x57\x73\0\0\x09\x6c\x04\0\
\xd0\x19\0\0\x7c\x66\0\0\x5f\x75\0\0\x13\xe0\x05\0\xe0\x19\0\0\x7c\x66\0\0\x7b\
\x75\0\0\x09\xe4\x05\0\xe8\x19\0\0\x7c\x66\0\0\xaf\x75\0\0\x09\xf0\x05\0\xf0\
\x19\0\0\x7c\x66\0\0\xd5\x75\0\0\x13\xf4\x05\0\0\x1a\0\0\x7c\x66\0\0\xee\x75\0\
\0\x0d\xfc\x05\0\x08\x1a\0\0\x7c\x66\0\0\x17\x76\0\0\x0d\0\x06\0\x30\x1a\0\0\
\x7c\x66\0\0\x17\x76\0\0\x1d\0\x06\0\x08\x1b\0\0\x7c\x66\0\0\x39\x76\0\0\x1d\
\x04\x06\0\x10\x1b\0\0\x7c\x66\0\0\x39\x76\0\0\x16\x04\x06\0\x18\x1b\0\0\x7c\
\x66\0\0\xa1\x72\0\0\x0c\x1c\x06\0\x28\x1b\0\0\x7c\x66\0\0\xa1\x72\0\0\x09\x1c\
\x06\0\x38\x1b\0\0\x7c\x66\0\0\0\0\0\0\0\0\0\0\x40\x1b\0\0\x7c\x66\0\0\xba\x73\
\0\0\x09\x98\x04\0\x58\x1b\0\0\x7c\x66\0\0\x5a\x76\0\0\x0b\xa8\x04\0\x60\x1b\0\
\0\x7c\x66\0\0\x5a\x76\0\0\x11\xa8\x04\0\x68\x1b\0\0\x7c\x66\0\0\x5a\x76\0\0\
\x22\xa8\x04\0\x70\x1b\0\0\x7c\x66\0\0\x5a\x76\0\0\x29\xa8\x04\0\x78\x1b\0\0\
\x7c\x66\0\0\x5a\x76\0\0\x09\xa8\x04\0\x88\x1b\0\0\x7c\x66\0\0\x8f\x76\0\0\x09\
\xac\x04\0\xb8\x1b\0\0\x7c\x66\0\0\xc7\x72\0\0\x10\x34\x05\0\x48\x1f\0\0\x7c\
\x66\0\0\x0d\x73\0\0\x0d\x30\x05\0\x58\x1f\0\0\x7c\x66\0\0\xc7\x72\0\0\x0d\x34\
\x05\0\x68\x1f\0\0\x7c\x66\0\0\xc7\x72\0\0\x10\x34\x05\0\xd0\x23\0\0\x7c\x66\0\
\0\x0d\x73\0\0\x0d\x30\x05\0\xf0\x23\0\0\x7c\x66\0\0\0\0\0\0\0\0\0\0\xf8\x23\0\
\0\x7c\x66\0\0\x26\x73\0\0\x09\x68\x04\0\x10\x24\0\0\x7c\x66\0\0\x57\x73\0\0\
\x09\x6c\x04\0\x20\x24\0\0\x7c\x66\0\0\x64\x73\0\0\x09\x70\x04\0\x28\x24\0\0\
\x7c\x66\0\0\xc1\x76\0\0\x01\xb8\x07\0\x40\x24\0\0\x7c\x66\0\0\xba\x73\0\0\x09\
\x64\x05\0\x68\x24\0\0\x7c\x66\0\0\xec\x73\0\0\x09\x70\x05\0\x78\x24\0\0\x7c\
\x66\0\0\xec\x73\0\0\x0c\x70\x05\0\xb0\x24\0\0\x7c\x66\0\0\x36\x74\0\0\x09\x6c\
\x05\0\xc0\x24\0\0\x7c\x66\0\0\x48\x74\0\0\x0d\x80\x05\0\xe8\x24\0\0\x7c\x66\0\
\0\x7e\x74\0\0\x0d\x84\x05\0\x08\x25\0\0\x7c\x66\0\0\0\0\0\0\0\0\0\0\x10\x25\0\
\0\x7c\x66\0\0\x26\x73\0\0\x09\x68\x04\0\x28\x25\0\0\x7c\x66\0\0\x57\x73\0\0\
\x09\x6c\x04\0\x38\x25\0\0\x7c\x66\0\0\x97\x74\0\0\x11\x9c\x05\0\x40\x25\0\0\
\x7c\x66\0\0\x97\x74\0\0\x09\x9c\x05\0\x58\x25\0\0\x7c\x66\0\0\0\0\0\0\0\0\0\0\
\x60\x25\0\0\x7c\x66\0\0\xbb\x74\0\0\x0c\xe0\x04\0\x78\x25\0\0\x7c\x66\0\0\xfa\
\x74\0\0\x0d\xa4\x05\0\x88\x25\0\0\x7c\x66\0\0\x27\x75\0\0\x0d\xb4\x05\0\xb0\
\x25\0\0\x7c\x66\0\0\x26\x73\0\0\x09\x68\x04\0\xc8\x25\0\0\x7c\x66\0\0\x57\x73\
\0\0\x09\x6c\x04\0\xd8\x25\0\0\x7c\x66\0\0\x5f\x75\0\0\x13\xe0\x05\0\xe8\x25\0\
\0\x7c\x66\0\0\x7b\x75\0\0\x09\xe4\x05\0\xf0\x25\0\0\x7c\x66\0\0\xaf\x75\0\0\
\x09\xf0\x05\0\xf8\x25\0\0\x7c\x66\0\0\xd5\x75\0\0\x13\xf4\x05\0\x08\x26\0\0\
\x7c\x66\0\0\xee\x75\0\0\x0d\xfc\x05\0\x10\x26\0\0\x7c\x66\0\0\x17\x76\0\0\x0d\
\0\x06\0\x38\x26\0\0\x7c\x66\0\0\x17\x76\0\0\x1d\0\x06\0\x10\x27\0\0\x7c\x66\0\
\0\x39\x76\0\0\x1d\x04\x06\0\x18\x27\0\0\x7c\x66\0\0\x39\x76\0\0\x16\x04\x06\0\
\x20\x27\0\0\x7c\x66\0\0\xa1\x72\0\0\x0c\x1c\x06\0\x30\x27\0\0\x7c\x66\0\0\xa1\
\x72\0\0\x09\x1c\x06\0\x40\x27\0\0\x7c\x66\0\0\0\0\0\0\0\0\0\0\x48\x27\0\0\x7c\
\x66\0\0\xba\x73\0\0\x09\x98\x04\0\x60\x27\0\0\x7c\x66\0\0\x5a\x76\0\0\x0b\xa8\
\x04\0\x68\x27\0\0\x7c\x66\0\0\x5a\x76\0\0\x11\xa8\x04\0\x70\x27\0\0\x7c\x66\0\
\0\x5a\x76\0\0\x22\xa8\x04\0\x78\x27\0\0\x7c\x66\0\0\x5a\x76\0\0\x29\xa8\x04\0\
\x80\x27\0\0\x7c\x66\0\0\x5a\x76\0\0\x09\xa8\x04\0\x90\x27\0\0\x7c\x66\0\0\x8f\
\x76\0\0\x09\xac\x04\0\xb8\x27\0\0\x7c\x66\0\0\xc3\x76\0\0\0\xcc\x07\0\xc0\x27\
\0\0\x7c\x66\0\0\xe5\x76\0\0\x0a\xf4\x07\0\xc8\x27\0\0\x7c\x66\0\0\xf3\x76\0\0\
\x22\xe0\x07\0\xf8\x27\0\0\x7c\x66\0\0\x1e\x77\0\0\x26\x0c\x08\0\0\x28\0\0\x7c\
\x66\0\0\x96\x68\0\0\x11\x14\x01\0\x08\x28\0\0\x7c\x66\0\0\xac\x68\0\0\x18\x20\
\x01\0\x10\x28\0\0\x7c\x66\0\0\xd0\x68\0\0\x1a\x24\x01\0\x18\x28\0\0\x7c\x66\0\
\0\xee\x68\0\0\x13\x18\x01\0\x20\x28\0\0\x7c\x66\0\0\x10\x69\0\0\x11\x1c\x01\0\
\x28\x28\0\0\x7c\x66\0\0\x26\x69\0\0\x09\x44\x01\0\x30\x28\0\0\x7c\x66\0\0\x26\
\x69\0\0\x11\x44\x01\0\x40\x28\0\0\x7c\x66\0\0\x44\x69\0\0\x09\x48\x01\0\x58\
\x28\0\0\x7c\x66\0\0\x62\x69\0\0\x1a\x4c\x01\0\x68\x28\0\0\x7c\x66\0\0\x93\x69\
\0\0\x09\x40\x01\0\x70\x28\0\0\x7c\x66\0\0\xa9\x69\0\0\x2c\x68\x01\0\x80\x28\0\
\0\x7c\x66\0\0\0\0\0\0\0\0\0\0\x90\x28\0\0\x7c\x66\0\0\xa9\x69\0\0\x09\x68\x01\
\0\xc0\x28\0\0\x7c\x66\0\0\xa9\x69\0\0\x09\x68\x01\0\xc8\x28\0\0\x7c\x66\0\0\
\xe1\x69\0\0\x09\x78\x01\0\xe0\x28\0\0\x7c\x66\0\0\xe1\x69\0\0\x09\x78\x01\0\
\xf0\x28\0\0\x7c\x66\0\0\xfc\x69\0\0\x1e\x7c\x01\0\0\x29\0\0\x7c\x66\0\0\x1e\
\x6a\0\0\x16\x90\x01\0\x18\x29\0\0\x7c\x66\0\0\x1e\x6a\0\0\x32\x90\x01\0\x20\
\x29\0\0\x7c\x66\0\0\x1e\x6a\0\0\x38\x90\x01\0\x40\x29\0\0\x7c\x66\0\0\x1e\x6a\
\0\0\x40\x90\x01\0\x70\x29\0\0\x7c\x66\0\0\x99\x6a\0\0\x09\xa4\x01\0\xc8\x29\0\
\0\x7c\x66\0\0\x5e\x77\0\0\x15\xa0\x01\0\xd0\x29\0\0\x7c\x66\0\0\x99\x6a\0\0\
\x09\xa4\x01\0\xd8\x29\0\0\x7c\x66\0\0\x69\x6a\0\0\x09\xa8\x01\0\x38\x2a\0\0\
\x7c\x66\0\0\xeb\x6a\0\0\x0d\xbc\x01\0\x48\x2a\0\0\x7c\x66\0\0\xeb\x6a\0\0\x10\
\xbc\x01\0\x68\x2a\0\0\x7c\x66\0\0\x28\x6b\0\0\x0d\xb8\x01\0\x70\x2a\0\0\x7c\
\x66\0\0\x47\x6b\0\0\x1a\xd0\x01\0\x78\x2a\0\0\x7c\x66\0\0\x47\x6b\0\0\x20\xd0\
\x01\0\x80\x2a\0\0\x7c\x66\0\0\x47\x6b\0\0\x28\xd0\x01\0\x88\x2a\0\0\x7c\x66\0\
\0\x47\x6b\0\0\x26\xd0\x01\0\x98\x2a\0\0\x7c\x66\0\0\x75\x6b\0\0\x0d\xd8\x01\0\
\xa0\x2a\0\0\x7c\x66\0\0\xc0\x6b\0\0\x09\xf4\x01\0\xe8\x2b\0\0\x7c\x66\0\0\x8f\
\x6b\0\0\x09\xf8\x01\0\x40\x2c\0\0\x7c\x66\0\0\xc0\x6b\0\0\x09\xf4\x01\0\xa8\
\x2c\0\0\x7c\x66\0\0\x8f\x6b\0\0\x09\xf8\x01\0\xb8\x2d\0\0\x7c\x66\0\0\x84\x77\
\0\0\x15\xf0\x01\0\xc0\x2d\0\0\x7c\x66\0\0\xc0\x6b\0\0\x09\xf4\x01\0\0\x2e\0\0\
\x7c\x66\0\0\x8f\x6b\0\0\x09\xf8\x01\0\x30\x2e\0\0\x7c\x66\0\0\xf0\x6b\0\0\x0f\
\xe8\x01\0\x40\x2e\0\0\x7c\x66\0\0\x05\x6c\0\0\x10\0\x02\0\x50\x2e\0\0\x7c\x66\
\0\0\x1b\x6c\0\0\x09\x0c\x02\0\x70\x2e\0\0\x7c\x66\0\0\x2f\x6c\0\0\x1d\x60\x02\
\0\x78\x2e\0\0\x7c\x66\0\0\x2f\x6c\0\0\x2f\x60\x02\0\x98\x2e\0\0\x7c\x66\0\0\0\
\0\0\0\0\0\0\0\xa8\x2e\0\0\x7c\x66\0\0\x6f\x6c\0\0\x14\x80\x02\0\xb0\x2e\0\0\
\x7c\x66\0\0\x8a\x6c\0\0\x11\x7c\x02\0\xc0\x2e\0\0\x7c\x66\0\0\x1b\x6c\0\0\x09\
\x0c\x02\0\xc8\x2e\0\0\x7c\x66\0\0\0\0\0\0\0\0\0\0\xd0\x2e\0\0\x7c\x66\0\0\x1b\
\x6c\0\0\x09\x0c\x02\0\xd8\x2e\0\0\x7c\x66\0\0\xa3\x6c\0\0\x0d\x8c\x02\0\xe0\
\x2e\0\0\x7c\x66\0\0\0\0\0\0\0\0\0\0\xf0\x2e\0\0\x7c\x66\0\0\xc6\x6c\0\0\x09\
\xb0\x02\0\x08\x2f\0\0\x7c\x66\0\0\xed\x6c\0\0\x10\xb4\x02\0\x18\x2f\0\0\x7c\
\x66\0\0\x11\x6d\0\0\x09\xb8\x02\0\x30\x2f\0\0\x7c\x66\0\0\x2e\x6d\0\0\x36\xcc\
\x02\0\x48\x2f\0\0\x7c\x66\0\0\x2e\x6d\0\0\x09\xcc\x02\0\x68\x2f\0\0\x7c\x66\0\
\0\x2e\x6d\0\0\x09\xcc\x02\0\x70\x2f\0\0\x7c\x66\0\0\x6d\x6d\0\0\x10\xdc\x02\0\
\x78\x2f\0\0\x7c\x66\0\0\x6d\x6d\0\0\x1e\xdc\x02\0\x88\x2f\0\0\x7c\x66\0\0\x8f\
\x6d\0\0\x09\xe8\x02\0\x90\x2f\0\0\x7c\x66\0\0\x8f\x6d\0\0\x10\xe8\x02\0\x98\
\x2f\0\0\x7c\x66\0\0\xbd\x6d\0\0\x09\xec\x02\0\xc8\x2f\0\0\x7c\x66\0\0\xde\x6d\
\0\0\x11\x20\x02\0\0\x30\0\0\x7c\x66\0\0\x09\x6e\0\0\x3d\x38\x02\0\x20\x30\0\0\
\x7c\x66\0\0\x09\x6e\0\0\x11\x38\x02\0\x50\x30\0\0\x7c\x66\0\0\x09\x6e\0\0\x11\
\x38\x02\0\x68\x30\0\0\x7c\x66\0\0\x4f\x6e\0\0\x11\x4c\x02\0\x88\x30\0\0\x7c\
\x66\0\0\x7e\x6e\0\0\x21\x58\x02\0\xa0\x30\0\0\x7c\x66\0\0\xab\x77\0\0\x13\x0c\
\x03\0\xa8\x30\0\0\x7c\x66\0\0\xcc\x77\0\0\x05\x10\x03\0\xb8\x30\0\0\x7c\x66\0\
\0\xf7\x77\0\0\x05\x14\x03\0\xc8\x30\0\0\x7c\x66\0\0\x26\x78\0\0\x05\x18\x03\0\
\xf0\x30\0\0\x7c\x66\0\0\xaf\x6e\0\0\x0c\x24\x03\0\xf8\x30\0\0\x7c\x66\0\0\x53\
\x78\0\0\x10\x14\x08\0\0\x31\0\0\x7c\x66\0\0\x53\x78\0\0\x09\x14\x08\0\x10\x31\
\0\0\x7c\x66\0\0\x9c\x78\0\0\x09\x24\x08\0\x38\x31\0\0\x7c\x66\0\0\xcf\x78\0\0\
\x13\x2c\x08\0\x40\x31\0\0\x7c\x66\0\0\xcf\x78\0\0\x19\x2c\x08\0\x48\x31\0\0\
\x7c\x66\0\0\xcf\x78\0\0\x09\x2c\x08\0\x58\x31\0\0\x7c\x66\0\0\xf4\x78\0\0\x0b\
\x3c\x08\0\x80\x31\0\0\x7c\x66\0\0\x2b\x79\0\0\x09\x40\x08\0\x90\x31\0\0\x7c\
\x66\0\0\x42\x79\0\0\x05\x50\x08\0\xa0\x33\0\0\x7c\x66\0\0\x6e\x79\0\0\x22\x58\
\x08\0\xb0\x33\0\0\x7c\x66\0\0\xad\x79\0\0\x11\x54\x03\0\xb8\x33\0\0\x7c\x66\0\
\0\xad\x79\0\0\x1d\x54\x03\0\xc0\x33\0\0\x7c\x66\0\0\xd9\x79\0\0\x05\x64\x03\0\
\xc8\x33\0\0\x7c\x66\0\0\0\x7a\0\0\x17\x6c\x03\0\xd8\x33\0\0\x7c\x66\0\0\xad\
\x79\0\0\x16\x54\x03\0\xe0\x33\0\0\x7c\x66\0\0\x6e\x79\0\0\x2c\x58\x08\0\xf0\
\x33\0\0\x7c\x66\0\0\x3a\x7a\0\0\x0c\x7c\x03\0\xf8\x33\0\0\x7c\x66\0\0\x6e\x79\
\0\0\x09\x58\x08\0\0\x34\0\0\x7c\x66\0\0\x7c\x7a\0\0\x11\x68\x08\0\x08\x34\0\0\
\x7c\x66\0\0\x7c\x7a\0\0\x0c\x68\x08\0\x18\x34\0\0\x7c\x66\0\0\x7c\x7a\0\0\x11\
\x68\x08\0\x20\x34\0\0\x7c\x66\0\0\xec\x67\0\0\x09\x78\x08\0\x40\x34\0\0\x7c\
\x66\0\0\x94\x7a\0\0\x09\x7c\x08\0\x50\x34\0\0\x7c\x66\0\0\xa9\x7a\0\0\x09\x94\
\x08\0\x70\x34\0\0\x7c\x66\0\0\xa9\x7a\0\0\x09\x94\x08\0\x78\x34\0\0\x7c\x66\0\
\0\xf8\x7a\0\0\x0c\xac\x08\0\x80\x34\0\0\x7c\x66\0\0\xf8\x7a\0\0\x16\xac\x08\0\
\x88\x34\0\0\x7c\x66\0\0\xf8\x7a\0\0\x1c\xac\x08\0\x90\x34\0\0\x7c\x66\0\0\xf8\
\x7a\0\0\x26\xac\x08\0\x98\x34\0\0\x7c\x66\0\0\xf8\x7a\0\0\x09\xac\x08\0\xa8\
\x34\0\0\x7c\x66\0\0\x27\x7b\0\0\x09\xb0\x08\0\xb0\x34\0\0\x7c\x66\0\0\xc1\x76\
\0\0\x01\x20\x09\0\xc0\x34\0\0\x7c\x66\0\0\x64\x7b\0\0\x11\xc4\x08\0\xd0\x34\0\
\0\x7c\x66\0\0\x7e\x7b\0\0\x12\xc0\x08\0\xe0\x34\0\0\x7c\x66\0\0\x64\x7b\0\0\
\x11\xc4\x08\0\xe8\x34\0\0\x7c\x66\0\0\xa1\x7b\0\0\x09\xcc\x08\0\x10\x35\0\0\
\x7c\x66\0\0\xa1\x7b\0\0\x09\xcc\x08\0\x20\x35\0\0\x7c\x66\0\0\x27\x7b\0\0\x09\
\xd0\x08\0\x48\x35\0\0\x7c\x66\0\0\x26\x73\0\0\x09\x68\x04\0\x60\x35\0\0\x7c\
\x66\0\0\x57\x73\0\0\x09\x6c\x04\0\x70\x35\0\0\x7c\x66\0\0\xec\x7b\0\0\x05\xe4\
\x08\0\x78\x35\0\0\x7c\x66\0\0\x26\x7c\0\0\x14\xf0\x08\0\x80\x35\0\0\x7c\x66\0\
\0\x26\x7c\0\0\x0d\xf0\x08\0\x88\x35\0\0\x7c\x66\0\0\x42\x7c\0\0\x2e\xf4\x08\0\
\x90\x35\0\0\x7c\x66\0\0\x42\x7c\0\0\x22\xf4\x08\0\xa0\x35\0\0\x7c\x66\0\0\xba\
\x73\0\0\x09\x98\x04\0\xc0\x35\0\0\x7c\x66\0\0\x5a\x76\0\0\x0b\xa8\x04\0\xc8\
\x35\0\0\x7c\x66\0\0\x5a\x76\0\0\x11\xa8\x04\0\xd0\x35\0\0\x7c\x66\0\0\x5a\x76\
\0\0\x22\xa8\x04\0\xd8\x35\0\0\x7c\x66\0\0\x5a\x76\0\0\x29\xa8\x04\0\xe0\x35\0\
\0\x7c\x66\0\0\x5a\x76\0\0\x09\xa8\x04\0\xe8\x35\0\0\x7c\x66\0\0\x8f\x76\0\0\
\x09\xac\x04\0\x08\x36\0\0\x7c\x66\0\0\x26\x7c\0\0\x14\xf0\x08\0\x10\x36\0\0\
\x7c\x66\0\0\x26\x7c\0\0\x0d\xf0\x08\0\x18\x36\0\0\x7c\x66\0\0\x42\x7c\0\0\x2e\
\xf4\x08\0\x20\x36\0\0\x7c\x66\0\0\x42\x7c\0\0\x22\xf4\x08\0\x28\x36\0\0\x7c\
\x66\0\0\xba\x73\0\0\x09\x98\x04\0\x48\x36\0\0\x7c\x66\0\0\x5a\x76\0\0\x0b\xa8\
\x04\0\x50\x36\0\0\x7c\x66\0\0\x5a\x76\0\0\x11\xa8\x04\0\x58\x36\0\0\x7c\x66\0\
\0\x5a\x76\0\0\x22\xa8\x04\0\x60\x36\0\0\x7c\x66\0\0\x5a\x76\0\0\x29\xa8\x04\0\
\x68\x36\0\0\x7c\x66\0\0\x5a\x76\0\0\x09\xa8\x04\0\x70\x36\0\0\x7c\x66\0\0\x8f\
\x76\0\0\x09\xac\x04\0\x98\x36\0\0\x7c\x66\0\0\0\0\0\0\0\0\0\0\xa0\x36\0\0\x7c\
\x66\0\0\x78\x7c\0\0\x05\x0c\x09\0\xd0\x36\0\0\x7c\x66\0\0\0\0\0\0\0\0\0\0\xd8\
\x36\0\0\x7c\x66\0\0\x26\x73\0\0\x09\x68\x04\0\xf0\x36\0\0\x7c\x66\0\0\x57\x73\
\0\0\x09\x6c\x04\0\0\x37\0\0\x7c\x66\0\0\x64\x73\0\0\x09\x70\x04\0\x10\0\0\0\
\x24\x7d\0\0\x1b\0\0\0\x90\0\0\0\x35\0\0\0\xa8\x7c\0\0\0\0\0\0\x98\0\0\0\x3b\0\
\0\0\xac\x7c\0\0\0\0\0\0\xa8\0\0\0\x35\0\0\0\xb0\x7c\0\0\0\0\0\0\xb0\0\0\0\xcd\
\0\0\0\xb0\x7c\0\0\0\0\0\0\xc0\0\0\0\x2c\x02\0\0\xb4\x7c\0\0\0\0\0\0\xd8\0\0\0\
\x2c\x02\0\0\xba\x7c\0\0\0\0\0\0\x40\x01\0\0\x35\0\0\0\xb0\x7c\0\0\0\0\0\0\x48\
\x01\0\0\xcd\0\0\0\xc3\x7c\0\0\0\0\0\0\x50\x01\0\0\xcd\0\0\0\xc8\x7c\0\0\0\0\0\
\0\x58\x01\0\0\xcd\0\0\0\xcd\x7c\0\0\0\0\0\0\x60\x01\0\0\xcd\0\0\0\xd1\x7c\0\0\
\0\0\0\0\x68\x01\0\0\xcd\0\0\0\xdb\x7c\0\0\0\0\0\0\xc0\x0b\0\0\x2c\x02\0\0\xe0\
\x7c\0\0\0\0\0\0\xf8\x0b\0\0\x2c\x02\0\0\xea\x7c\0\0\0\0\0\0\x58\x0c\0\0\x2c\
\x02\0\0\xf4\x7c\0\0\0\0\0\0\x90\x0c\0\0\x2c\x02\0\0\xfb\x7c\0\0\0\0\0\0\xc8\
\x0c\0\0\x2c\x02\0\0\x02\x7d\0\0\0\0\0\0\x10\x0d\0\0\x2c\x02\0\0\x0c\x7d\0\0\0\
\0\0\0\xf8\x27\0\0\x35\0\0\0\xb0\x7c\0\0\0\0\0\0\0\x28\0\0\xcd\0\0\0\xc3\x7c\0\
\0\0\0\0\0\x08\x28\0\0\xcd\0\0\0\xc8\x7c\0\0\0\0\0\0\x10\x28\0\0\xcd\0\0\0\xcd\
\x7c\0\0\0\0\0\0\x18\x28\0\0\xcd\0\0\0\xd1\x7c\0\0\0\0\0\0\x20\x28\0\0\xcd\0\0\
\0\xdb\x7c\0\0\0\0\0\0\xa8\x33\0\0\x35\0\0\0\xb0\x7c\0\0\0\0\0\0\xb0\x33\0\0\
\xcd\0\0\0\xc3\x7c\0\0\0\0\0\0\xb8\x33\0\0\xcd\0\0\0\xd1\x7c\0\0\0\0\0\0\0\0\0\
\0\0\0\0\0\0\0\0\0\0\0\0\0\0\0\0\0\0\0\0\0\0\0\0\0\0\0\0\0\0\0\0\0\0\0\0\0\0\0\
\0\0\0\0\0\0\0\0\0\0\0\0\0\0\0\0\0\0\0\0\0\0\0\0\0\0\x01\0\0\0\x03\0\0\0\x20\0\
\0\0\0\0\0\0\0\0\0\0\0\0\0\0\x40\0\0\0\0\0\0\0\x7e\x02\0\0\0\0\0\0\0\0\0\0\0\0\
\0\0\x01\0\0\0\0\0\0\0\0\0\0\0\0\0\0\0\x09\0\0\0\x02\0\0\0\0\0\0\0\0\0\0\0\0\0\
\0\0\0\0\0\0\xc0\x02\0\0\0\0\0\0\x48\x06\0\0\0\0\0\0\x01\0\0\0\0\0\0\0\x08\0\0\
\0\0\0\0\0\x18\0\0\0\0\0\0\0\x11\0\0\0\x01\0\0\0\x06\0\0\0\0\0\0\0\0\0\0\0\0\0\
\0\0\x08\x09\0\0\0\0\0\0\x10\x37\0\0\0\0\0\0\0\0\0\0\0\0\0\0\x08\0\0\0\0\0\0\0\
\0\0\0\0\0\0\0\0\x1b\0\0\0\x01\0\0\0\x03\0\0\0\0\0\0\0\0\0\0\0\0\0\0\0\x18\x40\
\0\0\0\0\0\0\xa8\0\0\0\0\0\0\0\0\0\0\0\0\0\0\0\x08\0\0\0\0\0\0\0\0\0\0\0\0\0\0\
\0\x21\0\0\0\x01\0\0\0\x03\0\0\0\0\0\0\0\0\0\0\0\0\0\0\0\xc0\x40\0\0\0\0\0\0\
\x04\0\0\0\0\0\0\0\0\0\0\0\0\0\0\0\x01\0\0\0\0\0\0\0\0\0\0\0\0\0\0\0\x62\x02\0\
\0\x09\0\0\0\x40\0\0\0\0\0\0\0\0\0\0\0\0\0\0\0\xc8\x40\0\0\0\0\0\0\xe0\x01\0\0\
\0\0\0\0\x02\0\0\0\x03\0\0\0\x08\0\0\0\0\0\0\0\x10\0\0\0\0\0\0\0\x70\x02\0\0\
\x01\0\0\0\0\0\0\0\0\0\0\0\0\0\0\0\0\0\0\0\xa8\x42\0\0\0\0\0\0\xca\x04\x01\0\0\
\0\0\0\0\0\0\0\0\0\0\0\x08\0\0\0\0\0\0\0\0\0\0\0\0\0\0\0\x75\x02\0\0\x01\0\0\0\
\0\0\0\0\0\0\0\0\0\0\0\0\0\0\0\0\x78\x47\x01\0\0\0\0\0\xe4\x19\0\0\0\0\0\0\0\0\
\0\0\0\0\0\0\x08\0\0\0\0\0\0\0\0\0\0\0\0\0\0\0";

	*sz = sizeof(data) - 1;
	return (const void *)data;
}

#ifdef __cplusplus
struct ngx_ebpf *ngx_ebpf::open(const struct bpf_object_open_opts *opts) { return ngx_ebpf__open_opts(opts); }
struct ngx_ebpf *ngx_ebpf::open_and_load() { return ngx_ebpf__open_and_load(); }
int ngx_ebpf::load(struct ngx_ebpf *skel) { return ngx_ebpf__load(skel); }
int ngx_ebpf::attach(struct ngx_ebpf *skel) { return ngx_ebpf__attach(skel); }
void ngx_ebpf::detach(struct ngx_ebpf *skel) { ngx_ebpf__detach(skel); }
void ngx_ebpf::destroy(struct ngx_ebpf *skel) { ngx_ebpf__destroy(skel); }
const void *ngx_ebpf::elf_bytes(size_t *sz) { return ngx_ebpf__elf_bytes(sz); }
#endif /* __cplusplus */

__attribute__((unused)) static void
ngx_ebpf__assert(struct ngx_ebpf *s __attribute__((unused)))
{
#ifdef __cplusplus
#define _Static_assert static_assert
#endif
#ifdef __cplusplus
#undef _Static_assert
#endif
}

#endif /* __NGX_EBPF_SKEL_H__ */
